winston:create-logger: Define prototype method for "error"
winston:create-logger: Define prototype method for "warn"
winston:create-logger: Define prototype method for "info"
winston:create-logger: Define prototype method for "http"
winston:create-logger: Define prototype method for "verbose"
winston:create-logger: Define prototype method for "debug"
winston:create-logger: Define prototype method for "silly"
winston:create-logger: Define prototype method for "error"
winston:create-logger: Define prototype method for "warn"
winston:create-logger: Define prototype method for "info"
winston:create-logger: Define prototype method for "http"
winston:create-logger: Define prototype method for "verbose"
winston:create-logger: Define prototype method for "debug"
winston:create-logger: Define prototype method for "silly"
2026-06-08T20:38:42.608Z portfinder:defaultHosts exports._defaultHosts is: [ '0.0.0.0', '127.0.0.1', '::1', 'fe80::1', 'fe80::fc6e:72df:5bb0:9cfc', 'fe80::f63d:381d:a635:7f7a', 'fe80::5dc8:ed15:ea7a:f01e', 'fe80::ce81:b1c:bd2c:69e', 'fe80::440:5994:4280:24c7', '2800:484:7c7a:d300:18ab:3ba2:5409:a886', '2800:484:7c7a:d300:3979:c611:bc96:afa8', '192.168.20.21', '2800:484:7c7a:d300:a036:7183:b1fe:1242', 'fe80::9cbb:76ff:febe:7a2c', 'fe80::9cbb:76ff:febe:7a2c', 'fe80::c37c:b990:bcef:1a1b', 'fe80::8eb1:913e:808d:65b1', 'fe80::e018:9614:93f:c476', 'fe80::ce81:b1c:bd2c:69e', null ]
winston:file: written true false
winston:file: written true false
winston:file: written true false
winston:file: written true false
winston:file: written true false
winston:file: written true false
winston:file: written true false
winston:file: written true false
winston:file: logged 106 [debug] [2026-06-08T20:38:42.858Z] ----------------------------------------------------------------------

winston:file: logged 260 [debug] [2026-06-08T20:38:42.859Z] Command:       /opt/homebrew/Cellar/node/24.10.0_1/bin/node /opt/homebrew/bin/firebase deploy --only functions --debug

winston:file: logged 317 [debug] [2026-06-08T20:38:42.859Z] CLI Version:   15.5.1

winston:file: logged 374 [debug] [2026-06-08T20:38:42.859Z] Platform:      darwin

winston:file: logged 433 [debug] [2026-06-08T20:38:42.860Z] Node Version:  v24.10.0

winston:file: logged 542 [debug] [2026-06-08T20:38:42.860Z] Time:          Mon Jun 08 2026 15:38:42 GMT-0500 (Colombia Standard Time)

winston:file: logged 648 [debug] [2026-06-08T20:38:42.860Z] ----------------------------------------------------------------------

winston:file: logged 657 [debug] 

winston:file: written true false
[2026-06-08T20:38:43.959Z] > command requires scopes: ["email","openid","https://www.googleapis.com/auth/cloudplatformprojects.readonly","https://www.googleapis.com/auth/firebase","https://www.googleapis.com/auth/cloud-platform"]
winston:file: written true false
[2026-06-08T20:38:43.959Z] > authorizing via signed-in user (palmaappco@gmail.com)
winston:file: written true false
[2026-06-08T20:38:43.959Z] [iam] checking project mi-catalogo-de61a for permissions ["cloudfunctions.functions.create","cloudfunctions.functions.delete","cloudfunctions.functions.get","cloudfunctions.functions.list","cloudfunctions.functions.update","cloudfunctions.operations.get","firebase.projects.get"]
winston:file: written true false
[2026-06-08T20:38:43.960Z] Checked if tokens are valid: true, expires at: 1780953737220
winston:file: written true false
[2026-06-08T20:38:43.960Z] Checked if tokens are valid: true, expires at: 1780953737220
winston:file: written true false
[2026-06-08T20:38:43.960Z] >>> [apiv2][query] POST https://cloudresourcemanager.googleapis.com/v1/projects/mi-catalogo-de61a:testIamPermissions [none]
winston:file: written true false
[2026-06-08T20:38:43.960Z] >>> [apiv2][(partial)header] POST https://cloudresourcemanager.googleapis.com/v1/projects/mi-catalogo-de61a:testIamPermissions  x-goog-user-project=mi-catalogo-de61a
winston:file: written true false
[2026-06-08T20:38:43.960Z] >>> [apiv2][body] POST https://cloudresourcemanager.googleapis.com/v1/projects/mi-catalogo-de61a:testIamPermissions {"permissions":["cloudfunctions.functions.create","cloudfunctions.functions.delete","cloudfunctions.functions.get","cloudfunctions.functions.list","cloudfunctions.functions.update","cloudfunctions.operations.get","firebase.projects.get"]}
winston:file: logged 895 [debug] [2026-06-08T20:38:43.959Z] > command requires scopes: ["email","openid","https://www.googleapis.com/auth/cloudplatformprojects.readonly","https://www.googleapis.com/auth/firebase","https://www.googleapis.com/auth/cloud-platform"]

winston:file: logged 986 [debug] [2026-06-08T20:38:43.959Z] > authorizing via signed-in user (palmaappco@gmail.com)

winston:file: logged 1301 [debug] [2026-06-08T20:38:43.959Z] [iam] checking project mi-catalogo-de61a for permissions ["cloudfunctions.functions.create","cloudfunctions.functions.delete","cloudfunctions.functions.get","cloudfunctions.functions.list","cloudfunctions.functions.update","cloudfunctions.operations.get","firebase.projects.get"]

winston:file: logged 1397 [debug] [2026-06-08T20:38:43.960Z] Checked if tokens are valid: true, expires at: 1780953737220

winston:file: logged 1493 [debug] [2026-06-08T20:38:43.960Z] Checked if tokens are valid: true, expires at: 1780953737220

winston:file: logged 1652 [debug] [2026-06-08T20:38:43.960Z] >>> [apiv2][query] POST https://cloudresourcemanager.googleapis.com/v1/projects/mi-catalogo-de61a:testIamPermissions [none]

winston:file: logged 1853 [debug] [2026-06-08T20:38:43.960Z] >>> [apiv2][(partial)header] POST https://cloudresourcemanager.googleapis.com/v1/projects/mi-catalogo-de61a:testIamPermissions  x-goog-user-project=mi-catalogo-de61a

winston:file: logged 2243 [debug] [2026-06-08T20:38:43.960Z] >>> [apiv2][body] POST https://cloudresourcemanager.googleapis.com/v1/projects/mi-catalogo-de61a:testIamPermissions {"permissions":["cloudfunctions.functions.create","cloudfunctions.functions.delete","cloudfunctions.functions.get","cloudfunctions.functions.list","cloudfunctions.functions.update","cloudfunctions.operations.get","firebase.projects.get"]}

winston:file: stat done: firebase-debug.log { size: 850967 }
winston:file: create stream start /Users/alejo/Documents/mi-catalogo/firebase-debug.log { flags: 'a' }
winston:file: create stream ok /Users/alejo/Documents/mi-catalogo/firebase-debug.log
winston:file: file open ok /Users/alejo/Documents/mi-catalogo/firebase-debug.log
winston:file: written true false
[2026-06-08T20:38:44.464Z] <<< [apiv2][status] POST https://cloudresourcemanager.googleapis.com/v1/projects/mi-catalogo-de61a:testIamPermissions 200
winston:file: written true false
[2026-06-08T20:38:44.465Z] <<< [apiv2][body] POST https://cloudresourcemanager.googleapis.com/v1/projects/mi-catalogo-de61a:testIamPermissions {"permissions":["cloudfunctions.functions.create","cloudfunctions.functions.delete","cloudfunctions.functions.get","cloudfunctions.functions.list","cloudfunctions.functions.update","cloudfunctions.operations.get","firebase.projects.get"]}
winston:file: written true false
[2026-06-08T20:38:44.466Z] Checked if tokens are valid: true, expires at: 1780953737220
winston:file: written true false
[2026-06-08T20:38:44.466Z] Checked if tokens are valid: true, expires at: 1780953737220
winston:file: written true false
[2026-06-08T20:38:44.466Z] >>> [apiv2][query] POST https://iam.googleapis.com/v1/projects/mi-catalogo-de61a/serviceAccounts/mi-catalogo-de61a@appspot.gserviceaccount.com:testIamPermissions [none]
winston:file: written true false
[2026-06-08T20:38:44.466Z] >>> [apiv2][body] POST https://iam.googleapis.com/v1/projects/mi-catalogo-de61a/serviceAccounts/mi-catalogo-de61a@appspot.gserviceaccount.com:testIamPermissions {"permissions":["iam.serviceAccounts.actAs"]}
winston:file: logged 851124 [debug] [2026-06-08T20:38:44.464Z] <<< [apiv2][status] POST https://cloudresourcemanager.googleapis.com/v1/projects/mi-catalogo-de61a:testIamPermissions 200

winston:file: logged 851514 [debug] [2026-06-08T20:38:44.465Z] <<< [apiv2][body] POST https://cloudresourcemanager.googleapis.com/v1/projects/mi-catalogo-de61a:testIamPermissions {"permissions":["cloudfunctions.functions.create","cloudfunctions.functions.delete","cloudfunctions.functions.get","cloudfunctions.functions.list","cloudfunctions.functions.update","cloudfunctions.operations.get","firebase.projects.get"]}

winston:file: logged 851610 [debug] [2026-06-08T20:38:44.466Z] Checked if tokens are valid: true, expires at: 1780953737220

winston:file: logged 851706 [debug] [2026-06-08T20:38:44.466Z] Checked if tokens are valid: true, expires at: 1780953737220

winston:file: logged 851910 [debug] [2026-06-08T20:38:44.466Z] >>> [apiv2][query] POST https://iam.googleapis.com/v1/projects/mi-catalogo-de61a/serviceAccounts/mi-catalogo-de61a@appspot.gserviceaccount.com:testIamPermissions [none]

winston:file: logged 852152 [debug] [2026-06-08T20:38:44.466Z] >>> [apiv2][body] POST https://iam.googleapis.com/v1/projects/mi-catalogo-de61a/serviceAccounts/mi-catalogo-de61a@appspot.gserviceaccount.com:testIamPermissions {"permissions":["iam.serviceAccounts.actAs"]}

winston:file: written true false
[2026-06-08T20:38:44.990Z] <<< [apiv2][status] POST https://iam.googleapis.com/v1/projects/mi-catalogo-de61a/serviceAccounts/mi-catalogo-de61a@appspot.gserviceaccount.com:testIamPermissions 200
winston:file: written true false
[2026-06-08T20:38:44.990Z] <<< [apiv2][body] POST https://iam.googleapis.com/v1/projects/mi-catalogo-de61a/serviceAccounts/mi-catalogo-de61a@appspot.gserviceaccount.com:testIamPermissions {"permissions":["iam.serviceAccounts.actAs"]}
winston:file: written true false

winston:file: written true false
=== Deploying to 'mi-catalogo-de61a'...
winston:file: written true false

winston:file: written true false
i  deploying functions 
winston:file: written true false
Running command: node scripts/ensure-functions-lib.cjs
winston:file: logged 852354 [debug] [2026-06-08T20:38:44.990Z] <<< [apiv2][status] POST https://iam.googleapis.com/v1/projects/mi-catalogo-de61a/serviceAccounts/mi-catalogo-de61a@appspot.gserviceaccount.com:testIamPermissions 200

winston:file: logged 852596 [debug] [2026-06-08T20:38:44.990Z] <<< [apiv2][body] POST https://iam.googleapis.com/v1/projects/mi-catalogo-de61a/serviceAccounts/mi-catalogo-de61a@appspot.gserviceaccount.com:testIamPermissions {"permissions":["iam.serviceAccounts.actAs"]}

winston:file: logged 852604 [info] 

winston:file: logged 852651 [info] === Deploying to 'mi-catalogo-de61a'...

winston:file: logged 852659 [info] 

winston:file: logged 852690 [info] i  deploying functions 

winston:file: logged 852752 [info] Running command: node scripts/ensure-functions-lib.cjs

winston:file: written true false
Running command: npm --prefix "$RESOURCE_DIR" run build
winston:file: logged 852815 [info] Running command: npm --prefix "$RESOURCE_DIR" run build


> build
> tsc

winston:file: written true false
✔  functions: Finished running predeploy script. 
winston:file: written true false
[2026-06-08T20:38:46.993Z] Checked if tokens are valid: true, expires at: 1780953737220
winston:file: written true false
[2026-06-08T20:38:46.993Z] Checked if tokens are valid: true, expires at: 1780953737220
winston:file: written true false
[2026-06-08T20:38:46.993Z] >>> [apiv2][query] GET https://cloudresourcemanager.googleapis.com/v1/projects/mi-catalogo-de61a [none]
winston:file: logged 852874 [info] ✔  functions: Finished running predeploy script. 

winston:file: logged 852970 [debug] [2026-06-08T20:38:46.993Z] Checked if tokens are valid: true, expires at: 1780953737220

winston:file: logged 853066 [debug] [2026-06-08T20:38:46.993Z] Checked if tokens are valid: true, expires at: 1780953737220

winston:file: logged 853205 [debug] [2026-06-08T20:38:46.993Z] >>> [apiv2][query] GET https://cloudresourcemanager.googleapis.com/v1/projects/mi-catalogo-de61a [none]

winston:file: written true false
[2026-06-08T20:38:47.149Z] <<< [apiv2][status] GET https://cloudresourcemanager.googleapis.com/v1/projects/mi-catalogo-de61a 200
winston:file: written true false
[2026-06-08T20:38:47.149Z] <<< [apiv2][body] GET https://cloudresourcemanager.googleapis.com/v1/projects/mi-catalogo-de61a {"projectNumber":"126482806042","projectId":"mi-catalogo-de61a","lifecycleState":"ACTIVE","name":"Mi Catalogo","labels":{"firebase":"enabled","firebase-core":"disabled"},"createTime":"2026-03-28T15:59:48.230Z"}
winston:file: written true false
i  functions: preparing codebase default for deployment 
winston:file: written true false
i  functions: ensuring required API cloudfunctions.googleapis.com is enabled... 
winston:file: written true false
i  functions: ensuring required API cloudbuild.googleapis.com is enabled... 
winston:file: written true false
i  artifactregistry: ensuring required API artifactregistry.googleapis.com is enabled... 
winston:file: written true false
[2026-06-08T20:38:47.151Z] Checked if tokens are valid: true, expires at: 1780953737220
winston:file: written true false
[2026-06-08T20:38:47.151Z] Checked if tokens are valid: true, expires at: 1780953737220
winston:file: written true false
[2026-06-08T20:38:47.151Z] >>> [apiv2][query] GET https://firebase.googleapis.com/v1beta1/projects/mi-catalogo-de61a/adminSdkConfig [none]
winston:file: logged 853342 [debug] [2026-06-08T20:38:47.149Z] <<< [apiv2][status] GET https://cloudresourcemanager.googleapis.com/v1/projects/mi-catalogo-de61a 200

winston:file: logged 853684 [debug] [2026-06-08T20:38:47.149Z] <<< [apiv2][body] GET https://cloudresourcemanager.googleapis.com/v1/projects/mi-catalogo-de61a {"projectNumber":"126482806042","projectId":"mi-catalogo-de61a","lifecycleState":"ACTIVE","name":"Mi Catalogo","labels":{"firebase":"enabled","firebase-core":"disabled"},"createTime":"2026-03-28T15:59:48.230Z"}

winston:file: logged 853748 [info] i  functions: preparing codebase default for deployment 

winston:file: logged 853836 [info] i  functions: ensuring required API cloudfunctions.googleapis.com is enabled... 

winston:file: logged 853920 [info] i  functions: ensuring required API cloudbuild.googleapis.com is enabled... 

winston:file: logged 854017 [info] i  artifactregistry: ensuring required API artifactregistry.googleapis.com is enabled... 

winston:file: logged 854113 [debug] [2026-06-08T20:38:47.151Z] Checked if tokens are valid: true, expires at: 1780953737220

winston:file: logged 854209 [debug] [2026-06-08T20:38:47.151Z] Checked if tokens are valid: true, expires at: 1780953737220

winston:file: logged 854356 [debug] [2026-06-08T20:38:47.151Z] >>> [apiv2][query] GET https://firebase.googleapis.com/v1beta1/projects/mi-catalogo-de61a/adminSdkConfig [none]

winston:file: written true false
[2026-06-08T20:38:47.585Z] <<< [apiv2][status] GET https://firebase.googleapis.com/v1beta1/projects/mi-catalogo-de61a/adminSdkConfig 200
winston:file: written true false
[2026-06-08T20:38:47.586Z] <<< [apiv2][body] GET https://firebase.googleapis.com/v1beta1/projects/mi-catalogo-de61a/adminSdkConfig {"projectId":"mi-catalogo-de61a","storageBucket":"mi-catalogo-de61a.firebasestorage.app"}
winston:file: written true false
[2026-06-08T20:38:47.586Z] Checked if tokens are valid: true, expires at: 1780953737220
winston:file: written true false
[2026-06-08T20:38:47.586Z] Checked if tokens are valid: true, expires at: 1780953737220
winston:file: written true false
[2026-06-08T20:38:47.586Z] >>> [apiv2][query] GET https://runtimeconfig.googleapis.com/v1beta1/projects/mi-catalogo-de61a/configs [none]
winston:file: logged 854501 [debug] [2026-06-08T20:38:47.585Z] <<< [apiv2][status] GET https://firebase.googleapis.com/v1beta1/projects/mi-catalogo-de61a/adminSdkConfig 200

winston:file: logged 854730 [debug] [2026-06-08T20:38:47.586Z] <<< [apiv2][body] GET https://firebase.googleapis.com/v1beta1/projects/mi-catalogo-de61a/adminSdkConfig {"projectId":"mi-catalogo-de61a","storageBucket":"mi-catalogo-de61a.firebasestorage.app"}

winston:file: logged 854826 [debug] [2026-06-08T20:38:47.586Z] Checked if tokens are valid: true, expires at: 1780953737220

winston:file: logged 854922 [debug] [2026-06-08T20:38:47.586Z] Checked if tokens are valid: true, expires at: 1780953737220

winston:file: logged 855067 [debug] [2026-06-08T20:38:47.586Z] >>> [apiv2][query] GET https://runtimeconfig.googleapis.com/v1beta1/projects/mi-catalogo-de61a/configs [none]

winston:file: written true false
[2026-06-08T20:38:47.919Z] <<< [apiv2][status] GET https://runtimeconfig.googleapis.com/v1beta1/projects/mi-catalogo-de61a/configs 200
winston:file: written true false
[2026-06-08T20:38:47.919Z] <<< [apiv2][body] GET https://runtimeconfig.googleapis.com/v1beta1/projects/mi-catalogo-de61a/configs {}
winston:file: logged 855210 [debug] [2026-06-08T20:38:47.919Z] <<< [apiv2][status] GET https://runtimeconfig.googleapis.com/v1beta1/projects/mi-catalogo-de61a/configs 200

winston:file: logged 855350 [debug] [2026-06-08T20:38:47.919Z] <<< [apiv2][body] GET https://runtimeconfig.googleapis.com/v1beta1/projects/mi-catalogo-de61a/configs {}

winston:file: written true false
[2026-06-08T20:38:47.920Z] Validating nodejs source
winston:file: written true false
⚠  functions: package.json indicates an outdated version of firebase-functions. Please upgrade using npm install --save firebase-functions@latest in your functions directory. 
winston:file: written true false
[2026-06-08T20:38:48.684Z] > [functions] package.json contents: {
  "name": "mi-catalogo-functions",
  "private": true,
  "type": "module",
  "engines": {
    "node": "22"
  },
  "main": "lib/index.js",
  "scripts": {
    "build": "tsc",
    "lint": "echo \"no lint\""
  },
  "dependencies": {
    "express": "^5.2.1",
    "firebase-admin": "^13.6.0",
    "firebase-functions": "^7.0.0",
    "resend": "^4.8.0"
  },
  "devDependencies": {
    "@types/express": "^5.0.6",
    "typescript": "^5.9.3"
  }
}
winston:file: written true false
[2026-06-08T20:38:48.684Z] Building nodejs source
winston:file: written true false
i  functions: Loading and analyzing source code for codebase default to determine what to deploy 
winston:file: logged 855410 [debug] [2026-06-08T20:38:47.920Z] Validating nodejs source

winston:file: logged 855595 [warn] ⚠  functions: package.json indicates an outdated version of firebase-functions. Please upgrade using npm install --save firebase-functions@latest in your functions directory. 

winston:file: logged 856107 [debug] [2026-06-08T20:38:48.684Z] > [functions] package.json contents: {
  "name": "mi-catalogo-functions",
  "private": true,
  "type": "module",
  "engines": {
    "node": "22"
  },
  "main": "lib/index.js",
  "scripts": {
    "build": "tsc",
    "lint": "echo \"no lint\""
  },
  "dependencies": {
    "express": "^5.2.1",
    "firebase-admin": "^13.6.0",
    "firebase-functions": "^7.0.0",
    "resend": "^4.8.0"
  },
  "devDependencies": {
    "@types/express": "^5.0.6",
    "typescript": "^5.9.3"
  }
}

winston:file: logged 856165 [debug] [2026-06-08T20:38:48.684Z] Building nodejs source

winston:file: logged 856270 [info] i  functions: Loading and analyzing source code for codebase default to determine what to deploy 

winston:file: written true false
[2026-06-08T20:38:48.685Z] Could not find functions.yaml. Must use http discovery
2026-06-08T20:38:48.685Z portfinder:getPort in eachSeries() iteration callback: host is 0.0.0.0
2026-06-08T20:38:48.685Z portfinder:testPort entered testPort(): trying 0.0.0.0 port 8313
winston:file: logged 856360 [debug] [2026-06-08T20:38:48.685Z] Could not find functions.yaml. Must use http discovery

2026-06-08T20:38:48.686Z portfinder:testPort done w/ testPort(): OK 0.0.0.0 port 8313
2026-06-08T20:38:48.686Z portfinder:testPort done w/ testPort(): Server closed 0.0.0.0 port 8313
2026-06-08T20:38:48.686Z portfinder:getPort in eachSeries() iteration callback testPort() callback with a success for port 8313
2026-06-08T20:38:48.686Z portfinder:getPort in eachSeries() iteration callback: host is 127.0.0.1
2026-06-08T20:38:48.686Z portfinder:testPort entered testPort(): trying 127.0.0.1 port 8313
2026-06-08T20:38:48.686Z portfinder:testPort done w/ testPort(): OK 127.0.0.1 port 8313
2026-06-08T20:38:48.687Z portfinder:testPort done w/ testPort(): Server closed 127.0.0.1 port 8313
2026-06-08T20:38:48.687Z portfinder:getPort in eachSeries() iteration callback testPort() callback with a success for port 8313
2026-06-08T20:38:48.687Z portfinder:getPort in eachSeries() iteration callback: host is ::1
2026-06-08T20:38:48.687Z portfinder:testPort entered testPort(): trying ::1 port 8313
2026-06-08T20:38:48.687Z portfinder:testPort done w/ testPort(): OK ::1 port 8313
2026-06-08T20:38:48.687Z portfinder:testPort done w/ testPort(): Server closed ::1 port 8313
2026-06-08T20:38:48.687Z portfinder:getPort in eachSeries() iteration callback testPort() callback with a success for port 8313
2026-06-08T20:38:48.687Z portfinder:getPort in eachSeries() iteration callback: host is fe80::1
2026-06-08T20:38:48.687Z portfinder:testPort entered testPort(): trying fe80::1 port 8313
2026-06-08T20:38:48.687Z portfinder:testPort done w/ testPort(): failed fe80::1 w/ port 8313 with error EADDRNOTAVAIL
2026-06-08T20:38:48.687Z portfinder:getPort in eachSeries() iteration callback testPort() callback with an err: EADDRNOTAVAIL
2026-06-08T20:38:48.687Z portfinder:getPort in eachSeries() result callback: err is Error: listen EADDRNOTAVAIL: address not available fe80::1:8313
    at Server.setupListenHandle [as _listen2] (node:net:1918:21)
    at listenInCluster (node:net:1997:12)
    at node:net:2206:7
    at process.processTicksAndRejections (node:internal/process/task_queues:90:21) {
  code: 'EADDRNOTAVAIL',
  errno: -49,
  syscall: 'listen',
  address: 'fe80::1',
  port: 8313
}
2026-06-08T20:38:48.687Z portfinder:getPort in eachSeries() iteration callback: host is 0.0.0.0
2026-06-08T20:38:48.687Z portfinder:testPort entered testPort(): trying 0.0.0.0 port 8313
2026-06-08T20:38:48.687Z portfinder:testPort done w/ testPort(): OK 0.0.0.0 port 8313
2026-06-08T20:38:48.687Z portfinder:testPort done w/ testPort(): Server closed 0.0.0.0 port 8313
2026-06-08T20:38:48.687Z portfinder:getPort in eachSeries() iteration callback testPort() callback with a success for port 8313
2026-06-08T20:38:48.687Z portfinder:getPort in eachSeries() iteration callback: host is 127.0.0.1
2026-06-08T20:38:48.687Z portfinder:testPort entered testPort(): trying 127.0.0.1 port 8313
2026-06-08T20:38:48.687Z portfinder:testPort done w/ testPort(): OK 127.0.0.1 port 8313
2026-06-08T20:38:48.687Z portfinder:testPort done w/ testPort(): Server closed 127.0.0.1 port 8313
2026-06-08T20:38:48.687Z portfinder:getPort in eachSeries() iteration callback testPort() callback with a success for port 8313
2026-06-08T20:38:48.687Z portfinder:getPort in eachSeries() iteration callback: host is ::1
2026-06-08T20:38:48.687Z portfinder:testPort entered testPort(): trying ::1 port 8313
2026-06-08T20:38:48.687Z portfinder:testPort done w/ testPort(): OK ::1 port 8313
2026-06-08T20:38:48.687Z portfinder:testPort done w/ testPort(): Server closed ::1 port 8313
2026-06-08T20:38:48.687Z portfinder:getPort in eachSeries() iteration callback testPort() callback with a success for port 8313
2026-06-08T20:38:48.687Z portfinder:getPort in eachSeries() iteration callback: host is fe80::fc6e:72df:5bb0:9cfc
2026-06-08T20:38:48.688Z portfinder:testPort entered testPort(): trying fe80::fc6e:72df:5bb0:9cfc port 8313
2026-06-08T20:38:48.688Z portfinder:testPort done w/ testPort(): failed fe80::fc6e:72df:5bb0:9cfc w/ port 8313 with error EADDRNOTAVAIL
2026-06-08T20:38:48.688Z portfinder:getPort in eachSeries() iteration callback testPort() callback with an err: EADDRNOTAVAIL
2026-06-08T20:38:48.688Z portfinder:getPort in eachSeries() result callback: err is Error: listen EADDRNOTAVAIL: address not available fe80::fc6e:72df:5bb0:9cfc:8313
    at Server.setupListenHandle [as _listen2] (node:net:1918:21)
    at listenInCluster (node:net:1997:12)
    at node:net:2206:7
    at process.processTicksAndRejections (node:internal/process/task_queues:90:21) {
  code: 'EADDRNOTAVAIL',
  errno: -49,
  syscall: 'listen',
  address: 'fe80::fc6e:72df:5bb0:9cfc',
  port: 8313
}
2026-06-08T20:38:48.688Z portfinder:getPort in eachSeries() iteration callback: host is 0.0.0.0
2026-06-08T20:38:48.688Z portfinder:testPort entered testPort(): trying 0.0.0.0 port 8313
2026-06-08T20:38:48.688Z portfinder:testPort done w/ testPort(): OK 0.0.0.0 port 8313
2026-06-08T20:38:48.688Z portfinder:testPort done w/ testPort(): Server closed 0.0.0.0 port 8313
2026-06-08T20:38:48.688Z portfinder:getPort in eachSeries() iteration callback testPort() callback with a success for port 8313
2026-06-08T20:38:48.688Z portfinder:getPort in eachSeries() iteration callback: host is 127.0.0.1
2026-06-08T20:38:48.688Z portfinder:testPort entered testPort(): trying 127.0.0.1 port 8313
2026-06-08T20:38:48.688Z portfinder:testPort done w/ testPort(): OK 127.0.0.1 port 8313
2026-06-08T20:38:48.688Z portfinder:testPort done w/ testPort(): Server closed 127.0.0.1 port 8313
2026-06-08T20:38:48.688Z portfinder:getPort in eachSeries() iteration callback testPort() callback with a success for port 8313
2026-06-08T20:38:48.688Z portfinder:getPort in eachSeries() iteration callback: host is ::1
2026-06-08T20:38:48.688Z portfinder:testPort entered testPort(): trying ::1 port 8313
2026-06-08T20:38:48.688Z portfinder:testPort done w/ testPort(): OK ::1 port 8313
2026-06-08T20:38:48.688Z portfinder:testPort done w/ testPort(): Server closed ::1 port 8313
2026-06-08T20:38:48.688Z portfinder:getPort in eachSeries() iteration callback testPort() callback with a success for port 8313
2026-06-08T20:38:48.688Z portfinder:getPort in eachSeries() iteration callback: host is fe80::f63d:381d:a635:7f7a
2026-06-08T20:38:48.688Z portfinder:testPort entered testPort(): trying fe80::f63d:381d:a635:7f7a port 8313
2026-06-08T20:38:48.688Z portfinder:testPort done w/ testPort(): failed fe80::f63d:381d:a635:7f7a w/ port 8313 with error EADDRNOTAVAIL
2026-06-08T20:38:48.688Z portfinder:getPort in eachSeries() iteration callback testPort() callback with an err: EADDRNOTAVAIL
2026-06-08T20:38:48.688Z portfinder:getPort in eachSeries() result callback: err is Error: listen EADDRNOTAVAIL: address not available fe80::f63d:381d:a635:7f7a:8313
    at Server.setupListenHandle [as _listen2] (node:net:1918:21)
    at listenInCluster (node:net:1997:12)
    at node:net:2206:7
    at process.processTicksAndRejections (node:internal/process/task_queues:90:21) {
  code: 'EADDRNOTAVAIL',
  errno: -49,
  syscall: 'listen',
  address: 'fe80::f63d:381d:a635:7f7a',
  port: 8313
}
2026-06-08T20:38:48.688Z portfinder:getPort in eachSeries() iteration callback: host is 0.0.0.0
2026-06-08T20:38:48.688Z portfinder:testPort entered testPort(): trying 0.0.0.0 port 8313
2026-06-08T20:38:48.688Z portfinder:testPort done w/ testPort(): OK 0.0.0.0 port 8313
2026-06-08T20:38:48.688Z portfinder:testPort done w/ testPort(): Server closed 0.0.0.0 port 8313
2026-06-08T20:38:48.688Z portfinder:getPort in eachSeries() iteration callback testPort() callback with a success for port 8313
2026-06-08T20:38:48.688Z portfinder:getPort in eachSeries() iteration callback: host is 127.0.0.1
2026-06-08T20:38:48.688Z portfinder:testPort entered testPort(): trying 127.0.0.1 port 8313
2026-06-08T20:38:48.689Z portfinder:testPort done w/ testPort(): OK 127.0.0.1 port 8313
2026-06-08T20:38:48.689Z portfinder:testPort done w/ testPort(): Server closed 127.0.0.1 port 8313
2026-06-08T20:38:48.689Z portfinder:getPort in eachSeries() iteration callback testPort() callback with a success for port 8313
2026-06-08T20:38:48.689Z portfinder:getPort in eachSeries() iteration callback: host is ::1
2026-06-08T20:38:48.689Z portfinder:testPort entered testPort(): trying ::1 port 8313
2026-06-08T20:38:48.689Z portfinder:testPort done w/ testPort(): OK ::1 port 8313
2026-06-08T20:38:48.689Z portfinder:testPort done w/ testPort(): Server closed ::1 port 8313
2026-06-08T20:38:48.689Z portfinder:getPort in eachSeries() iteration callback testPort() callback with a success for port 8313
2026-06-08T20:38:48.689Z portfinder:getPort in eachSeries() iteration callback: host is fe80::5dc8:ed15:ea7a:f01e
2026-06-08T20:38:48.689Z portfinder:testPort entered testPort(): trying fe80::5dc8:ed15:ea7a:f01e port 8313
2026-06-08T20:38:48.689Z portfinder:testPort done w/ testPort(): failed fe80::5dc8:ed15:ea7a:f01e w/ port 8313 with error EADDRNOTAVAIL
2026-06-08T20:38:48.689Z portfinder:getPort in eachSeries() iteration callback testPort() callback with an err: EADDRNOTAVAIL
2026-06-08T20:38:48.689Z portfinder:getPort in eachSeries() result callback: err is Error: listen EADDRNOTAVAIL: address not available fe80::5dc8:ed15:ea7a:f01e:8313
    at Server.setupListenHandle [as _listen2] (node:net:1918:21)
    at listenInCluster (node:net:1997:12)
    at node:net:2206:7
    at process.processTicksAndRejections (node:internal/process/task_queues:90:21) {
  code: 'EADDRNOTAVAIL',
  errno: -49,
  syscall: 'listen',
  address: 'fe80::5dc8:ed15:ea7a:f01e',
  port: 8313
}
2026-06-08T20:38:48.689Z portfinder:getPort in eachSeries() iteration callback: host is 0.0.0.0
2026-06-08T20:38:48.689Z portfinder:testPort entered testPort(): trying 0.0.0.0 port 8313
2026-06-08T20:38:48.689Z portfinder:testPort done w/ testPort(): OK 0.0.0.0 port 8313
2026-06-08T20:38:48.689Z portfinder:testPort done w/ testPort(): Server closed 0.0.0.0 port 8313
2026-06-08T20:38:48.689Z portfinder:getPort in eachSeries() iteration callback testPort() callback with a success for port 8313
2026-06-08T20:38:48.689Z portfinder:getPort in eachSeries() iteration callback: host is 127.0.0.1
2026-06-08T20:38:48.689Z portfinder:testPort entered testPort(): trying 127.0.0.1 port 8313
2026-06-08T20:38:48.689Z portfinder:testPort done w/ testPort(): OK 127.0.0.1 port 8313
2026-06-08T20:38:48.689Z portfinder:testPort done w/ testPort(): Server closed 127.0.0.1 port 8313
2026-06-08T20:38:48.689Z portfinder:getPort in eachSeries() iteration callback testPort() callback with a success for port 8313
2026-06-08T20:38:48.689Z portfinder:getPort in eachSeries() iteration callback: host is ::1
2026-06-08T20:38:48.689Z portfinder:testPort entered testPort(): trying ::1 port 8313
2026-06-08T20:38:48.689Z portfinder:testPort done w/ testPort(): OK ::1 port 8313
2026-06-08T20:38:48.689Z portfinder:testPort done w/ testPort(): Server closed ::1 port 8313
2026-06-08T20:38:48.689Z portfinder:getPort in eachSeries() iteration callback testPort() callback with a success for port 8313
2026-06-08T20:38:48.689Z portfinder:getPort in eachSeries() iteration callback: host is fe80::ce81:b1c:bd2c:69e
2026-06-08T20:38:48.689Z portfinder:testPort entered testPort(): trying fe80::ce81:b1c:bd2c:69e port 8313
2026-06-08T20:38:48.689Z portfinder:testPort done w/ testPort(): failed fe80::ce81:b1c:bd2c:69e w/ port 8313 with error EADDRNOTAVAIL
2026-06-08T20:38:48.689Z portfinder:getPort in eachSeries() iteration callback testPort() callback with an err: EADDRNOTAVAIL
2026-06-08T20:38:48.689Z portfinder:getPort in eachSeries() result callback: err is Error: listen EADDRNOTAVAIL: address not available fe80::ce81:b1c:bd2c:69e:8313
    at Server.setupListenHandle [as _listen2] (node:net:1918:21)
    at listenInCluster (node:net:1997:12)
    at node:net:2206:7
    at process.processTicksAndRejections (node:internal/process/task_queues:90:21) {
  code: 'EADDRNOTAVAIL',
  errno: -49,
  syscall: 'listen',
  address: 'fe80::ce81:b1c:bd2c:69e',
  port: 8313
}
2026-06-08T20:38:48.689Z portfinder:getPort in eachSeries() iteration callback: host is 0.0.0.0
2026-06-08T20:38:48.689Z portfinder:testPort entered testPort(): trying 0.0.0.0 port 8313
2026-06-08T20:38:48.689Z portfinder:testPort done w/ testPort(): OK 0.0.0.0 port 8313
2026-06-08T20:38:48.689Z portfinder:testPort done w/ testPort(): Server closed 0.0.0.0 port 8313
2026-06-08T20:38:48.689Z portfinder:getPort in eachSeries() iteration callback testPort() callback with a success for port 8313
2026-06-08T20:38:48.689Z portfinder:getPort in eachSeries() iteration callback: host is 127.0.0.1
2026-06-08T20:38:48.689Z portfinder:testPort entered testPort(): trying 127.0.0.1 port 8313
2026-06-08T20:38:48.689Z portfinder:testPort done w/ testPort(): OK 127.0.0.1 port 8313
2026-06-08T20:38:48.689Z portfinder:testPort done w/ testPort(): Server closed 127.0.0.1 port 8313
2026-06-08T20:38:48.689Z portfinder:getPort in eachSeries() iteration callback testPort() callback with a success for port 8313
2026-06-08T20:38:48.689Z portfinder:getPort in eachSeries() iteration callback: host is ::1
2026-06-08T20:38:48.689Z portfinder:testPort entered testPort(): trying ::1 port 8313
2026-06-08T20:38:48.689Z portfinder:testPort done w/ testPort(): OK ::1 port 8313
2026-06-08T20:38:48.689Z portfinder:testPort done w/ testPort(): Server closed ::1 port 8313
2026-06-08T20:38:48.689Z portfinder:getPort in eachSeries() iteration callback testPort() callback with a success for port 8313
2026-06-08T20:38:48.689Z portfinder:getPort in eachSeries() iteration callback: host is fe80::440:5994:4280:24c7
2026-06-08T20:38:48.689Z portfinder:testPort entered testPort(): trying fe80::440:5994:4280:24c7 port 8313
2026-06-08T20:38:48.689Z portfinder:testPort done w/ testPort(): failed fe80::440:5994:4280:24c7 w/ port 8313 with error EADDRNOTAVAIL
2026-06-08T20:38:48.689Z portfinder:getPort in eachSeries() iteration callback testPort() callback with an err: EADDRNOTAVAIL
2026-06-08T20:38:48.689Z portfinder:getPort in eachSeries() result callback: err is Error: listen EADDRNOTAVAIL: address not available fe80::440:5994:4280:24c7:8313
    at Server.setupListenHandle [as _listen2] (node:net:1918:21)
    at listenInCluster (node:net:1997:12)
    at node:net:2206:7
    at process.processTicksAndRejections (node:internal/process/task_queues:90:21) {
  code: 'EADDRNOTAVAIL',
  errno: -49,
  syscall: 'listen',
  address: 'fe80::440:5994:4280:24c7',
  port: 8313
}
2026-06-08T20:38:48.690Z portfinder:getPort in eachSeries() iteration callback: host is 0.0.0.0
2026-06-08T20:38:48.690Z portfinder:testPort entered testPort(): trying 0.0.0.0 port 8313
2026-06-08T20:38:48.690Z portfinder:testPort done w/ testPort(): OK 0.0.0.0 port 8313
2026-06-08T20:38:48.690Z portfinder:testPort done w/ testPort(): Server closed 0.0.0.0 port 8313
2026-06-08T20:38:48.690Z portfinder:getPort in eachSeries() iteration callback testPort() callback with a success for port 8313
2026-06-08T20:38:48.690Z portfinder:getPort in eachSeries() iteration callback: host is 127.0.0.1
2026-06-08T20:38:48.690Z portfinder:testPort entered testPort(): trying 127.0.0.1 port 8313
2026-06-08T20:38:48.690Z portfinder:testPort done w/ testPort(): OK 127.0.0.1 port 8313
2026-06-08T20:38:48.690Z portfinder:testPort done w/ testPort(): Server closed 127.0.0.1 port 8313
2026-06-08T20:38:48.690Z portfinder:getPort in eachSeries() iteration callback testPort() callback with a success for port 8313
2026-06-08T20:38:48.690Z portfinder:getPort in eachSeries() iteration callback: host is ::1
2026-06-08T20:38:48.690Z portfinder:testPort entered testPort(): trying ::1 port 8313
2026-06-08T20:38:48.690Z portfinder:testPort done w/ testPort(): OK ::1 port 8313
2026-06-08T20:38:48.690Z portfinder:testPort done w/ testPort(): Server closed ::1 port 8313
2026-06-08T20:38:48.690Z portfinder:getPort in eachSeries() iteration callback testPort() callback with a success for port 8313
2026-06-08T20:38:48.690Z portfinder:getPort in eachSeries() iteration callback: host is 2800:484:7c7a:d300:18ab:3ba2:5409:a886
2026-06-08T20:38:48.690Z portfinder:testPort entered testPort(): trying 2800:484:7c7a:d300:18ab:3ba2:5409:a886 port 8313
2026-06-08T20:38:48.690Z portfinder:testPort done w/ testPort(): OK 2800:484:7c7a:d300:18ab:3ba2:5409:a886 port 8313
2026-06-08T20:38:48.690Z portfinder:testPort done w/ testPort(): Server closed 2800:484:7c7a:d300:18ab:3ba2:5409:a886 port 8313
2026-06-08T20:38:48.690Z portfinder:getPort in eachSeries() iteration callback testPort() callback with a success for port 8313
2026-06-08T20:38:48.690Z portfinder:getPort in eachSeries() iteration callback: host is 2800:484:7c7a:d300:3979:c611:bc96:afa8
2026-06-08T20:38:48.690Z portfinder:testPort entered testPort(): trying 2800:484:7c7a:d300:3979:c611:bc96:afa8 port 8313
2026-06-08T20:38:48.690Z portfinder:testPort done w/ testPort(): OK 2800:484:7c7a:d300:3979:c611:bc96:afa8 port 8313
2026-06-08T20:38:48.690Z portfinder:testPort done w/ testPort(): Server closed 2800:484:7c7a:d300:3979:c611:bc96:afa8 port 8313
2026-06-08T20:38:48.690Z portfinder:getPort in eachSeries() iteration callback testPort() callback with a success for port 8313
2026-06-08T20:38:48.690Z portfinder:getPort in eachSeries() iteration callback: host is 192.168.20.21
2026-06-08T20:38:48.690Z portfinder:testPort entered testPort(): trying 192.168.20.21 port 8313
2026-06-08T20:38:48.690Z portfinder:testPort done w/ testPort(): OK 192.168.20.21 port 8313
2026-06-08T20:38:48.690Z portfinder:testPort done w/ testPort(): Server closed 192.168.20.21 port 8313
2026-06-08T20:38:48.690Z portfinder:getPort in eachSeries() iteration callback testPort() callback with a success for port 8313
2026-06-08T20:38:48.690Z portfinder:getPort in eachSeries() iteration callback: host is 2800:484:7c7a:d300:a036:7183:b1fe:1242
2026-06-08T20:38:48.690Z portfinder:testPort entered testPort(): trying 2800:484:7c7a:d300:a036:7183:b1fe:1242 port 8313
2026-06-08T20:38:48.690Z portfinder:testPort done w/ testPort(): OK 2800:484:7c7a:d300:a036:7183:b1fe:1242 port 8313
2026-06-08T20:38:48.690Z portfinder:testPort done w/ testPort(): Server closed 2800:484:7c7a:d300:a036:7183:b1fe:1242 port 8313
2026-06-08T20:38:48.690Z portfinder:getPort in eachSeries() iteration callback testPort() callback with a success for port 8313
2026-06-08T20:38:48.690Z portfinder:getPort in eachSeries() iteration callback: host is fe80::9cbb:76ff:febe:7a2c
2026-06-08T20:38:48.690Z portfinder:testPort entered testPort(): trying fe80::9cbb:76ff:febe:7a2c port 8313
2026-06-08T20:38:48.690Z portfinder:testPort done w/ testPort(): failed fe80::9cbb:76ff:febe:7a2c w/ port 8313 with error EADDRNOTAVAIL
2026-06-08T20:38:48.690Z portfinder:getPort in eachSeries() iteration callback testPort() callback with an err: EADDRNOTAVAIL
2026-06-08T20:38:48.690Z portfinder:getPort in eachSeries() result callback: err is Error: listen EADDRNOTAVAIL: address not available fe80::9cbb:76ff:febe:7a2c:8313
    at Server.setupListenHandle [as _listen2] (node:net:1918:21)
    at listenInCluster (node:net:1997:12)
    at node:net:2206:7
    at process.processTicksAndRejections (node:internal/process/task_queues:90:21) {
  code: 'EADDRNOTAVAIL',
  errno: -49,
  syscall: 'listen',
  address: 'fe80::9cbb:76ff:febe:7a2c',
  port: 8313
}
2026-06-08T20:38:48.690Z portfinder:getPort in eachSeries() iteration callback: host is 0.0.0.0
2026-06-08T20:38:48.690Z portfinder:testPort entered testPort(): trying 0.0.0.0 port 8313
2026-06-08T20:38:48.690Z portfinder:testPort done w/ testPort(): OK 0.0.0.0 port 8313
2026-06-08T20:38:48.690Z portfinder:testPort done w/ testPort(): Server closed 0.0.0.0 port 8313
2026-06-08T20:38:48.690Z portfinder:getPort in eachSeries() iteration callback testPort() callback with a success for port 8313
2026-06-08T20:38:48.690Z portfinder:getPort in eachSeries() iteration callback: host is 127.0.0.1
2026-06-08T20:38:48.690Z portfinder:testPort entered testPort(): trying 127.0.0.1 port 8313
2026-06-08T20:38:48.690Z portfinder:testPort done w/ testPort(): OK 127.0.0.1 port 8313
2026-06-08T20:38:48.690Z portfinder:testPort done w/ testPort(): Server closed 127.0.0.1 port 8313
2026-06-08T20:38:48.691Z portfinder:getPort in eachSeries() iteration callback testPort() callback with a success for port 8313
2026-06-08T20:38:48.691Z portfinder:getPort in eachSeries() iteration callback: host is ::1
2026-06-08T20:38:48.691Z portfinder:testPort entered testPort(): trying ::1 port 8313
2026-06-08T20:38:48.691Z portfinder:testPort done w/ testPort(): OK ::1 port 8313
2026-06-08T20:38:48.691Z portfinder:testPort done w/ testPort(): Server closed ::1 port 8313
2026-06-08T20:38:48.691Z portfinder:getPort in eachSeries() iteration callback testPort() callback with a success for port 8313
2026-06-08T20:38:48.691Z portfinder:getPort in eachSeries() iteration callback: host is 2800:484:7c7a:d300:18ab:3ba2:5409:a886
2026-06-08T20:38:48.691Z portfinder:testPort entered testPort(): trying 2800:484:7c7a:d300:18ab:3ba2:5409:a886 port 8313
2026-06-08T20:38:48.691Z portfinder:testPort done w/ testPort(): OK 2800:484:7c7a:d300:18ab:3ba2:5409:a886 port 8313
2026-06-08T20:38:48.691Z portfinder:testPort done w/ testPort(): Server closed 2800:484:7c7a:d300:18ab:3ba2:5409:a886 port 8313
2026-06-08T20:38:48.691Z portfinder:getPort in eachSeries() iteration callback testPort() callback with a success for port 8313
2026-06-08T20:38:48.691Z portfinder:getPort in eachSeries() iteration callback: host is 2800:484:7c7a:d300:3979:c611:bc96:afa8
2026-06-08T20:38:48.691Z portfinder:testPort entered testPort(): trying 2800:484:7c7a:d300:3979:c611:bc96:afa8 port 8313
2026-06-08T20:38:48.691Z portfinder:testPort done w/ testPort(): OK 2800:484:7c7a:d300:3979:c611:bc96:afa8 port 8313
2026-06-08T20:38:48.691Z portfinder:testPort done w/ testPort(): Server closed 2800:484:7c7a:d300:3979:c611:bc96:afa8 port 8313
2026-06-08T20:38:48.691Z portfinder:getPort in eachSeries() iteration callback testPort() callback with a success for port 8313
2026-06-08T20:38:48.691Z portfinder:getPort in eachSeries() iteration callback: host is 192.168.20.21
2026-06-08T20:38:48.691Z portfinder:testPort entered testPort(): trying 192.168.20.21 port 8313
2026-06-08T20:38:48.691Z portfinder:testPort done w/ testPort(): OK 192.168.20.21 port 8313
2026-06-08T20:38:48.691Z portfinder:testPort done w/ testPort(): Server closed 192.168.20.21 port 8313
2026-06-08T20:38:48.691Z portfinder:getPort in eachSeries() iteration callback testPort() callback with a success for port 8313
2026-06-08T20:38:48.691Z portfinder:getPort in eachSeries() iteration callback: host is 2800:484:7c7a:d300:a036:7183:b1fe:1242
2026-06-08T20:38:48.691Z portfinder:testPort entered testPort(): trying 2800:484:7c7a:d300:a036:7183:b1fe:1242 port 8313
2026-06-08T20:38:48.691Z portfinder:testPort done w/ testPort(): OK 2800:484:7c7a:d300:a036:7183:b1fe:1242 port 8313
2026-06-08T20:38:48.691Z portfinder:testPort done w/ testPort(): Server closed 2800:484:7c7a:d300:a036:7183:b1fe:1242 port 8313
2026-06-08T20:38:48.691Z portfinder:getPort in eachSeries() iteration callback testPort() callback with a success for port 8313
2026-06-08T20:38:48.691Z portfinder:getPort in eachSeries() iteration callback: host is fe80::9cbb:76ff:febe:7a2c
2026-06-08T20:38:48.691Z portfinder:testPort entered testPort(): trying fe80::9cbb:76ff:febe:7a2c port 8313
2026-06-08T20:38:48.691Z portfinder:testPort done w/ testPort(): failed fe80::9cbb:76ff:febe:7a2c w/ port 8313 with error EADDRNOTAVAIL
2026-06-08T20:38:48.691Z portfinder:getPort in eachSeries() iteration callback testPort() callback with an err: EADDRNOTAVAIL
2026-06-08T20:38:48.691Z portfinder:getPort in eachSeries() result callback: err is Error: listen EADDRNOTAVAIL: address not available fe80::9cbb:76ff:febe:7a2c:8313
    at Server.setupListenHandle [as _listen2] (node:net:1918:21)
    at listenInCluster (node:net:1997:12)
    at node:net:2206:7
    at process.processTicksAndRejections (node:internal/process/task_queues:90:21) {
  code: 'EADDRNOTAVAIL',
  errno: -49,
  syscall: 'listen',
  address: 'fe80::9cbb:76ff:febe:7a2c',
  port: 8313
}
2026-06-08T20:38:48.691Z portfinder:getPort in eachSeries() iteration callback: host is 0.0.0.0
2026-06-08T20:38:48.691Z portfinder:testPort entered testPort(): trying 0.0.0.0 port 8313
2026-06-08T20:38:48.691Z portfinder:testPort done w/ testPort(): OK 0.0.0.0 port 8313
2026-06-08T20:38:48.691Z portfinder:testPort done w/ testPort(): Server closed 0.0.0.0 port 8313
2026-06-08T20:38:48.691Z portfinder:getPort in eachSeries() iteration callback testPort() callback with a success for port 8313
2026-06-08T20:38:48.691Z portfinder:getPort in eachSeries() iteration callback: host is 127.0.0.1
2026-06-08T20:38:48.691Z portfinder:testPort entered testPort(): trying 127.0.0.1 port 8313
2026-06-08T20:38:48.691Z portfinder:testPort done w/ testPort(): OK 127.0.0.1 port 8313
2026-06-08T20:38:48.691Z portfinder:testPort done w/ testPort(): Server closed 127.0.0.1 port 8313
2026-06-08T20:38:48.691Z portfinder:getPort in eachSeries() iteration callback testPort() callback with a success for port 8313
2026-06-08T20:38:48.691Z portfinder:getPort in eachSeries() iteration callback: host is ::1
2026-06-08T20:38:48.691Z portfinder:testPort entered testPort(): trying ::1 port 8313
2026-06-08T20:38:48.691Z portfinder:testPort done w/ testPort(): OK ::1 port 8313
2026-06-08T20:38:48.691Z portfinder:testPort done w/ testPort(): Server closed ::1 port 8313
2026-06-08T20:38:48.691Z portfinder:getPort in eachSeries() iteration callback testPort() callback with a success for port 8313
2026-06-08T20:38:48.691Z portfinder:getPort in eachSeries() iteration callback: host is 2800:484:7c7a:d300:18ab:3ba2:5409:a886
2026-06-08T20:38:48.691Z portfinder:testPort entered testPort(): trying 2800:484:7c7a:d300:18ab:3ba2:5409:a886 port 8313
2026-06-08T20:38:48.692Z portfinder:testPort done w/ testPort(): OK 2800:484:7c7a:d300:18ab:3ba2:5409:a886 port 8313
2026-06-08T20:38:48.692Z portfinder:testPort done w/ testPort(): Server closed 2800:484:7c7a:d300:18ab:3ba2:5409:a886 port 8313
2026-06-08T20:38:48.692Z portfinder:getPort in eachSeries() iteration callback testPort() callback with a success for port 8313
2026-06-08T20:38:48.692Z portfinder:getPort in eachSeries() iteration callback: host is 2800:484:7c7a:d300:3979:c611:bc96:afa8
2026-06-08T20:38:48.692Z portfinder:testPort entered testPort(): trying 2800:484:7c7a:d300:3979:c611:bc96:afa8 port 8313
2026-06-08T20:38:48.692Z portfinder:testPort done w/ testPort(): OK 2800:484:7c7a:d300:3979:c611:bc96:afa8 port 8313
2026-06-08T20:38:48.692Z portfinder:testPort done w/ testPort(): Server closed 2800:484:7c7a:d300:3979:c611:bc96:afa8 port 8313
2026-06-08T20:38:48.692Z portfinder:getPort in eachSeries() iteration callback testPort() callback with a success for port 8313
2026-06-08T20:38:48.692Z portfinder:getPort in eachSeries() iteration callback: host is 192.168.20.21
2026-06-08T20:38:48.692Z portfinder:testPort entered testPort(): trying 192.168.20.21 port 8313
2026-06-08T20:38:48.692Z portfinder:testPort done w/ testPort(): OK 192.168.20.21 port 8313
2026-06-08T20:38:48.692Z portfinder:testPort done w/ testPort(): Server closed 192.168.20.21 port 8313
2026-06-08T20:38:48.692Z portfinder:getPort in eachSeries() iteration callback testPort() callback with a success for port 8313
2026-06-08T20:38:48.692Z portfinder:getPort in eachSeries() iteration callback: host is 2800:484:7c7a:d300:a036:7183:b1fe:1242
2026-06-08T20:38:48.692Z portfinder:testPort entered testPort(): trying 2800:484:7c7a:d300:a036:7183:b1fe:1242 port 8313
2026-06-08T20:38:48.692Z portfinder:testPort done w/ testPort(): OK 2800:484:7c7a:d300:a036:7183:b1fe:1242 port 8313
2026-06-08T20:38:48.692Z portfinder:testPort done w/ testPort(): Server closed 2800:484:7c7a:d300:a036:7183:b1fe:1242 port 8313
2026-06-08T20:38:48.692Z portfinder:getPort in eachSeries() iteration callback testPort() callback with a success for port 8313
2026-06-08T20:38:48.692Z portfinder:getPort in eachSeries() iteration callback: host is fe80::c37c:b990:bcef:1a1b
2026-06-08T20:38:48.692Z portfinder:testPort entered testPort(): trying fe80::c37c:b990:bcef:1a1b port 8313
2026-06-08T20:38:48.692Z portfinder:testPort done w/ testPort(): failed fe80::c37c:b990:bcef:1a1b w/ port 8313 with error EADDRNOTAVAIL
2026-06-08T20:38:48.692Z portfinder:getPort in eachSeries() iteration callback testPort() callback with an err: EADDRNOTAVAIL
2026-06-08T20:38:48.692Z portfinder:getPort in eachSeries() result callback: err is Error: listen EADDRNOTAVAIL: address not available fe80::c37c:b990:bcef:1a1b:8313
    at Server.setupListenHandle [as _listen2] (node:net:1918:21)
    at listenInCluster (node:net:1997:12)
    at node:net:2206:7
    at process.processTicksAndRejections (node:internal/process/task_queues:90:21) {
  code: 'EADDRNOTAVAIL',
  errno: -49,
  syscall: 'listen',
  address: 'fe80::c37c:b990:bcef:1a1b',
  port: 8313
}
2026-06-08T20:38:48.692Z portfinder:getPort in eachSeries() iteration callback: host is 0.0.0.0
2026-06-08T20:38:48.692Z portfinder:testPort entered testPort(): trying 0.0.0.0 port 8313
2026-06-08T20:38:48.692Z portfinder:testPort done w/ testPort(): OK 0.0.0.0 port 8313
2026-06-08T20:38:48.692Z portfinder:testPort done w/ testPort(): Server closed 0.0.0.0 port 8313
2026-06-08T20:38:48.692Z portfinder:getPort in eachSeries() iteration callback testPort() callback with a success for port 8313
2026-06-08T20:38:48.692Z portfinder:getPort in eachSeries() iteration callback: host is 127.0.0.1
2026-06-08T20:38:48.692Z portfinder:testPort entered testPort(): trying 127.0.0.1 port 8313
2026-06-08T20:38:48.692Z portfinder:testPort done w/ testPort(): OK 127.0.0.1 port 8313
2026-06-08T20:38:48.692Z portfinder:testPort done w/ testPort(): Server closed 127.0.0.1 port 8313
2026-06-08T20:38:48.692Z portfinder:getPort in eachSeries() iteration callback testPort() callback with a success for port 8313
2026-06-08T20:38:48.692Z portfinder:getPort in eachSeries() iteration callback: host is ::1
2026-06-08T20:38:48.692Z portfinder:testPort entered testPort(): trying ::1 port 8313
2026-06-08T20:38:48.692Z portfinder:testPort done w/ testPort(): OK ::1 port 8313
2026-06-08T20:38:48.692Z portfinder:testPort done w/ testPort(): Server closed ::1 port 8313
2026-06-08T20:38:48.692Z portfinder:getPort in eachSeries() iteration callback testPort() callback with a success for port 8313
2026-06-08T20:38:48.692Z portfinder:getPort in eachSeries() iteration callback: host is 2800:484:7c7a:d300:18ab:3ba2:5409:a886
2026-06-08T20:38:48.692Z portfinder:testPort entered testPort(): trying 2800:484:7c7a:d300:18ab:3ba2:5409:a886 port 8313
2026-06-08T20:38:48.693Z portfinder:testPort done w/ testPort(): OK 2800:484:7c7a:d300:18ab:3ba2:5409:a886 port 8313
2026-06-08T20:38:48.693Z portfinder:testPort done w/ testPort(): Server closed 2800:484:7c7a:d300:18ab:3ba2:5409:a886 port 8313
2026-06-08T20:38:48.693Z portfinder:getPort in eachSeries() iteration callback testPort() callback with a success for port 8313
2026-06-08T20:38:48.693Z portfinder:getPort in eachSeries() iteration callback: host is 2800:484:7c7a:d300:3979:c611:bc96:afa8
2026-06-08T20:38:48.693Z portfinder:testPort entered testPort(): trying 2800:484:7c7a:d300:3979:c611:bc96:afa8 port 8313
2026-06-08T20:38:48.693Z portfinder:testPort done w/ testPort(): OK 2800:484:7c7a:d300:3979:c611:bc96:afa8 port 8313
2026-06-08T20:38:48.693Z portfinder:testPort done w/ testPort(): Server closed 2800:484:7c7a:d300:3979:c611:bc96:afa8 port 8313
2026-06-08T20:38:48.693Z portfinder:getPort in eachSeries() iteration callback testPort() callback with a success for port 8313
2026-06-08T20:38:48.693Z portfinder:getPort in eachSeries() iteration callback: host is 192.168.20.21
2026-06-08T20:38:48.693Z portfinder:testPort entered testPort(): trying 192.168.20.21 port 8313
2026-06-08T20:38:48.693Z portfinder:testPort done w/ testPort(): OK 192.168.20.21 port 8313
2026-06-08T20:38:48.693Z portfinder:testPort done w/ testPort(): Server closed 192.168.20.21 port 8313
2026-06-08T20:38:48.693Z portfinder:getPort in eachSeries() iteration callback testPort() callback with a success for port 8313
2026-06-08T20:38:48.693Z portfinder:getPort in eachSeries() iteration callback: host is 2800:484:7c7a:d300:a036:7183:b1fe:1242
2026-06-08T20:38:48.693Z portfinder:testPort entered testPort(): trying 2800:484:7c7a:d300:a036:7183:b1fe:1242 port 8313
2026-06-08T20:38:48.693Z portfinder:testPort done w/ testPort(): OK 2800:484:7c7a:d300:a036:7183:b1fe:1242 port 8313
2026-06-08T20:38:48.693Z portfinder:testPort done w/ testPort(): Server closed 2800:484:7c7a:d300:a036:7183:b1fe:1242 port 8313
2026-06-08T20:38:48.693Z portfinder:getPort in eachSeries() iteration callback testPort() callback with a success for port 8313
2026-06-08T20:38:48.693Z portfinder:getPort in eachSeries() iteration callback: host is fe80::8eb1:913e:808d:65b1
2026-06-08T20:38:48.693Z portfinder:testPort entered testPort(): trying fe80::8eb1:913e:808d:65b1 port 8313
2026-06-08T20:38:48.693Z portfinder:testPort done w/ testPort(): failed fe80::8eb1:913e:808d:65b1 w/ port 8313 with error EADDRNOTAVAIL
2026-06-08T20:38:48.693Z portfinder:getPort in eachSeries() iteration callback testPort() callback with an err: EADDRNOTAVAIL
2026-06-08T20:38:48.693Z portfinder:getPort in eachSeries() result callback: err is Error: listen EADDRNOTAVAIL: address not available fe80::8eb1:913e:808d:65b1:8313
    at Server.setupListenHandle [as _listen2] (node:net:1918:21)
    at listenInCluster (node:net:1997:12)
    at node:net:2206:7
    at process.processTicksAndRejections (node:internal/process/task_queues:90:21) {
  code: 'EADDRNOTAVAIL',
  errno: -49,
  syscall: 'listen',
  address: 'fe80::8eb1:913e:808d:65b1',
  port: 8313
}
2026-06-08T20:38:48.693Z portfinder:getPort in eachSeries() iteration callback: host is 0.0.0.0
2026-06-08T20:38:48.693Z portfinder:testPort entered testPort(): trying 0.0.0.0 port 8313
2026-06-08T20:38:48.693Z portfinder:testPort done w/ testPort(): OK 0.0.0.0 port 8313
2026-06-08T20:38:48.693Z portfinder:testPort done w/ testPort(): Server closed 0.0.0.0 port 8313
2026-06-08T20:38:48.693Z portfinder:getPort in eachSeries() iteration callback testPort() callback with a success for port 8313
2026-06-08T20:38:48.693Z portfinder:getPort in eachSeries() iteration callback: host is 127.0.0.1
2026-06-08T20:38:48.693Z portfinder:testPort entered testPort(): trying 127.0.0.1 port 8313
2026-06-08T20:38:48.693Z portfinder:testPort done w/ testPort(): OK 127.0.0.1 port 8313
2026-06-08T20:38:48.693Z portfinder:testPort done w/ testPort(): Server closed 127.0.0.1 port 8313
2026-06-08T20:38:48.693Z portfinder:getPort in eachSeries() iteration callback testPort() callback with a success for port 8313
2026-06-08T20:38:48.693Z portfinder:getPort in eachSeries() iteration callback: host is ::1
2026-06-08T20:38:48.693Z portfinder:testPort entered testPort(): trying ::1 port 8313
2026-06-08T20:38:48.693Z portfinder:testPort done w/ testPort(): OK ::1 port 8313
2026-06-08T20:38:48.693Z portfinder:testPort done w/ testPort(): Server closed ::1 port 8313
2026-06-08T20:38:48.693Z portfinder:getPort in eachSeries() iteration callback testPort() callback with a success for port 8313
2026-06-08T20:38:48.693Z portfinder:getPort in eachSeries() iteration callback: host is 2800:484:7c7a:d300:18ab:3ba2:5409:a886
2026-06-08T20:38:48.693Z portfinder:testPort entered testPort(): trying 2800:484:7c7a:d300:18ab:3ba2:5409:a886 port 8313
2026-06-08T20:38:48.693Z portfinder:testPort done w/ testPort(): OK 2800:484:7c7a:d300:18ab:3ba2:5409:a886 port 8313
2026-06-08T20:38:48.693Z portfinder:testPort done w/ testPort(): Server closed 2800:484:7c7a:d300:18ab:3ba2:5409:a886 port 8313
2026-06-08T20:38:48.693Z portfinder:getPort in eachSeries() iteration callback testPort() callback with a success for port 8313
2026-06-08T20:38:48.693Z portfinder:getPort in eachSeries() iteration callback: host is 2800:484:7c7a:d300:3979:c611:bc96:afa8
2026-06-08T20:38:48.693Z portfinder:testPort entered testPort(): trying 2800:484:7c7a:d300:3979:c611:bc96:afa8 port 8313
2026-06-08T20:38:48.693Z portfinder:testPort done w/ testPort(): OK 2800:484:7c7a:d300:3979:c611:bc96:afa8 port 8313
2026-06-08T20:38:48.693Z portfinder:testPort done w/ testPort(): Server closed 2800:484:7c7a:d300:3979:c611:bc96:afa8 port 8313
2026-06-08T20:38:48.693Z portfinder:getPort in eachSeries() iteration callback testPort() callback with a success for port 8313
2026-06-08T20:38:48.693Z portfinder:getPort in eachSeries() iteration callback: host is 192.168.20.21
2026-06-08T20:38:48.693Z portfinder:testPort entered testPort(): trying 192.168.20.21 port 8313
2026-06-08T20:38:48.693Z portfinder:testPort done w/ testPort(): OK 192.168.20.21 port 8313
2026-06-08T20:38:48.693Z portfinder:testPort done w/ testPort(): Server closed 192.168.20.21 port 8313
2026-06-08T20:38:48.693Z portfinder:getPort in eachSeries() iteration callback testPort() callback with a success for port 8313
2026-06-08T20:38:48.693Z portfinder:getPort in eachSeries() iteration callback: host is 2800:484:7c7a:d300:a036:7183:b1fe:1242
2026-06-08T20:38:48.693Z portfinder:testPort entered testPort(): trying 2800:484:7c7a:d300:a036:7183:b1fe:1242 port 8313
2026-06-08T20:38:48.693Z portfinder:testPort done w/ testPort(): OK 2800:484:7c7a:d300:a036:7183:b1fe:1242 port 8313
2026-06-08T20:38:48.693Z portfinder:testPort done w/ testPort(): Server closed 2800:484:7c7a:d300:a036:7183:b1fe:1242 port 8313
2026-06-08T20:38:48.693Z portfinder:getPort in eachSeries() iteration callback testPort() callback with a success for port 8313
2026-06-08T20:38:48.693Z portfinder:getPort in eachSeries() iteration callback: host is fe80::e018:9614:93f:c476
2026-06-08T20:38:48.693Z portfinder:testPort entered testPort(): trying fe80::e018:9614:93f:c476 port 8313
2026-06-08T20:38:48.694Z portfinder:testPort done w/ testPort(): failed fe80::e018:9614:93f:c476 w/ port 8313 with error EADDRNOTAVAIL
2026-06-08T20:38:48.694Z portfinder:getPort in eachSeries() iteration callback testPort() callback with an err: EADDRNOTAVAIL
2026-06-08T20:38:48.694Z portfinder:getPort in eachSeries() result callback: err is Error: listen EADDRNOTAVAIL: address not available fe80::e018:9614:93f:c476:8313
    at Server.setupListenHandle [as _listen2] (node:net:1918:21)
    at listenInCluster (node:net:1997:12)
    at node:net:2206:7
    at process.processTicksAndRejections (node:internal/process/task_queues:90:21) {
  code: 'EADDRNOTAVAIL',
  errno: -49,
  syscall: 'listen',
  address: 'fe80::e018:9614:93f:c476',
  port: 8313
}
2026-06-08T20:38:48.694Z portfinder:getPort in eachSeries() iteration callback: host is 0.0.0.0
2026-06-08T20:38:48.694Z portfinder:testPort entered testPort(): trying 0.0.0.0 port 8313
2026-06-08T20:38:48.694Z portfinder:testPort done w/ testPort(): OK 0.0.0.0 port 8313
2026-06-08T20:38:48.694Z portfinder:testPort done w/ testPort(): Server closed 0.0.0.0 port 8313
2026-06-08T20:38:48.694Z portfinder:getPort in eachSeries() iteration callback testPort() callback with a success for port 8313
2026-06-08T20:38:48.694Z portfinder:getPort in eachSeries() iteration callback: host is 127.0.0.1
2026-06-08T20:38:48.694Z portfinder:testPort entered testPort(): trying 127.0.0.1 port 8313
2026-06-08T20:38:48.694Z portfinder:testPort done w/ testPort(): OK 127.0.0.1 port 8313
2026-06-08T20:38:48.694Z portfinder:testPort done w/ testPort(): Server closed 127.0.0.1 port 8313
2026-06-08T20:38:48.694Z portfinder:getPort in eachSeries() iteration callback testPort() callback with a success for port 8313
2026-06-08T20:38:48.694Z portfinder:getPort in eachSeries() iteration callback: host is ::1
2026-06-08T20:38:48.694Z portfinder:testPort entered testPort(): trying ::1 port 8313
2026-06-08T20:38:48.694Z portfinder:testPort done w/ testPort(): OK ::1 port 8313
2026-06-08T20:38:48.694Z portfinder:testPort done w/ testPort(): Server closed ::1 port 8313
2026-06-08T20:38:48.694Z portfinder:getPort in eachSeries() iteration callback testPort() callback with a success for port 8313
2026-06-08T20:38:48.694Z portfinder:getPort in eachSeries() iteration callback: host is 2800:484:7c7a:d300:18ab:3ba2:5409:a886
2026-06-08T20:38:48.694Z portfinder:testPort entered testPort(): trying 2800:484:7c7a:d300:18ab:3ba2:5409:a886 port 8313
2026-06-08T20:38:48.694Z portfinder:testPort done w/ testPort(): OK 2800:484:7c7a:d300:18ab:3ba2:5409:a886 port 8313
2026-06-08T20:38:48.694Z portfinder:testPort done w/ testPort(): Server closed 2800:484:7c7a:d300:18ab:3ba2:5409:a886 port 8313
2026-06-08T20:38:48.694Z portfinder:getPort in eachSeries() iteration callback testPort() callback with a success for port 8313
2026-06-08T20:38:48.694Z portfinder:getPort in eachSeries() iteration callback: host is 2800:484:7c7a:d300:3979:c611:bc96:afa8
2026-06-08T20:38:48.694Z portfinder:testPort entered testPort(): trying 2800:484:7c7a:d300:3979:c611:bc96:afa8 port 8313
2026-06-08T20:38:48.694Z portfinder:testPort done w/ testPort(): OK 2800:484:7c7a:d300:3979:c611:bc96:afa8 port 8313
2026-06-08T20:38:48.694Z portfinder:testPort done w/ testPort(): Server closed 2800:484:7c7a:d300:3979:c611:bc96:afa8 port 8313
2026-06-08T20:38:48.694Z portfinder:getPort in eachSeries() iteration callback testPort() callback with a success for port 8313
2026-06-08T20:38:48.694Z portfinder:getPort in eachSeries() iteration callback: host is 192.168.20.21
2026-06-08T20:38:48.694Z portfinder:testPort entered testPort(): trying 192.168.20.21 port 8313
2026-06-08T20:38:48.694Z portfinder:testPort done w/ testPort(): OK 192.168.20.21 port 8313
2026-06-08T20:38:48.694Z portfinder:testPort done w/ testPort(): Server closed 192.168.20.21 port 8313
2026-06-08T20:38:48.694Z portfinder:getPort in eachSeries() iteration callback testPort() callback with a success for port 8313
2026-06-08T20:38:48.694Z portfinder:getPort in eachSeries() iteration callback: host is 2800:484:7c7a:d300:a036:7183:b1fe:1242
2026-06-08T20:38:48.694Z portfinder:testPort entered testPort(): trying 2800:484:7c7a:d300:a036:7183:b1fe:1242 port 8313
2026-06-08T20:38:48.694Z portfinder:testPort done w/ testPort(): OK 2800:484:7c7a:d300:a036:7183:b1fe:1242 port 8313
2026-06-08T20:38:48.694Z portfinder:testPort done w/ testPort(): Server closed 2800:484:7c7a:d300:a036:7183:b1fe:1242 port 8313
2026-06-08T20:38:48.694Z portfinder:getPort in eachSeries() iteration callback testPort() callback with a success for port 8313
2026-06-08T20:38:48.694Z portfinder:getPort in eachSeries() iteration callback: host is fe80::ce81:b1c:bd2c:69e
2026-06-08T20:38:48.694Z portfinder:testPort entered testPort(): trying fe80::ce81:b1c:bd2c:69e port 8313
2026-06-08T20:38:48.694Z portfinder:testPort done w/ testPort(): failed fe80::ce81:b1c:bd2c:69e w/ port 8313 with error EADDRNOTAVAIL
2026-06-08T20:38:48.694Z portfinder:getPort in eachSeries() iteration callback testPort() callback with an err: EADDRNOTAVAIL
2026-06-08T20:38:48.694Z portfinder:getPort in eachSeries() result callback: err is Error: listen EADDRNOTAVAIL: address not available fe80::ce81:b1c:bd2c:69e:8313
    at Server.setupListenHandle [as _listen2] (node:net:1918:21)
    at listenInCluster (node:net:1997:12)
    at node:net:2206:7
    at process.processTicksAndRejections (node:internal/process/task_queues:90:21) {
  code: 'EADDRNOTAVAIL',
  errno: -49,
  syscall: 'listen',
  address: 'fe80::ce81:b1c:bd2c:69e',
  port: 8313
}
2026-06-08T20:38:48.694Z portfinder:getPort in eachSeries() iteration callback: host is 0.0.0.0
2026-06-08T20:38:48.694Z portfinder:testPort entered testPort(): trying 0.0.0.0 port 8313
2026-06-08T20:38:48.694Z portfinder:testPort done w/ testPort(): OK 0.0.0.0 port 8313
2026-06-08T20:38:48.694Z portfinder:testPort done w/ testPort(): Server closed 0.0.0.0 port 8313
2026-06-08T20:38:48.694Z portfinder:getPort in eachSeries() iteration callback testPort() callback with a success for port 8313
2026-06-08T20:38:48.694Z portfinder:getPort in eachSeries() iteration callback: host is 127.0.0.1
2026-06-08T20:38:48.694Z portfinder:testPort entered testPort(): trying 127.0.0.1 port 8313
2026-06-08T20:38:48.694Z portfinder:testPort done w/ testPort(): OK 127.0.0.1 port 8313
2026-06-08T20:38:48.694Z portfinder:testPort done w/ testPort(): Server closed 127.0.0.1 port 8313
2026-06-08T20:38:48.694Z portfinder:getPort in eachSeries() iteration callback testPort() callback with a success for port 8313
2026-06-08T20:38:48.694Z portfinder:getPort in eachSeries() iteration callback: host is ::1
2026-06-08T20:38:48.694Z portfinder:testPort entered testPort(): trying ::1 port 8313
2026-06-08T20:38:48.695Z portfinder:testPort done w/ testPort(): OK ::1 port 8313
2026-06-08T20:38:48.695Z portfinder:testPort done w/ testPort(): Server closed ::1 port 8313
2026-06-08T20:38:48.695Z portfinder:getPort in eachSeries() iteration callback testPort() callback with a success for port 8313
2026-06-08T20:38:48.695Z portfinder:getPort in eachSeries() iteration callback: host is 2800:484:7c7a:d300:18ab:3ba2:5409:a886
2026-06-08T20:38:48.695Z portfinder:testPort entered testPort(): trying 2800:484:7c7a:d300:18ab:3ba2:5409:a886 port 8313
2026-06-08T20:38:48.695Z portfinder:testPort done w/ testPort(): OK 2800:484:7c7a:d300:18ab:3ba2:5409:a886 port 8313
2026-06-08T20:38:48.695Z portfinder:testPort done w/ testPort(): Server closed 2800:484:7c7a:d300:18ab:3ba2:5409:a886 port 8313
2026-06-08T20:38:48.695Z portfinder:getPort in eachSeries() iteration callback testPort() callback with a success for port 8313
2026-06-08T20:38:48.695Z portfinder:getPort in eachSeries() iteration callback: host is 2800:484:7c7a:d300:3979:c611:bc96:afa8
2026-06-08T20:38:48.695Z portfinder:testPort entered testPort(): trying 2800:484:7c7a:d300:3979:c611:bc96:afa8 port 8313
2026-06-08T20:38:48.695Z portfinder:testPort done w/ testPort(): OK 2800:484:7c7a:d300:3979:c611:bc96:afa8 port 8313
2026-06-08T20:38:48.695Z portfinder:testPort done w/ testPort(): Server closed 2800:484:7c7a:d300:3979:c611:bc96:afa8 port 8313
2026-06-08T20:38:48.695Z portfinder:getPort in eachSeries() iteration callback testPort() callback with a success for port 8313
2026-06-08T20:38:48.695Z portfinder:getPort in eachSeries() iteration callback: host is 192.168.20.21
2026-06-08T20:38:48.695Z portfinder:testPort entered testPort(): trying 192.168.20.21 port 8313
2026-06-08T20:38:48.695Z portfinder:testPort done w/ testPort(): OK 192.168.20.21 port 8313
2026-06-08T20:38:48.695Z portfinder:testPort done w/ testPort(): Server closed 192.168.20.21 port 8313
2026-06-08T20:38:48.695Z portfinder:getPort in eachSeries() iteration callback testPort() callback with a success for port 8313
2026-06-08T20:38:48.695Z portfinder:getPort in eachSeries() iteration callback: host is 2800:484:7c7a:d300:a036:7183:b1fe:1242
2026-06-08T20:38:48.695Z portfinder:testPort entered testPort(): trying 2800:484:7c7a:d300:a036:7183:b1fe:1242 port 8313
2026-06-08T20:38:48.695Z portfinder:testPort done w/ testPort(): OK 2800:484:7c7a:d300:a036:7183:b1fe:1242 port 8313
2026-06-08T20:38:48.695Z portfinder:testPort done w/ testPort(): Server closed 2800:484:7c7a:d300:a036:7183:b1fe:1242 port 8313
2026-06-08T20:38:48.695Z portfinder:getPort in eachSeries() iteration callback testPort() callback with a success for port 8313
2026-06-08T20:38:48.695Z portfinder:getPort in eachSeries() iteration callback: host is null
2026-06-08T20:38:48.695Z portfinder:testPort entered testPort(): trying null port 8313
2026-06-08T20:38:48.695Z portfinder:testPort done w/ testPort(): OK null port 8313
2026-06-08T20:38:48.695Z portfinder:testPort done w/ testPort(): Server closed null port 8313
2026-06-08T20:38:48.695Z portfinder:getPort in eachSeries() iteration callback testPort() callback with a success for port 8313
2026-06-08T20:38:48.695Z portfinder:getPort in eachSeries() result callback: openPorts is [
  8313, 8313, 8313,
  8313, 8313, 8313,
  8313, 8313
]
winston:file: written true false
[2026-06-08T20:38:48.695Z] Found firebase-functions binary at '/Users/alejo/Documents/mi-catalogo/functions/node_modules/.bin/firebase-functions'
winston:file: logged 856514 [debug] [2026-06-08T20:38:48.695Z] Found firebase-functions binary at '/Users/alejo/Documents/mi-catalogo/functions/node_modules/.bin/firebase-functions'

winston:file: written true false
Serving at port 8313

winston:file: logged 856543 [info] Serving at port 8313


winston:file: written true false
[2026-06-08T20:38:49.596Z] Got response from /__/functions.yaml {"endpoints":{"mcAdminCreateStore":{"availableMemoryMb":null,"timeoutSeconds":null,"minInstances":null,"maxInstances":null,"ingressSettings":null,"concurrency":null,"serviceAccountEmail":null,"vpc":null,"platform":"gcfv2","labels":{},"callableTrigger":{},"entryPoint":"mcAdminCreateStore"},"mcBillingAddCard":{"availableMemoryMb":null,"timeoutSeconds":null,"minInstances":null,"maxInstances":null,"ingressSettings":null,"concurrency":null,"serviceAccountEmail":null,"vpc":null,"platform":"gcfv2","labels":{},"callableTrigger":{},"entryPoint":"mcBillingAddCard"},"mcBillingAddNequi":{"availableMemoryMb":null,"timeoutSeconds":null,"minInstances":null,"maxInstances":null,"ingressSettings":null,"concurrency":null,"serviceAccountEmail":null,"vpc":null,"platform":"gcfv2","labels":{},"callableTrigger":{},"entryPoint":"mcBillingAddNequi"},"mcBillingCancelAutoRenewCallable":{"availableMemoryMb":null,"timeoutSeconds":null,"minInstances":null,"maxInstances":null,"ingressSettings":null,"concurrency":null,"serviceAccountEmail":null,"vpc":null,"platform":"gcfv2","labels":{},"callableTrigger":{},"entryPoint":"mcBillingCancelAutoRenewCallable"},"mcBillingCheckNequiReady":{"availableMemoryMb":null,"timeoutSeconds":null,"minInstances":null,"maxInstances":null,"ingressSettings":null,"concurrency":null,"serviceAccountEmail":null,"vpc":null,"platform":"gcfv2","labels":{},"callableTrigger":{},"entryPoint":"mcBillingCheckNequiReady"},"mcBillingCompleteActivation":{"availableMemoryMb":null,"timeoutSeconds":null,"minInstances":null,"maxInstances":null,"ingressSettings":null,"concurrency":null,"serviceAccountEmail":null,"vpc":null,"platform":"gcfv2","labels":{},"callableTrigger":{},"entryPoint":"mcBillingCompleteActivation"},"mcBillingCron":{"availableMemoryMb":null,"timeoutSeconds":null,"minInstances":null,"maxInstances":null,"ingressSettings":null,"concurrency":null,"serviceAccountEmail":null,"vpc":null,"platform":"gcfv2","labels":{},"scheduleTrigger":{"schedule":"every 6 hours","retryConfig":{},"timeZone":"America/Bogota"},"entryPoint":"mcBillingCron"},"mcBillingEnsureCustomer":{"availableMemoryMb":null,"timeoutSeconds":null,"minInstances":null,"maxInstances":null,"ingressSettings":null,"concurrency":null,"serviceAccountEmail":null,"vpc":null,"platform":"gcfv2","labels":{},"callableTrigger":{},"entryPoint":"mcBillingEnsureCustomer"},"mcBillingGetSdkContext":{"availableMemoryMb":null,"timeoutSeconds":null,"minInstances":null,"maxInstances":null,"ingressSettings":null,"concurrency":null,"serviceAccountEmail":null,"vpc":null,"platform":"gcfv2","labels":{},"callableTrigger":{},"entryPoint":"mcBillingGetSdkContext"},"mcBillingGetSubscriptionState":{"availableMemoryMb":null,"timeoutSeconds":null,"minInstances":null,"maxInstances":null,"ingressSettings":null,"concurrency":null,"serviceAccountEmail":null,"vpc":null,"platform":"gcfv2","labels":{},"callableTrigger":{},"entryPoint":"mcBillingGetSubscriptionState"},"mcBillingListNequiBanks":{"availableMemoryMb":null,"timeoutSeconds":null,"minInstances":null,"maxInstances":null,"ingressSettings":null,"concurrency":null,"serviceAccountEmail":null,"vpc":null,"platform":"gcfv2","labels":{},"callableTrigger":{},"entryPoint":"mcBillingListNequiBanks"},"mcBillingListPaymentHistoryCallable":{"availableMemoryMb":null,"timeoutSeconds":null,"minInstances":null,"maxInstances":null,"ingressSettings":null,"concurrency":null,"serviceAccountEmail":null,"vpc":null,"platform":"gcfv2","labels":{},"callableTrigger":{},"entryPoint":"mcBillingListPaymentHistoryCallable"},"mcBillingPaymentMethods":{"availableMemoryMb":null,"timeoutSeconds":null,"minInstances":null,"maxInstances":null,"ingressSettings":null,"concurrency":null,"serviceAccountEmail":null,"vpc":null,"platform":"gcfv2","labels":{},"callableTrigger":{},"entryPoint":"mcBillingPaymentMethods"},"mcBillingSetDefaultPaymentMethod":{"availableMemoryMb":null,"timeoutSeconds":null,"minInstances":null,"maxInstances":null,"ingressSettings":null,"concurrency":null,"serviceAccountEmail":null,"vpc":null,"platform":"gcfv2","labels":{},"callableTrigger":{},"entryPoint":"mcBillingSetDefaultPaymentMethod"},"mcBillingValidateDiscountCode":{"availableMemoryMb":null,"timeoutSeconds":null,"minInstances":null,"maxInstances":null,"ingressSettings":null,"concurrency":null,"serviceAccountEmail":null,"vpc":null,"platform":"gcfv2","labels":{},"callableTrigger":{},"entryPoint":"mcBillingValidateDiscountCode"},"mcBillingValidateNequi":{"availableMemoryMb":null,"timeoutSeconds":null,"minInstances":null,"maxInstances":null,"ingressSettings":null,"concurrency":null,"serviceAccountEmail":null,"vpc":null,"platform":"gcfv2","labels":{},"callableTrigger":{},"entryPoint":"mcBillingValidateNequi"},"mcCatalogOrderTracking":{"availableMemoryMb":null,"timeoutSeconds":null,"minInstances":null,"maxInstances":null,"ingressSettings":null,"concurrency":null,"serviceAccountEmail":null,"vpc":null,"platform":"gcfv2","region":["us-central1"],"labels":{},"callableTrigger":{},"entryPoint":"mcCatalogOrderTracking"},"mcCreateSalesRep":{"availableMemoryMb":null,"timeoutSeconds":null,"minInstances":null,"maxInstances":null,"ingressSettings":null,"concurrency":null,"serviceAccountEmail":null,"vpc":null,"platform":"gcfv2","labels":{},"callableTrigger":{},"entryPoint":"mcCreateSalesRep"},"mcFinalizeNewStoreOnboarding":{"availableMemoryMb":null,"timeoutSeconds":null,"minInstances":null,"maxInstances":null,"ingressSettings":null,"concurrency":null,"serviceAccountEmail":null,"vpc":null,"platform":"gcfv2","labels":{},"callableTrigger":{},"entryPoint":"mcFinalizeNewStoreOnboarding"},"mcOnTenantCreatedNotify":{"availableMemoryMb":null,"timeoutSeconds":null,"minInstances":null,"maxInstances":null,"ingressSettings":null,"concurrency":null,"serviceAccountEmail":null,"vpc":null,"platform":"gcfv2","secretEnvironmentVariables":[{"key":"RESEND_API_KEY"}],"labels":{},"eventTrigger":{"eventType":"google.cloud.firestore.document.v1.created","eventFilters":{"database":"(default)","namespace":"(default)"},"eventFilterPathPatterns":{"document":"mc_tenants/{tenantId}"},"retry":false},"entryPoint":"mcOnTenantCreatedNotify"},"mcOnepayCatalogWebhook":{"availableMemoryMb":null,"timeoutSeconds":null,"minInstances":null,"maxInstances":null,"ingressSettings":null,"concurrency":null,"serviceAccountEmail":null,"vpc":null,"platform":"gcfv2","region":["us-central1"],"secretEnvironmentVariables":[{"key":"RESEND_API_KEY"}],"labels":{},"httpsTrigger":{"invoker":["public"]},"entryPoint":"mcOnepayCatalogWebhook"},"mcOnepayCheckoutStatus":{"availableMemoryMb":null,"timeoutSeconds":null,"minInstances":null,"maxInstances":null,"ingressSettings":null,"concurrency":null,"serviceAccountEmail":null,"vpc":null,"platform":"gcfv2","region":["us-central1"],"labels":{},"callableTrigger":{},"entryPoint":"mcOnepayCheckoutStatus"},"mcOnepayLinkMerchant":{"availableMemoryMb":null,"timeoutSeconds":null,"minInstances":null,"maxInstances":null,"ingressSettings":null,"concurrency":null,"serviceAccountEmail":null,"vpc":null,"platform":"gcfv2","region":["us-central1"],"labels":{},"callableTrigger":{},"entryPoint":"mcOnepayLinkMerchant"},"mcOnepayLinkPlatformPasarela":{"availableMemoryMb":null,"timeoutSeconds":null,"minInstances":null,"maxInstances":null,"ingressSettings":null,"concurrency":null,"serviceAccountEmail":null,"vpc":null,"platform":"gcfv2","region":["us-central1"],"labels":{},"callableTrigger":{},"entryPoint":"mcOnepayLinkPlatformPasarela"},"mcOnepayListBanksForKyb":{"availableMemoryMb":null,"timeoutSeconds":null,"minInstances":null,"maxInstances":null,"ingressSettings":null,"concurrency":null,"serviceAccountEmail":null,"vpc":null,"platform":"gcfv2","region":["us-central1"],"secretEnvironmentVariables":[{"key":"ONEPAY_PLATFORM_SK"}],"labels":{},"callableTrigger":{},"entryPoint":"mcOnepayListBanksForKyb"},"mcOnepayListCitiesForKyb":{"availableMemoryMb":null,"timeoutSeconds":null,"minInstances":null,"maxInstances":null,"ingressSettings":null,"concurrency":null,"serviceAccountEmail":null,"vpc":null,"platform":"gcfv2","region":["us-central1"],"secretEnvironmentVariables":[{"key":"ONEPAY_PLATFORM_SK"}],"labels":{},"callableTrigger":{},"entryPoint":"mcOnepayListCitiesForKyb"},"mcOnepayListStatesForKyb":{"availableMemoryMb":null,"timeoutSeconds":null,"minInstances":null,"maxInstances":null,"ingressSettings":null,"concurrency":null,"serviceAccountEmail":null,"vpc":null,"platform":"gcfv2","region":["us-central1"],"secretEnvironmentVariables":[{"key":"ONEPAY_PLATFORM_SK"}],"labels":{},"callableTrigger":{},"entryPoint":"mcOnepayListStatesForKyb"},"mcOnepayMerchantBalance":{"availableMemoryMb":null,"timeoutSeconds":null,"minInstances":null,"maxInstances":null,"ingressSettings":null,"concurrency":null,"serviceAccountEmail":null,"vpc":null,"platform":"gcfv2","region":["us-central1"],"labels":{},"callableTrigger":{},"entryPoint":"mcOnepayMerchantBalance"},"mcOnepayMerchantPayments":{"availableMemoryMb":null,"timeoutSeconds":null,"minInstances":null,"maxInstances":null,"ingressSettings":null,"concurrency":null,"serviceAccountEmail":null,"vpc":null,"platform":"gcfv2","region":["us-central1"],"labels":{},"callableTrigger":{},"entryPoint":"mcOnepayMerchantPayments"},"mcOnepayMicatalogoRequestCashout":{"availableMemoryMb":null,"timeoutSeconds":null,"minInstances":null,"maxInstances":null,"ingressSettings":null,"concurrency":null,"serviceAccountEmail":null,"vpc":null,"platform":"gcfv2","region":["us-central1"],"secretEnvironmentVariables":[{"key":"ONEPAY_PLATFORM_SK"}],"labels":{},"callableTrigger":{},"entryPoint":"mcOnepayMicatalogoRequestCashout"},"mcOnepayMicatalogoSetupPayout":{"availableMemoryMb":null,"timeoutSeconds":null,"minInstances":null,"maxInstances":null,"ingressSettings":null,"concurrency":null,"serviceAccountEmail":null,"vpc":null,"platform":"gcfv2","region":["us-central1"],"secretEnvironmentVariables":[{"key":"ONEPAY_PLATFORM_SK"}],"labels":{},"callableTrigger":{},"entryPoint":"mcOnepayMicatalogoSetupPayout"},"mcOnepaySellerSaldoSummary":{"availableMemoryMb":null,"timeoutSeconds":null,"minInstances":null,"maxInstances":null,"ingressSettings":null,"concurrency":null,"serviceAccountEmail":null,"vpc":null,"platform":"gcfv2","region":["us-central1"],"labels":{},"callableTrigger":{},"entryPoint":"mcOnepaySellerSaldoSummary"},"mcOnepaySetPlatformWebhookSecret":{"availableMemoryMb":null,"timeoutSeconds":null,"minInstances":null,"maxInstances":null,"ingressSettings":null,"concurrency":null,"serviceAccountEmail":null,"vpc":null,"platform":"gcfv2","region":["us-central1"],"labels":{},"callableTrigger":{},"entryPoint":"mcOnepaySetPlatformWebhookSecret"},"mcOnepaySetWebhookSecret":{"availableMemoryMb":null,"timeoutSeconds":null,"minInstances":null,"maxInstances":null,"ingressSettings":null,"concurrency":null,"serviceAccountEmail":null,"vpc":null,"platform":"gcfv2","region":["us-central1"],"labels":{},"callableTrigger":{},"entryPoint":"mcOnepaySetWebhookSecret"},"mcOnepayStartCatalogCheckout":{"availableMemoryMb":null,"timeoutSeconds":null,"minInstances":null,"maxInstances":null,"ingressSettings":null,"concurrency":null,"serviceAccountEmail":null,"vpc":null,"platform":"gcfv2","region":["us-central1"],"secretEnvironmentVariables":[{"key":"ENVIA_API_TOKEN"}],"labels":{},"callableTrigger":{},"entryPoint":"mcOnepayStartCatalogCheckout"},"mcOnepaySubmitCompanyKyb":{"availableMemoryMb":null,"timeoutSeconds":null,"minInstances":null,"maxInstances":null,"ingressSettings":null,"concurrency":null,"serviceAccountEmail":null,"vpc":null,"platform":"gcfv2","region":["us-central1"],"secretEnvironmentVariables":[{"key":"ONEPAY_PLATFORM_SK"}],"labels":{},"callableTrigger":{},"entryPoint":"mcOnepaySubmitCompanyKyb"},"mcOnepayUnlinkMerchant":{"availableMemoryMb":null,"timeoutSeconds":null,"minInstances":null,"maxInstances":null,"ingressSettings":null,"concurrency":null,"serviceAccountEmail":null,"vpc":null,"platform":"gcfv2","region":["us-central1"],"labels":{},"callableTrigger":{},"entryPoint":"mcOnepayUnlinkMerchant"},"mcOnepayUnlinkPlatformPasarela":{"availableMemoryMb":null,"timeoutSeconds":null,"minInstances":null,"maxInstances":null,"ingressSettings":null,"concurrency":null,"serviceAccountEmail":null,"vpc":null,"platform":"gcfv2","region":["us-central1"],"labels":{},"callableTrigger":{},"entryPoint":"mcOnepayUnlinkPlatformPasarela"},"mcQuoteEnvioCheckout":{"availableMemoryMb":null,"timeoutSeconds":null,"minInstances":null,"maxInstances":null,"ingressSettings":null,"concurrency":null,"serviceAccountEmail":null,"vpc":null,"platform":"gcfv2","secretEnvironmentVariables":[{"key":"ENVIA_API_TOKEN"}],"labels":{},"callableTrigger":{},"entryPoint":"mcQuoteEnvioCheckout"},"mcRecordStoreAnalytics":{"availableMemoryMb":null,"timeoutSeconds":null,"minInstances":null,"maxInstances":null,"ingressSettings":null,"concurrency":null,"serviceAccountEmail":null,"vpc":null,"platform":"gcfv2","labels":{},"callableTrigger":{},"entryPoint":"mcRecordStoreAnalytics"},"mcSendCarritoRecuperacionEmail":{"availableMemoryMb":null,"timeoutSeconds":null,"minInstances":null,"maxInstances":null,"ingressSettings":null,"concurrency":null,"serviceAccountEmail":null,"vpc":null,"platform":"gcfv2","region":["us-central1"],"secretEnvironmentVariables":[{"key":"RESEND_API_KEY"}],"labels":{},"callableTrigger":{},"entryPoint":"mcSendCarritoRecuperacionEmail"},"mcSendEmailVerification":{"availableMemoryMb":null,"timeoutSeconds":null,"minInstances":null,"maxInstances":null,"ingressSettings":null,"concurrency":null,"serviceAccountEmail":null,"vpc":null,"platform":"gcfv2","region":["us-central1"],"secretEnvironmentVariables":[{"key":"RESEND_API_KEY"}],"labels":{},"callableTrigger":{},"entryPoint":"mcSendEmailVerification"},"mcSetSalesRepActive":{"availableMemoryMb":null,"timeoutSeconds":null,"minInstances":null,"maxInstances":null,"ingressSettings":null,"concurrency":null,"serviceAccountEmail":null,"vpc":null,"platform":"gcfv2","labels":{},"callableTrigger":{},"entryPoint":"mcSetSalesRepActive"},"mcStartStoreImpersonation":{"availableMemoryMb":null,"timeoutSeconds":null,"minInstances":null,"maxInstances":null,"ingressSettings":null,"concurrency":null,"serviceAccountEmail":null,"vpc":null,"platform":"gcfv2","labels":{},"callableTrigger":{},"entryPoint":"mcStartStoreImpersonation"},"mcStopStoreImpersonation":{"availableMemoryMb":null,"timeoutSeconds":null,"minInstances":null,"maxInstances":null,"ingressSettings":null,"concurrency":null,"serviceAccountEmail":null,"vpc":null,"platform":"gcfv2","labels":{},"callableTrigger":{},"entryPoint":"mcStopStoreImpersonation"}},"specVersion":"v1alpha1","requiredAPIs":[{"api":"cloudscheduler.googleapis.com","reason":"Needed for scheduled functions."}],"extensions":{},"params":[{"type":"secret","name":"ONEPAY_PLATFORM_SK"},{"type":"secret","name":"RESEND_API_KEY"},{"type":"secret","name":"ENVIA_API_TOKEN"},{"name":"MC_PUBLIC_ORIGIN","type":"string","default":"https://micatalogo.io"}]}
winston:file: logged 871485 [debug] [2026-06-08T20:38:49.596Z] Got response from /__/functions.yaml {"endpoints":{"mcAdminCreateStore":{"availableMemoryMb":null,"timeoutSeconds":null,"minInstances":null,"maxInstances":null,"ingressSettings":null,"concurrency":null,"serviceAccountEmail":null,"vpc":null,"platform":"gcfv2","labels":{},"callableTrigger":{},"entryPoint":"mcAdminCreateStore"},"mcBillingAddCard":{"availableMemoryMb":null,"timeoutSeconds":null,"minInstances":null,"maxInstances":null,"ingressSettings":null,"concurrency":null,"serviceAccountEmail":null,"vpc":null,"platform":"gcfv2","labels":{},"callableTrigger":{},"entryPoint":"mcBillingAddCard"},"mcBillingAddNequi":{"availableMemoryMb":null,"timeoutSeconds":null,"minInstances":null,"maxInstances":null,"ingressSettings":null,"concurrency":null,"serviceAccountEmail":null,"vpc":null,"platform":"gcfv2","labels":{},"callableTrigger":{},"entryPoint":"mcBillingAddNequi"},"mcBillingCancelAutoRenewCallable":{"availableMemoryMb":null,"timeoutSeconds":null,"minInstances":null,"maxInstances":null,"ingressSettings":null,"concurrency":null,"serviceAccountEmail":null,"vpc":null,"platform":"gcfv2","labels":{},"callableTrigger":{},"entryPoint":"mcBillingCancelAutoRenewCallable"},"mcBillingCheckNequiReady":{"availableMemoryMb":null,"timeoutSeconds":null,"minInstances":null,"maxInstances":null,"ingressSettings":null,"concurrency":null,"serviceAccountEmail":null,"vpc":null,"platform":"gcfv2","labels":{},"callableTrigger":{},"entryPoint":"mcBillingCheckNequiReady"},"mcBillingCompleteActivation":{"availableMemoryMb":null,"timeoutSeconds":null,"minInstances":null,"maxInstances":null,"ingressSettings":null,"concurrency":null,"serviceAccountEmail":null,"vpc":null,"platform":"gcfv2","labels":{},"callableTrigger":{},"entryPoint":"mcBillingCompleteActivation"},"mcBillingCron":{"availableMemoryMb":null,"timeoutSeconds":null,"minInstances":null,"maxInstances":null,"ingressSettings":null,"concurrency":null,"serviceAccountEmail":null,"vpc":null,"platform":"gcfv2","labels":{},"scheduleTrigger":{"schedule":"every 6 hours","retryConfig":{},"timeZone":"America/Bogota"},"entryPoint":"mcBillingCron"},"mcBillingEnsureCustomer":{"availableMemoryMb":null,"timeoutSeconds":null,"minInstances":null,"maxInstances":null,"ingressSettings":null,"concurrency":null,"serviceAccountEmail":null,"vpc":null,"platform":"gcfv2","labels":{},"callableTrigger":{},"entryPoint":"mcBillingEnsureCustomer"},"mcBillingGetSdkContext":{"availableMemoryMb":null,"timeoutSeconds":null,"minInstances":null,"maxInstances":null,"ingressSettings":null,"concurrency":null,"serviceAccountEmail":null,"vpc":null,"platform":"gcfv2","labels":{},"callableTrigger":{},"entryPoint":"mcBillingGetSdkContext"},"mcBillingGetSubscriptionState":{"availableMemoryMb":null,"timeoutSeconds":null,"minInstances":null,"maxInstances":null,"ingressSettings":null,"concurrency":null,"serviceAccountEmail":null,"vpc":null,"platform":"gcfv2","labels":{},"callableTrigger":{},"entryPoint":"mcBillingGetSubscriptionState"},"mcBillingListNequiBanks":{"availableMemoryMb":null,"timeoutSeconds":null,"minInstances":null,"maxInstances":null,"ingressSettings":null,"concurrency":null,"serviceAccountEmail":null,"vpc":null,"platform":"gcfv2","labels":{},"callableTrigger":{},"entryPoint":"mcBillingListNequiBanks"},"mcBillingListPaymentHistoryCallable":{"availableMemoryMb":null,"timeoutSeconds":null,"minInstances":null,"maxInstances":null,"ingressSettings":null,"concurrency":null,"serviceAccountEmail":null,"vpc":null,"platform":"gcfv2","labels":{},"callableTrigger":{},"entryPoint":"mcBillingListPaymentHistoryCallable"},"mcBillingPaymentMethods":{"availableMemoryMb":null,"timeoutSeconds":null,"minInstances":null,"maxInstances":null,"ingressSettings":null,"concurrency":null,"serviceAccountEmail":null,"vpc":null,"platform":"gcfv2","labels":{},"callableTrigger":{},"entryPoint":"mcBillingPaymentMethods"},"mcBillingSetDefaultPaymentMethod":{"availableMemoryMb":null,"timeoutSeconds":null,"minInstances":null,"maxInstances":null,"ingressSettings":null,"concurrency":null,"serviceAccountEmail":null,"vpc":null,"platform":"gcfv2","labels":{},"callableTrigger":{},"entryPoint":"mcBillingSetDefaultPaymentMethod"},"mcBillingValidateDiscountCode":{"availableMemoryMb":null,"timeoutSeconds":null,"minInstances":null,"maxInstances":null,"ingressSettings":null,"concurrency":null,"serviceAccountEmail":null,"vpc":null,"platform":"gcfv2","labels":{},"callableTrigger":{},"entryPoint":"mcBillingValidateDiscountCode"},"mcBillingValidateNequi":{"availableMemoryMb":null,"timeoutSeconds":null,"minInstances":null,"maxInstances":null,"ingressSettings":null,"concurrency":null,"serviceAccountEmail":null,"vpc":null,"platform":"gcfv2","labels":{},"callableTrigger":{},"entryPoint":"mcBillingValidateNequi"},"mcCatalogOrderTracking":{"availableMemoryMb":null,"timeoutSeconds":null,"minInstances":null,"maxInstances":null,"ingressSettings":null,"concurrency":null,"serviceAccountEmail":null,"vpc":null,"platform":"gcfv2","region":["us-central1"],"labels":{},"callableTrigger":{},"entryPoint":"mcCatalogOrderTracking"},"mcCreateSalesRep":{"availableMemoryMb":null,"timeoutSeconds":null,"minInstances":null,"maxInstances":null,"ingressSettings":null,"concurrency":null,"serviceAccountEmail":null,"vpc":null,"platform":"gcfv2","labels":{},"callableTrigger":{},"entryPoint":"mcCreateSalesRep"},"mcFinalizeNewStoreOnboarding":{"availableMemoryMb":null,"timeoutSeconds":null,"minInstances":null,"maxInstances":null,"ingressSettings":null,"concurrency":null,"serviceAccountEmail":null,"vpc":null,"platform":"gcfv2","labels":{},"callableTrigger":{},"entryPoint":"mcFinalizeNewStoreOnboarding"},"mcOnTenantCreatedNotify":{"availableMemoryMb":null,"timeoutSeconds":null,"minInstances":null,"maxInstances":null,"ingressSettings":null,"concurrency":null,"serviceAccountEmail":null,"vpc":null,"platform":"gcfv2","secretEnvironmentVariables":[{"key":"RESEND_API_KEY"}],"labels":{},"eventTrigger":{"eventType":"google.cloud.firestore.document.v1.created","eventFilters":{"database":"(default)","namespace":"(default)"},"eventFilterPathPatterns":{"document":"mc_tenants/{tenantId}"},"retry":false},"entryPoint":"mcOnTenantCreatedNotify"},"mcOnepayCatalogWebhook":{"availableMemoryMb":null,"timeoutSeconds":null,"minInstances":null,"maxInstances":null,"ingressSettings":null,"concurrency":null,"serviceAccountEmail":null,"vpc":null,"platform":"gcfv2","region":["us-central1"],"secretEnvironmentVariables":[{"key":"RESEND_API_KEY"}],"labels":{},"httpsTrigger":{"invoker":["public"]},"entryPoint":"mcOnepayCatalogWebhook"},"mcOnepayCheckoutStatus":{"availableMemoryMb":null,"timeoutSeconds":null,"minInstances":null,"maxInstances":null,"ingressSettings":null,"concurrency":null,"serviceAccountEmail":null,"vpc":null,"platform":"gcfv2","region":["us-central1"],"labels":{},"callableTrigger":{},"entryPoint":"mcOnepayCheckoutStatus"},"mcOnepayLinkMerchant":{"availableMemoryMb":null,"timeoutSeconds":null,"minInstances":null,"maxInstances":null,"ingressSettings":null,"concurrency":null,"serviceAccountEmail":null,"vpc":null,"platform":"gcfv2","region":["us-central1"],"labels":{},"callableTrigger":{},"entryPoint":"mcOnepayLinkMerchant"},"mcOnepayLinkPlatformPasarela":{"availableMemoryMb":null,"timeoutSeconds":null,"minInstances":null,"maxInstances":null,"ingressSettings":null,"concurrency":null,"serviceAccountEmail":null,"vpc":null,"platform":"gcfv2","region":["us-central1"],"labels":{},"callableTrigger":{},"entryPoint":"mcOnepayLinkPlatformPasarela"},"mcOnepayListBanksForKyb":{"availableMemoryMb":null,"timeoutSeconds":null,"minInstances":null,"maxInstances":null,"ingressSettings":null,"concurrency":null,"serviceAccountEmail":null,"vpc":null,"platform":"gcfv2","region":["us-central1"],"secretEnvironmentVariables":[{"key":"ONEPAY_PLATFORM_SK"}],"labels":{},"callableTrigger":{},"entryPoint":"mcOnepayListBanksForKyb"},"mcOnepayListCitiesForKyb":{"availableMemoryMb":null,"timeoutSeconds":null,"minInstances":null,"maxInstances":null,"ingressSettings":null,"concurrency":null,"serviceAccountEmail":null,"vpc":null,"platform":"gcfv2","region":["us-central1"],"secretEnvironmentVariables":[{"key":"ONEPAY_PLATFORM_SK"}],"labels":{},"callableTrigger":{},"entryPoint":"mcOnepayListCitiesForKyb"},"mcOnepayListStatesForKyb":{"availableMemoryMb":null,"timeoutSeconds":null,"minInstances":null,"maxInstances":null,"ingressSettings":null,"concurrency":null,"serviceAccountEmail":null,"vpc":null,"platform":"gcfv2","region":["us-central1"],"secretEnvironmentVariables":[{"key":"ONEPAY_PLATFORM_SK"}],"labels":{},"callableTrigger":{},"entryPoint":"mcOnepayListStatesForKyb"},"mcOnepayMerchantBalance":{"availableMemoryMb":null,"timeoutSeconds":null,"minInstances":null,"maxInstances":null,"ingressSettings":null,"concurrency":null,"serviceAccountEmail":null,"vpc":null,"platform":"gcfv2","region":["us-central1"],"labels":{},"callableTrigger":{},"entryPoint":"mcOnepayMerchantBalance"},"mcOnepayMerchantPayments":{"availableMemoryMb":null,"timeoutSeconds":null,"minInstances":null,"maxInstances":null,"ingressSettings":null,"concurrency":null,"serviceAccountEmail":null,"vpc":null,"platform":"gcfv2","region":["us-central1"],"labels":{},"callableTrigger":{},"entryPoint":"mcOnepayMerchantPayments"},"mcOnepayMicatalogoRequestCashout":{"availableMemoryMb":null,"timeoutSeconds":null,"minInstances":null,"maxInstances":null,"ingressSettings":null,"concurrency":null,"serviceAccountEmail":null,"vpc":null,"platform":"gcfv2","region":["us-central1"],"secretEnvironmentVariables":[{"key":"ONEPAY_PLATFORM_SK"}],"labels":{},"callableTrigger":{},"entryPoint":"mcOnepayMicatalogoRequestCashout"},"mcOnepayMicatalogoSetupPayout":{"availableMemoryMb":null,"timeoutSeconds":null,"minInstances":null,"maxInstances":null,"ingressSettings":null,"concurrency":null,"serviceAccountEmail":null,"vpc":null,"platform":"gcfv2","region":["us-central1"],"secretEnvironmentVariables":[{"key":"ONEPAY_PLATFORM_SK"}],"labels":{},"callableTrigger":{},"entryPoint":"mcOnepayMicatalogoSetupPayout"},"mcOnepaySellerSaldoSummary":{"availableMemoryMb":null,"timeoutSeconds":null,"minInstances":null,"maxInstances":null,"ingressSettings":null,"concurrency":null,"serviceAccountEmail":null,"vpc":null,"platform":"gcfv2","region":["us-central1"],"labels":{},"callableTrigger":{},"entryPoint":"mcOnepaySellerSaldoSummary"},"mcOnepaySetPlatformWebhookSecret":{"availableMemoryMb":null,"timeoutSeconds":null,"minInstances":null,"maxInstances":null,"ingressSettings":null,"concurrency":null,"serviceAccountEmail":null,"vpc":null,"platform":"gcfv2","region":["us-central1"],"labels":{},"callableTrigger":{},"entryPoint":"mcOnepaySetPlatformWebhookSecret"},"mcOnepaySetWebhookSecret":{"availableMemoryMb":null,"timeoutSeconds":null,"minInstances":null,"maxInstances":null,"ingressSettings":null,"concurrency":null,"serviceAccountEmail":null,"vpc":null,"platform":"gcfv2","region":["us-central1"],"labels":{},"callableTrigger":{},"entryPoint":"mcOnepaySetWebhookSecret"},"mcOnepayStartCatalogCheckout":{"availableMemoryMb":null,"timeoutSeconds":null,"minInstances":null,"maxInstances":null,"ingressSettings":null,"concurrency":null,"serviceAccountEmail":null,"vpc":null,"platform":"gcfv2","region":["us-central1"],"secretEnvironmentVariables":[{"key":"ENVIA_API_TOKEN"}],"labels":{},"callableTrigger":{},"entryPoint":"mcOnepayStartCatalogCheckout"},"mcOnepaySubmitCompanyKyb":{"availableMemoryMb":null,"timeoutSeconds":null,"minInstances":null,"maxInstances":null,"ingressSettings":null,"concurrency":null,"serviceAccountEmail":null,"vpc":null,"platform":"gcfv2","region":["us-central1"],"secretEnvironmentVariables":[{"key":"ONEPAY_PLATFORM_SK"}],"labels":{},"callableTrigger":{},"entryPoint":"mcOnepaySubmitCompanyKyb"},"mcOnepayUnlinkMerchant":{"availableMemoryMb":null,"timeoutSeconds":null,"minInstances":null,"maxInstances":null,"ingressSettings":null,"concurrency":null,"serviceAccountEmail":null,"vpc":null,"platform":"gcfv2","region":["us-central1"],"labels":{},"callableTrigger":{},"entryPoint":"mcOnepayUnlinkMerchant"},"mcOnepayUnlinkPlatformPasarela":{"availableMemoryMb":null,"timeoutSeconds":null,"minInstances":null,"maxInstances":null,"ingressSettings":null,"concurrency":null,"serviceAccountEmail":null,"vpc":null,"platform":"gcfv2","region":["us-central1"],"labels":{},"callableTrigger":{},"entryPoint":"mcOnepayUnlinkPlatformPasarela"},"mcQuoteEnvioCheckout":{"availableMemoryMb":null,"timeoutSeconds":null,"minInstances":null,"maxInstances":null,"ingressSettings":null,"concurrency":null,"serviceAccountEmail":null,"vpc":null,"platform":"gcfv2","secretEnvironmentVariables":[{"key":"ENVIA_API_TOKEN"}],"labels":{},"callableTrigger":{},"entryPoint":"mcQuoteEnvioCheckout"},"mcRecordStoreAnalytics":{"availableMemoryMb":null,"timeoutSeconds":null,"minInstances":null,"maxInstances":null,"ingressSettings":null,"concurrency":null,"serviceAccountEmail":null,"vpc":null,"platform":"gcfv2","labels":{},"callableTrigger":{},"entryPoint":"mcRecordStoreAnalytics"},"mcSendCarritoRecuperacionEmail":{"availableMemoryMb":null,"timeoutSeconds":null,"minInstances":null,"maxInstances":null,"ingressSettings":null,"concurrency":null,"serviceAccountEmail":null,"vpc":null,"platform":"gcfv2","region":["us-central1"],"secretEnvironmentVariables":[{"key":"RESEND_API_KEY"}],"labels":{},"callableTrigger":{},"entryPoint":"mcSendCarritoRecuperacionEmail"},"mcSendEmailVerification":{"availableMemoryMb":null,"timeoutSeconds":null,"minInstances":null,"maxInstances":null,"ingressSettings":null,"concurrency":null,"serviceAccountEmail":null,"vpc":null,"platform":"gcfv2","region":["us-central1"],"secretEnvironmentVariables":[{"key":"RESEND_API_KEY"}],"labels":{},"callableTrigger":{},"entryPoint":"mcSendEmailVerification"},"mcSetSalesRepActive":{"availableMemoryMb":null,"timeoutSeconds":null,"minInstances":null,"maxInstances":null,"ingressSettings":null,"concurrency":null,"serviceAccountEmail":null,"vpc":null,"platform":"gcfv2","labels":{},"callableTrigger":{},"entryPoint":"mcSetSalesRepActive"},"mcStartStoreImpersonation":{"availableMemoryMb":null,"timeoutSeconds":null,"minInstances":null,"maxInstances":null,"ingressSettings":null,"concurrency":null,"serviceAccountEmail":null,"vpc":null,"platform":"gcfv2","labels":{},"callableTrigger":{},"entryPoint":"mcStartStoreImpersonation"},"mcStopStoreImpersonation":{"availableMemoryMb":null,"timeoutSeconds":null,"minInstances":null,"maxInstances":null,"ingressSettings":null,"concurrency":null,"serviceAccountEmail":null,"vpc":null,"platform":"gcfv2","labels":{},"callableTrigger":{},"entryPoint":"mcStopStoreImpersonation"}},"specVersion":"v1alpha1","requiredAPIs":[{"api":"cloudscheduler.googleapis.com","reason":"Needed for scheduled functions."}],"extensions":{},"params":[{"type":"secret","name":"ONEPAY_PLATFORM_SK"},{"type":"secret","name":"RESEND_API_KEY"},{"type":"secret","name":"ENVIA_API_TOKEN"},{"name":"MC_PUBLIC_ORIGIN","type":"string","default":"https://micatalogo.io"}]}

winston:file: written true false
i  extensions: ensuring required API firebaseextensions.googleapis.com is enabled... 
winston:file: written true false
[2026-06-08T20:38:53.626Z] > command requires scopes: ["email","openid","https://www.googleapis.com/auth/cloudplatformprojects.readonly","https://www.googleapis.com/auth/firebase","https://www.googleapis.com/auth/cloud-platform"]
winston:file: written true false
[2026-06-08T20:38:53.626Z] > authorizing via signed-in user (palmaappco@gmail.com)
winston:file: written true false
[2026-06-08T20:38:53.626Z] [iam] checking project mi-catalogo-de61a for permissions ["firebase.projects.get","firebaseextensions.instances.list"]
winston:file: written true false
[2026-06-08T20:38:53.626Z] Checked if tokens are valid: true, expires at: 1780953737220
winston:file: written true false
[2026-06-08T20:38:53.626Z] Checked if tokens are valid: true, expires at: 1780953737220
winston:file: written true false
[2026-06-08T20:38:53.626Z] >>> [apiv2][query] POST https://cloudresourcemanager.googleapis.com/v1/projects/mi-catalogo-de61a:testIamPermissions [none]
winston:file: written true false
[2026-06-08T20:38:53.626Z] >>> [apiv2][(partial)header] POST https://cloudresourcemanager.googleapis.com/v1/projects/mi-catalogo-de61a:testIamPermissions  x-goog-user-project=mi-catalogo-de61a
winston:file: written true false
[2026-06-08T20:38:53.626Z] >>> [apiv2][body] POST https://cloudresourcemanager.googleapis.com/v1/projects/mi-catalogo-de61a:testIamPermissions {"permissions":["firebase.projects.get","firebaseextensions.instances.list"]}
winston:file: logged 871578 [info] i  extensions: ensuring required API firebaseextensions.googleapis.com is enabled... 

winston:file: logged 871816 [debug] [2026-06-08T20:38:53.626Z] > command requires scopes: ["email","openid","https://www.googleapis.com/auth/cloudplatformprojects.readonly","https://www.googleapis.com/auth/firebase","https://www.googleapis.com/auth/cloud-platform"]

winston:file: logged 871907 [debug] [2026-06-08T20:38:53.626Z] > authorizing via signed-in user (palmaappco@gmail.com)

winston:file: logged 872061 [debug] [2026-06-08T20:38:53.626Z] [iam] checking project mi-catalogo-de61a for permissions ["firebase.projects.get","firebaseextensions.instances.list"]

winston:file: logged 872157 [debug] [2026-06-08T20:38:53.626Z] Checked if tokens are valid: true, expires at: 1780953737220

winston:file: logged 872253 [debug] [2026-06-08T20:38:53.626Z] Checked if tokens are valid: true, expires at: 1780953737220

winston:file: logged 872412 [debug] [2026-06-08T20:38:53.626Z] >>> [apiv2][query] POST https://cloudresourcemanager.googleapis.com/v1/projects/mi-catalogo-de61a:testIamPermissions [none]

winston:file: logged 872613 [debug] [2026-06-08T20:38:53.626Z] >>> [apiv2][(partial)header] POST https://cloudresourcemanager.googleapis.com/v1/projects/mi-catalogo-de61a:testIamPermissions  x-goog-user-project=mi-catalogo-de61a

winston:file: logged 872842 [debug] [2026-06-08T20:38:53.626Z] >>> [apiv2][body] POST https://cloudresourcemanager.googleapis.com/v1/projects/mi-catalogo-de61a:testIamPermissions {"permissions":["firebase.projects.get","firebaseextensions.instances.list"]}

winston:file: written true false
[2026-06-08T20:38:53.883Z] <<< [apiv2][status] POST https://cloudresourcemanager.googleapis.com/v1/projects/mi-catalogo-de61a:testIamPermissions 200
winston:file: written true false
[2026-06-08T20:38:53.884Z] <<< [apiv2][body] POST https://cloudresourcemanager.googleapis.com/v1/projects/mi-catalogo-de61a:testIamPermissions {"permissions":["firebase.projects.get","firebaseextensions.instances.list"]}
winston:file: written true false
[2026-06-08T20:38:53.884Z] Checked if tokens are valid: true, expires at: 1780953737220
winston:file: written true false
[2026-06-08T20:38:53.885Z] Checked if tokens are valid: true, expires at: 1780953737220
winston:file: written true false
[2026-06-08T20:38:53.885Z] >>> [apiv2][query] GET https://firebaseextensions.googleapis.com/v1beta/projects/mi-catalogo-de61a/instances pageSize=100&pageToken=
winston:file: logged 872999 [debug] [2026-06-08T20:38:53.883Z] <<< [apiv2][status] POST https://cloudresourcemanager.googleapis.com/v1/projects/mi-catalogo-de61a:testIamPermissions 200

winston:file: logged 873228 [debug] [2026-06-08T20:38:53.884Z] <<< [apiv2][body] POST https://cloudresourcemanager.googleapis.com/v1/projects/mi-catalogo-de61a:testIamPermissions {"permissions":["firebase.projects.get","firebaseextensions.instances.list"]}

winston:file: logged 873324 [debug] [2026-06-08T20:38:53.884Z] Checked if tokens are valid: true, expires at: 1780953737220

winston:file: logged 873420 [debug] [2026-06-08T20:38:53.885Z] Checked if tokens are valid: true, expires at: 1780953737220

winston:file: logged 873588 [debug] [2026-06-08T20:38:53.885Z] >>> [apiv2][query] GET https://firebaseextensions.googleapis.com/v1beta/projects/mi-catalogo-de61a/instances pageSize=100&pageToken=

winston:file: written true false
[2026-06-08T20:38:54.637Z] <<< [apiv2][status] GET https://firebaseextensions.googleapis.com/v1beta/projects/mi-catalogo-de61a/instances 200
winston:file: written true false
[2026-06-08T20:38:54.637Z] <<< [apiv2][body] GET https://firebaseextensions.googleapis.com/v1beta/projects/mi-catalogo-de61a/instances {}
winston:file: written true false
i  functions: Loaded environment variables from .env.mi-catalogo-de61a. 
winston:file: written true false
[2026-06-08T20:38:54.642Z] Checked if tokens are valid: true, expires at: 1780953737220
winston:file: written true false
[2026-06-08T20:38:54.642Z] Checked if tokens are valid: true, expires at: 1780953737220
winston:file: written true false
[2026-06-08T20:38:54.643Z] >>> [apiv2][query] GET https://secretmanager.googleapis.com/v1/projects/mi-catalogo-de61a/secrets/ONEPAY_PLATFORM_SK [none]
winston:file: logged 873737 [debug] [2026-06-08T20:38:54.637Z] <<< [apiv2][status] GET https://firebaseextensions.googleapis.com/v1beta/projects/mi-catalogo-de61a/instances 200

winston:file: logged 873883 [debug] [2026-06-08T20:38:54.637Z] <<< [apiv2][body] GET https://firebaseextensions.googleapis.com/v1beta/projects/mi-catalogo-de61a/instances {}

winston:file: logged 873963 [info] i  functions: Loaded environment variables from .env.mi-catalogo-de61a. 

winston:file: logged 874059 [debug] [2026-06-08T20:38:54.642Z] Checked if tokens are valid: true, expires at: 1780953737220

winston:file: logged 874155 [debug] [2026-06-08T20:38:54.642Z] Checked if tokens are valid: true, expires at: 1780953737220

winston:file: logged 874314 [debug] [2026-06-08T20:38:54.643Z] >>> [apiv2][query] GET https://secretmanager.googleapis.com/v1/projects/mi-catalogo-de61a/secrets/ONEPAY_PLATFORM_SK [none]

winston:file: written true false
[2026-06-08T20:38:55.211Z] <<< [apiv2][status] GET https://secretmanager.googleapis.com/v1/projects/mi-catalogo-de61a/secrets/ONEPAY_PLATFORM_SK 200
winston:file: written true false
[2026-06-08T20:38:55.211Z] <<< [apiv2][body] GET https://secretmanager.googleapis.com/v1/projects/mi-catalogo-de61a/secrets/ONEPAY_PLATFORM_SK {"name":"projects/126482806042/secrets/ONEPAY_PLATFORM_SK","replication":{"automatic":{}},"createTime":"2026-05-17T19:39:08.250518Z","labels":{"firebase-managed":"functions"},"etag":"\"165208997cee45\""}
winston:file: written true false
[2026-06-08T20:38:55.212Z] Checked if tokens are valid: true, expires at: 1780953737220
winston:file: written true false
[2026-06-08T20:38:55.212Z] Checked if tokens are valid: true, expires at: 1780953737220
winston:file: written true false
[2026-06-08T20:38:55.212Z] >>> [apiv2][query] GET https://secretmanager.googleapis.com/v1/projects/mi-catalogo-de61a/secrets/ONEPAY_PLATFORM_SK/versions/latest [none]
winston:file: logged 874471 [debug] [2026-06-08T20:38:55.211Z] <<< [apiv2][status] GET https://secretmanager.googleapis.com/v1/projects/mi-catalogo-de61a/secrets/ONEPAY_PLATFORM_SK 200

winston:file: logged 874826 [debug] [2026-06-08T20:38:55.211Z] <<< [apiv2][body] GET https://secretmanager.googleapis.com/v1/projects/mi-catalogo-de61a/secrets/ONEPAY_PLATFORM_SK {"name":"projects/126482806042/secrets/ONEPAY_PLATFORM_SK","replication":{"automatic":{}},"createTime":"2026-05-17T19:39:08.250518Z","labels":{"firebase-managed":"functions"},"etag":"\"165208997cee45\""}

winston:file: logged 874922 [debug] [2026-06-08T20:38:55.212Z] Checked if tokens are valid: true, expires at: 1780953737220

winston:file: logged 875018 [debug] [2026-06-08T20:38:55.212Z] Checked if tokens are valid: true, expires at: 1780953737220

winston:file: logged 875193 [debug] [2026-06-08T20:38:55.212Z] >>> [apiv2][query] GET https://secretmanager.googleapis.com/v1/projects/mi-catalogo-de61a/secrets/ONEPAY_PLATFORM_SK/versions/latest [none]

winston:file: written true false
[2026-06-08T20:38:55.355Z] <<< [apiv2][status] GET https://secretmanager.googleapis.com/v1/projects/mi-catalogo-de61a/secrets/ONEPAY_PLATFORM_SK/versions/latest 200
winston:file: written true false
[2026-06-08T20:38:55.356Z] <<< [apiv2][body] GET https://secretmanager.googleapis.com/v1/projects/mi-catalogo-de61a/secrets/ONEPAY_PLATFORM_SK/versions/latest {"name":"projects/126482806042/secrets/ONEPAY_PLATFORM_SK/versions/1","createTime":"2026-05-17T19:39:09.194232Z","state":"ENABLED","replicationStatus":{"automatic":{}},"etag":"\"165208998647f8\""}
winston:file: written true false
[2026-06-08T20:38:55.356Z] Checked if tokens are valid: true, expires at: 1780953737220
winston:file: written true false
[2026-06-08T20:38:55.357Z] Checked if tokens are valid: true, expires at: 1780953737220
winston:file: written true false
[2026-06-08T20:38:55.357Z] >>> [apiv2][query] GET https://secretmanager.googleapis.com/v1/projects/mi-catalogo-de61a/secrets/RESEND_API_KEY [none]
winston:file: logged 875366 [debug] [2026-06-08T20:38:55.355Z] <<< [apiv2][status] GET https://secretmanager.googleapis.com/v1/projects/mi-catalogo-de61a/secrets/ONEPAY_PLATFORM_SK/versions/latest 200

winston:file: logged 875730 [debug] [2026-06-08T20:38:55.356Z] <<< [apiv2][body] GET https://secretmanager.googleapis.com/v1/projects/mi-catalogo-de61a/secrets/ONEPAY_PLATFORM_SK/versions/latest {"name":"projects/126482806042/secrets/ONEPAY_PLATFORM_SK/versions/1","createTime":"2026-05-17T19:39:09.194232Z","state":"ENABLED","replicationStatus":{"automatic":{}},"etag":"\"165208998647f8\""}

winston:file: logged 875826 [debug] [2026-06-08T20:38:55.356Z] Checked if tokens are valid: true, expires at: 1780953737220

winston:file: logged 875922 [debug] [2026-06-08T20:38:55.357Z] Checked if tokens are valid: true, expires at: 1780953737220

winston:file: logged 876077 [debug] [2026-06-08T20:38:55.357Z] >>> [apiv2][query] GET https://secretmanager.googleapis.com/v1/projects/mi-catalogo-de61a/secrets/RESEND_API_KEY [none]

winston:file: written true false
[2026-06-08T20:38:55.566Z] <<< [apiv2][status] GET https://secretmanager.googleapis.com/v1/projects/mi-catalogo-de61a/secrets/RESEND_API_KEY 200
winston:file: written true false
[2026-06-08T20:38:55.566Z] <<< [apiv2][body] GET https://secretmanager.googleapis.com/v1/projects/mi-catalogo-de61a/secrets/RESEND_API_KEY {"name":"projects/126482806042/secrets/RESEND_API_KEY","replication":{"automatic":{}},"createTime":"2026-05-18T16:31:01.584997Z","labels":{"firebase-managed":"functions"},"etag":"\"16521a1694b136\""}
winston:file: written true false
[2026-06-08T20:38:55.566Z] Checked if tokens are valid: true, expires at: 1780953737220
winston:file: written true false
[2026-06-08T20:38:55.566Z] Checked if tokens are valid: true, expires at: 1780953737220
winston:file: written true false
[2026-06-08T20:38:55.566Z] >>> [apiv2][query] GET https://secretmanager.googleapis.com/v1/projects/mi-catalogo-de61a/secrets/RESEND_API_KEY/versions/latest [none]
winston:file: logged 876230 [debug] [2026-06-08T20:38:55.566Z] <<< [apiv2][status] GET https://secretmanager.googleapis.com/v1/projects/mi-catalogo-de61a/secrets/RESEND_API_KEY 200

winston:file: logged 876577 [debug] [2026-06-08T20:38:55.566Z] <<< [apiv2][body] GET https://secretmanager.googleapis.com/v1/projects/mi-catalogo-de61a/secrets/RESEND_API_KEY {"name":"projects/126482806042/secrets/RESEND_API_KEY","replication":{"automatic":{}},"createTime":"2026-05-18T16:31:01.584997Z","labels":{"firebase-managed":"functions"},"etag":"\"16521a1694b136\""}

winston:file: logged 876673 [debug] [2026-06-08T20:38:55.566Z] Checked if tokens are valid: true, expires at: 1780953737220

winston:file: logged 876769 [debug] [2026-06-08T20:38:55.566Z] Checked if tokens are valid: true, expires at: 1780953737220

winston:file: logged 876940 [debug] [2026-06-08T20:38:55.566Z] >>> [apiv2][query] GET https://secretmanager.googleapis.com/v1/projects/mi-catalogo-de61a/secrets/RESEND_API_KEY/versions/latest [none]

winston:file: written true false
[2026-06-08T20:38:55.757Z] <<< [apiv2][status] GET https://secretmanager.googleapis.com/v1/projects/mi-catalogo-de61a/secrets/RESEND_API_KEY/versions/latest 200
winston:file: written true false
[2026-06-08T20:38:55.757Z] <<< [apiv2][body] GET https://secretmanager.googleapis.com/v1/projects/mi-catalogo-de61a/secrets/RESEND_API_KEY/versions/latest {"name":"projects/126482806042/secrets/RESEND_API_KEY/versions/1","createTime":"2026-05-18T16:31:02.385705Z","state":"ENABLED","replicationStatus":{"automatic":{}},"etag":"\"16521a169ea029\""}
winston:file: written true false
[2026-06-08T20:38:55.758Z] Checked if tokens are valid: true, expires at: 1780953737220
winston:file: written true false
[2026-06-08T20:38:55.758Z] Checked if tokens are valid: true, expires at: 1780953737220
winston:file: written true false
[2026-06-08T20:38:55.758Z] >>> [apiv2][query] GET https://secretmanager.googleapis.com/v1/projects/mi-catalogo-de61a/secrets/ENVIA_API_TOKEN [none]
winston:file: logged 877109 [debug] [2026-06-08T20:38:55.757Z] <<< [apiv2][status] GET https://secretmanager.googleapis.com/v1/projects/mi-catalogo-de61a/secrets/RESEND_API_KEY/versions/latest 200

winston:file: logged 877465 [debug] [2026-06-08T20:38:55.757Z] <<< [apiv2][body] GET https://secretmanager.googleapis.com/v1/projects/mi-catalogo-de61a/secrets/RESEND_API_KEY/versions/latest {"name":"projects/126482806042/secrets/RESEND_API_KEY/versions/1","createTime":"2026-05-18T16:31:02.385705Z","state":"ENABLED","replicationStatus":{"automatic":{}},"etag":"\"16521a169ea029\""}

winston:file: logged 877561 [debug] [2026-06-08T20:38:55.758Z] Checked if tokens are valid: true, expires at: 1780953737220

winston:file: logged 877657 [debug] [2026-06-08T20:38:55.758Z] Checked if tokens are valid: true, expires at: 1780953737220

winston:file: logged 877813 [debug] [2026-06-08T20:38:55.758Z] >>> [apiv2][query] GET https://secretmanager.googleapis.com/v1/projects/mi-catalogo-de61a/secrets/ENVIA_API_TOKEN [none]

winston:file: written true false
[2026-06-08T20:38:55.962Z] <<< [apiv2][status] GET https://secretmanager.googleapis.com/v1/projects/mi-catalogo-de61a/secrets/ENVIA_API_TOKEN 200
winston:file: written true false
[2026-06-08T20:38:55.962Z] <<< [apiv2][body] GET https://secretmanager.googleapis.com/v1/projects/mi-catalogo-de61a/secrets/ENVIA_API_TOKEN {"name":"projects/126482806042/secrets/ENVIA_API_TOKEN","replication":{"automatic":{}},"createTime":"2026-05-23T20:47:17.031572Z","labels":{"firebase-managed":"functions"},"etag":"\"165282404031cb\""}
winston:file: written true false
[2026-06-08T20:38:55.963Z] Checked if tokens are valid: true, expires at: 1780953737220
winston:file: written true false
[2026-06-08T20:38:55.963Z] Checked if tokens are valid: true, expires at: 1780953737220
winston:file: written true false
[2026-06-08T20:38:55.963Z] >>> [apiv2][query] GET https://secretmanager.googleapis.com/v1/projects/mi-catalogo-de61a/secrets/ENVIA_API_TOKEN/versions/latest [none]
winston:file: logged 877967 [debug] [2026-06-08T20:38:55.962Z] <<< [apiv2][status] GET https://secretmanager.googleapis.com/v1/projects/mi-catalogo-de61a/secrets/ENVIA_API_TOKEN 200

winston:file: logged 878316 [debug] [2026-06-08T20:38:55.962Z] <<< [apiv2][body] GET https://secretmanager.googleapis.com/v1/projects/mi-catalogo-de61a/secrets/ENVIA_API_TOKEN {"name":"projects/126482806042/secrets/ENVIA_API_TOKEN","replication":{"automatic":{}},"createTime":"2026-05-23T20:47:17.031572Z","labels":{"firebase-managed":"functions"},"etag":"\"165282404031cb\""}

winston:file: logged 878412 [debug] [2026-06-08T20:38:55.963Z] Checked if tokens are valid: true, expires at: 1780953737220

winston:file: logged 878508 [debug] [2026-06-08T20:38:55.963Z] Checked if tokens are valid: true, expires at: 1780953737220

winston:file: logged 878680 [debug] [2026-06-08T20:38:55.963Z] >>> [apiv2][query] GET https://secretmanager.googleapis.com/v1/projects/mi-catalogo-de61a/secrets/ENVIA_API_TOKEN/versions/latest [none]

winston:file: written true false
[2026-06-08T20:38:56.148Z] <<< [apiv2][status] GET https://secretmanager.googleapis.com/v1/projects/mi-catalogo-de61a/secrets/ENVIA_API_TOKEN/versions/latest 200
winston:file: written true false
[2026-06-08T20:38:56.148Z] <<< [apiv2][body] GET https://secretmanager.googleapis.com/v1/projects/mi-catalogo-de61a/secrets/ENVIA_API_TOKEN/versions/latest {"name":"projects/126482806042/secrets/ENVIA_API_TOKEN/versions/1","createTime":"2026-05-23T20:47:18.118169Z","state":"ENABLED","replicationStatus":{"automatic":{}},"etag":"\"165282404a8f19\""}
winston:file: written true false
i  functions: preparing functions directory for uploading... 
winston:file: logged 878850 [debug] [2026-06-08T20:38:56.148Z] <<< [apiv2][status] GET https://secretmanager.googleapis.com/v1/projects/mi-catalogo-de61a/secrets/ENVIA_API_TOKEN/versions/latest 200

winston:file: logged 879208 [debug] [2026-06-08T20:38:56.148Z] <<< [apiv2][body] GET https://secretmanager.googleapis.com/v1/projects/mi-catalogo-de61a/secrets/ENVIA_API_TOKEN/versions/latest {"name":"projects/126482806042/secrets/ENVIA_API_TOKEN/versions/1","createTime":"2026-05-23T20:47:18.118169Z","state":"ENABLED","replicationStatus":{"automatic":{}},"etag":"\"165282404a8f19\""}

winston:file: logged 879277 [info] i  functions: preparing functions directory for uploading... 

winston:file: written true false
i  functions: packaged /Users/alejo/Documents/mi-catalogo/functions (22 B) for uploading 
winston:file: written true false
[2026-06-08T20:38:56.165Z] Checked if tokens are valid: true, expires at: 1780953737220
winston:file: written true false
[2026-06-08T20:38:56.165Z] Checked if tokens are valid: true, expires at: 1780953737220
winston:file: written true false
[2026-06-08T20:38:56.165Z] >>> [apiv2][query] GET https://cloudfunctions.googleapis.com/v1/projects/mi-catalogo-de61a/locations/-/functions [none]
winston:file: logged 879374 [info] i  functions: packaged /Users/alejo/Documents/mi-catalogo/functions (22 B) for uploading 

winston:file: logged 879470 [debug] [2026-06-08T20:38:56.165Z] Checked if tokens are valid: true, expires at: 1780953737220

winston:file: logged 879566 [debug] [2026-06-08T20:38:56.165Z] Checked if tokens are valid: true, expires at: 1780953737220

winston:file: logged 879721 [debug] [2026-06-08T20:38:56.165Z] >>> [apiv2][query] GET https://cloudfunctions.googleapis.com/v1/projects/mi-catalogo-de61a/locations/-/functions [none]

winston:file: written true false
[2026-06-08T20:38:57.087Z] <<< [apiv2][status] GET https://cloudfunctions.googleapis.com/v1/projects/mi-catalogo-de61a/locations/-/functions 200
winston:file: written true false
[2026-06-08T20:38:57.087Z] <<< [apiv2][body] GET https://cloudfunctions.googleapis.com/v1/projects/mi-catalogo-de61a/locations/-/functions {}
winston:file: written true false
[2026-06-08T20:38:57.088Z] Checked if tokens are valid: true, expires at: 1780953737220
winston:file: written true false
[2026-06-08T20:38:57.088Z] Checked if tokens are valid: true, expires at: 1780953737220
winston:file: written true false
[2026-06-08T20:38:57.088Z] >>> [apiv2][query] GET https://cloudfunctions.googleapis.com/v2/projects/mi-catalogo-de61a/locations/-/functions filter=environment%3D%22GEN_2%22
winston:file: logged 879874 [debug] [2026-06-08T20:38:57.087Z] <<< [apiv2][status] GET https://cloudfunctions.googleapis.com/v1/projects/mi-catalogo-de61a/locations/-/functions 200

winston:file: logged 880024 [debug] [2026-06-08T20:38:57.087Z] <<< [apiv2][body] GET https://cloudfunctions.googleapis.com/v1/projects/mi-catalogo-de61a/locations/-/functions {}

winston:file: logged 880120 [debug] [2026-06-08T20:38:57.088Z] Checked if tokens are valid: true, expires at: 1780953737220

winston:file: logged 880216 [debug] [2026-06-08T20:38:57.088Z] Checked if tokens are valid: true, expires at: 1780953737220

winston:file: logged 880397 [debug] [2026-06-08T20:38:57.088Z] >>> [apiv2][query] GET https://cloudfunctions.googleapis.com/v2/projects/mi-catalogo-de61a/locations/-/functions filter=environment%3D%22GEN_2%22

winston:file: written true false
[2026-06-08T20:38:57.571Z] <<< [apiv2][status] GET https://cloudfunctions.googleapis.com/v2/projects/mi-catalogo-de61a/locations/-/functions 200
winston:file: written false true
[2026-06-08T20:38:57.571Z] <<< [apiv2][body] GET https://cloudfunctions.googleapis.com/v2/projects/mi-catalogo-de61a/locations/-/functions {"functions":[{"name":"projects/mi-catalogo-de61a/locations/us-central1/functions/mcOnepayMerchantPayments","buildConfig":{"build":"projects/126482806042/locations/us-central1/builds/8a506186-117d-40ff-9958-2fef0c3694d5","runtime":"nodejs22","entryPoint":"mcOnepayMerchantPayments","source":{"storageSource":{"bucket":"gcf-v2-sources-126482806042-us-central1","object":"mcOnepayMerchantPayments/function-source.zip","generation":"1780944595507395"}},"environmentVariables":{"GOOGLE_NODE_RUN_SCRIPTS":""},"dockerRepository":"projects/mi-catalogo-de61a/locations/us-central1/repositories/gcf-artifacts","sourceProvenance":{"resolvedStorageSource":{"bucket":"gcf-v2-sources-126482806042-us-central1","object":"mcOnepayMerchantPayments/function-source.zip","generation":"1780944595507395"}},"dockerRegistry":"ARTIFACT_REGISTRY","serviceAccount":"projects/mi-catalogo-de61a/serviceAccounts/126482806042-compute@developer.gserviceaccount.com","automaticUpdatePolicy":{}},"serviceConfig":{"service":"projects/mi-catalogo-de61a/locations/us-central1/services/mconepaymerchantpayments","timeoutSeconds":60,"environmentVariables":{"MC_PUBLIC_ORIGIN":"https://micatalogo.io","FIREBASE_CONFIG":"{\"projectId\":\"mi-catalogo-de61a\",\"storageBucket\":\"mi-catalogo-de61a.firebasestorage.app\"}","GCLOUD_PROJECT":"mi-catalogo-de61a","EVENTARC_CLOUD_EVENT_SOURCE":"projects/mi-catalogo-de61a/locations/us-central1/services/mcOnepayMerchantPayments","FUNCTION_TARGET":"mcOnepayMerchantPayments","LOG_EXECUTION_ID":"true","FUNCTION_SIGNATURE_TYPE":"http"},"maxInstanceCount":20,"ingressSettings":"ALLOW_ALL","uri":"https://mconepaymerchantpayments-wl6hcej5xa-uc.a.run.app","serviceAccountEmail":"126482806042-compute@developer.gserviceaccount.com","availableMemory":"256Mi","allTrafficOnLatestRevision":true,"revision":"mconepaymerchantpayments-00035-nef","maxInstanceRequestConcurrency":80,"availableCpu":"1"},"state":"ACTIVE","updateTime":"2026-06-08T19:13:15.257471468Z","labels":{"firebase-functions-hash":"4de99a886713ecd58bcf1acd75f0735e944b8935","deployment-tool":"cli-firebase","deployment-callable":"true"},"environment":"GEN_2","url":"https://us-central1-mi-catalogo-de61a.cloudfunctions.net/mcOnepayMerchantPayments","createTime":"2026-05-17T21:42:55.345238013Z","satisfiesPzi":true},{"name":"projects/mi-catalogo-de61a/locations/us-central1/functions/mcRecordStoreAnalytics","buildConfig":{"build":"projects/126482806042/locations/us-central1/builds/8a506186-117d-40ff-9958-2fef0c3694d5","runtime":"nodejs22","entryPoint":"mcRecordStoreAnalytics","source":{"storageSource":{"bucket":"gcf-v2-sources-126482806042-us-central1","object":"mcRecordStoreAnalytics/function-source.zip","generation":"1780944595467886"}},"environmentVariables":{"GOOGLE_NODE_RUN_SCRIPTS":""},"dockerRepository":"projects/mi-catalogo-de61a/locations/us-central1/repositories/gcf-artifacts","sourceProvenance":{"resolvedStorageSource":{"bucket":"gcf-v2-sources-126482806042-us-central1","object":"mcRecordStoreAnalytics/function-source.zip","generation":"1780944595467886"}},"dockerRegistry":"ARTIFACT_REGISTRY","serviceAccount":"projects/mi-catalogo-de61a/serviceAccounts/126482806042-compute@developer.gserviceaccount.com","automaticUpdatePolicy":{}},"serviceConfig":{"service":"projects/mi-catalogo-de61a/locations/us-central1/services/mcrecordstoreanalytics","timeoutSeconds":60,"environmentVariables":{"MC_PUBLIC_ORIGIN":"https://micatalogo.io","FIREBASE_CONFIG":"{\"projectId\":\"mi-catalogo-de61a\",\"storageBucket\":\"mi-catalogo-de61a.firebasestorage.app\"}","GCLOUD_PROJECT":"mi-catalogo-de61a","EVENTARC_CLOUD_EVENT_SOURCE":"projects/mi-catalogo-de61a/locations/us-central1/services/mcRecordStoreAnalytics","FUNCTION_TARGET":"mcRecordStoreAnalytics","LOG_EXECUTION_ID":"true","FUNCTION_SIGNATURE_TYPE":"http"},"maxInstanceCount":20,"ingressSettings":"ALLOW_ALL","uri":"https://mcrecordstoreanalytics-wl6hcej5xa-uc.a.run.app","serviceAccountEmail":"126482806042-compute@developer.gserviceaccount.com","availableMemory":"256Mi","allTrafficOnLatestRevision":true,"revision":"mcrecordstoreanalytics-00013-zoy","maxInstanceRequestConcurrency":80,"availableCpu":"1"},"state":"ACTIVE","updateTime":"2026-06-08T19:13:46.369821343Z","labels":{"firebase-functions-hash":"4de99a886713ecd58bcf1acd75f0735e944b8935","deployment-tool":"cli-firebase","deployment-callable":"true"},"environment":"GEN_2","url":"https://us-central1-mi-catalogo-de61a.cloudfunctions.net/mcRecordStoreAnalytics","createTime":"2026-05-23T23:23:51.215168675Z","satisfiesPzi":true},{"name":"projects/mi-catalogo-de61a/locations/us-central1/functions/mcOnepaySellerSaldoSummary","buildConfig":{"build":"projects/126482806042/locations/us-central1/builds/8a506186-117d-40ff-9958-2fef0c3694d5","runtime":"nodejs22","entryPoint":"mcOnepaySellerSaldoSummary","source":{"storageSource":{"bucket":"gcf-v2-sources-126482806042-us-central1","object":"mcOnepaySellerSaldoSummary/function-source.zip","generation":"1780944595470946"}},"environmentVariables":{"GOOGLE_NODE_RUN_SCRIPTS":""},"dockerRepository":"projects/mi-catalogo-de61a/locations/us-central1/repositories/gcf-artifacts","sourceProvenance":{"resolvedStorageSource":{"bucket":"gcf-v2-sources-126482806042-us-central1","object":"mcOnepaySellerSaldoSummary/function-source.zip","generation":"1780944595470946"}},"dockerRegistry":"ARTIFACT_REGISTRY","serviceAccount":"projects/mi-catalogo-de61a/serviceAccounts/126482806042-compute@developer.gserviceaccount.com","automaticUpdatePolicy":{}},"serviceConfig":{"service":"projects/mi-catalogo-de61a/locations/us-central1/services/mconepaysellersaldosummary","timeoutSeconds":60,"environmentVariables":{"MC_PUBLIC_ORIGIN":"https://micatalogo.io","FIREBASE_CONFIG":"{\"projectId\":\"mi-catalogo-de61a\",\"storageBucket\":\"mi-catalogo-de61a.firebasestorage.app\"}","GCLOUD_PROJECT":"mi-catalogo-de61a","EVENTARC_CLOUD_EVENT_SOURCE":"projects/mi-catalogo-de61a/locations/us-central1/services/mcOnepaySellerSaldoSummary","FUNCTION_TARGET":"mcOnepaySellerSaldoSummary","LOG_EXECUTION_ID":"true","FUNCTION_SIGNATURE_TYPE":"http"},"maxInstanceCount":20,"ingressSettings":"ALLOW_ALL","uri":"https://mconepaysellersaldosummary-wl6hcej5xa-uc.a.run.app","serviceAccountEmail":"126482806042-compute@developer.gserviceaccount.com","availableMemory":"256Mi","allTrafficOnLatestRevision":true,"revision":"mconepaysellersaldosummary-00014-dof","maxInstanceRequestConcurrency":80,"availableCpu":"1"},"state":"ACTIVE","updateTime":"2026-06-08T19:13:23.524866527Z","labels":{"deployment-tool":"cli-firebase","deployment-callable":"true","firebase-functions-hash":"4de99a886713ecd58bcf1acd75f0735e944b8935"},"environment":"GEN_2","url":"https://us-central1-mi-catalogo-de61a.cloudfunctions.net/mcOnepaySellerSaldoSummary","createTime":"2026-05-20T06:06:07.957662602Z","satisfiesPzi":true},{"name":"projects/mi-catalogo-de61a/locations/us-central1/functions/mcSetSalesRepActive","buildConfig":{"build":"projects/126482806042/locations/us-central1/builds/8a506186-117d-40ff-9958-2fef0c3694d5","runtime":"nodejs22","entryPoint":"mcSetSalesRepActive","source":{"storageSource":{"bucket":"gcf-v2-sources-126482806042-us-central1","object":"mcSetSalesRepActive/function-source.zip","generation":"1780944594697096"}},"environmentVariables":{"GOOGLE_NODE_RUN_SCRIPTS":""},"dockerRepository":"projects/mi-catalogo-de61a/locations/us-central1/repositories/gcf-artifacts","sourceProvenance":{"resolvedStorageSource":{"bucket":"gcf-v2-sources-126482806042-us-central1","object":"mcSetSalesRepActive/function-source.zip","generation":"1780944594697096"}},"dockerRegistry":"ARTIFACT_REGISTRY","serviceAccount":"projects/mi-catalogo-de61a/serviceAccounts/126482806042-compute@developer.gserviceaccount.com","automaticUpdatePolicy":{}},"serviceConfig":{"service":"projects/mi-catalogo-de61a/locations/us-central1/services/mcsetsalesrepactive","timeoutSeconds":60,"environmentVariables":{"MC_PUBLIC_ORIGIN":"https://micatalogo.io","FIREBASE_CONFIG":"{\"projectId\":\"mi-catalogo-de61a\",\"storageBucket\":\"mi-catalogo-de61a.firebasestorage.app\"}","GCLOUD_PROJECT":"mi-catalogo-de61a","EVENTARC_CLOUD_EVENT_SOURCE":"projects/mi-catalogo-de61a/locations/us-central1/services/mcSetSalesRepActive","FUNCTION_TARGET":"mcSetSalesRepActive","LOG_EXECUTION_ID":"true","FUNCTION_SIGNATURE_TYPE":"http"},"ingressSettings":"ALLOW_ALL","uri":"https://mcsetsalesrepactive-wl6hcej5xa-uc.a.run.app","serviceAccountEmail":"126482806042-compute@developer.gserviceaccount.com","availableMemory":"256Mi","allTrafficOnLatestRevision":true,"revision":"mcsetsalesrepactive-00001-wam","maxInstanceRequestConcurrency":80,"availableCpu":"1"},"state":"ACTIVE","updateTime":"2026-06-08T19:13:56.081346996Z","labels":{"firebase-functions-hash":"4de99a886713ecd58bcf1acd75f0735e944b8935","deployment-tool":"cli-firebase","deployment-callable":"true"},"environment":"GEN_2","url":"https://us-central1-mi-catalogo-de61a.cloudfunctions.net/mcSetSalesRepActive","createTime":"2026-06-08T18:49:54.901281260Z","satisfiesPzi":true},{"name":"projects/mi-catalogo-de61a/locations/us-central1/functions/mcOnepayUnlinkPlatformPasarela","buildConfig":{"build":"projects/126482806042/locations/us-central1/builds/8a506186-117d-40ff-9958-2fef0c3694d5","runtime":"nodejs22","entryPoint":"mcOnepayUnlinkPlatformPasarela","source":{"storageSource":{"bucket":"gcf-v2-sources-126482806042-us-central1","object":"mcOnepayUnlinkPlatformPasarela/function-source.zip","generation":"1780944595356300"}},"environmentVariables":{"GOOGLE_NODE_RUN_SCRIPTS":""},"dockerRepository":"projects/mi-catalogo-de61a/locations/us-central1/repositories/gcf-artifacts","sourceProvenance":{"resolvedStorageSource":{"bucket":"gcf-v2-sources-126482806042-us-central1","object":"mcOnepayUnlinkPlatformPasarela/function-source.zip","generation":"1780944595356300"}},"dockerRegistry":"ARTIFACT_REGISTRY","serviceAccount":"projects/mi-catalogo-de61a/serviceAccounts/126482806042-compute@developer.gserviceaccount.com","automaticUpdatePolicy":{}},"serviceConfig":{"service":"projects/mi-catalogo-de61a/locations/us-central1/services/mconepayunlinkplatformpasarela","timeoutSeconds":60,"environmentVariables":{"MC_PUBLIC_ORIGIN":"https://micatalogo.io","FIREBASE_CONFIG":"{\"projectId\":\"mi-catalogo-de61a\",\"storageBucket\":\"mi-catalogo-de61a.firebasestorage.app\"}","GCLOUD_PROJECT":"mi-catalogo-de61a","EVENTARC_CLOUD_EVENT_SOURCE":"projects/mi-catalogo-de61a/locations/us-central1/services/mcOnepayUnlinkPlatformPasarela","FUNCTION_TARGET":"mcOnepayUnlinkPlatformPasarela","LOG_EXECUTION_ID":"true","FUNCTION_SIGNATURE_TYPE":"http"},"maxInstanceCount":20,"ingressSettings":"ALLOW_ALL","uri":"https://mconepayunlinkplatformpasarela-wl6hcej5xa-uc.a.run.app","serviceAccountEmail":"126482806042-compute@developer.gserviceaccount.com","availableMemory":"256Mi","allTrafficOnLatestRevision":true,"revision":"mconepayunlinkplatformpasarela-00032-gaq","maxInstanceRequestConcurrency":80,"availableCpu":"1"},"state":"ACTIVE","updateTime":"2026-06-08T19:13:17.533379506Z","labels":{"deployment-callable":"true","firebase-functions-hash":"4de99a886713ecd58bcf1acd75f0735e944b8935","deployment-tool":"cli-firebase"},"environment":"GEN_2","url":"https://us-central1-mi-catalogo-de61a.cloudfunctions.net/mcOnepayUnlinkPlatformPasarela","createTime":"2026-05-18T04:50:52.538175962Z","satisfiesPzi":true},{"name":"projects/mi-catalogo-de61a/locations/us-central1/functions/mcBillingValidateDiscountCode","buildConfig":{"build":"projects/126482806042/locations/us-central1/builds/8a506186-117d-40ff-9958-2fef0c3694d5","runtime":"nodejs22","entryPoint":"mcBillingValidateDiscountCode","source":{"storageSource":{"bucket":"gcf-v2-sources-126482806042-us-central1","object":"mcBillingValidateDiscountCode/function-source.zip","generation":"1780944595698606"}},"environmentVariables":{"GOOGLE_NODE_RUN_SCRIPTS":""},"dockerRepository":"projects/mi-catalogo-de61a/locations/us-central1/repositories/gcf-artifacts","sourceProvenance":{"resolvedStorageSource":{"bucket":"gcf-v2-sources-126482806042-us-central1","object":"mcBillingValidateDiscountCode/function-source.zip","generation":"1780944595698606"}},"dockerRegistry":"ARTIFACT_REGISTRY","serviceAccount":"projects/mi-catalogo-de61a/serviceAccounts/126482806042-compute@developer.gserviceaccount.com","automaticUpdatePolicy":{}},"serviceConfig":{"service":"projects/mi-catalogo-de61a/locations/us-central1/services/mcbillingvalidatediscountcode","timeoutSeconds":60,"environmentVariables":{"MC_PUBLIC_ORIGIN":"https://micatalogo.io","FIREBASE_CONFIG":"{\"projectId\":\"mi-catalogo-de61a\",\"storageBucket\":\"mi-catalogo-de61a.firebasestorage.app\"}","GCLOUD_PROJECT":"mi-catalogo-de61a","EVENTARC_CLOUD_EVENT_SOURCE":"projects/mi-catalogo-de61a/locations/us-central1/services/mcBillingValidateDiscountCode","FUNCTION_TARGET":"mcBillingValidateDiscountCode","LOG_EXECUTION_ID":"true","FUNCTION_SIGNATURE_TYPE":"http"},"maxInstanceCount":20,"ingressSettings":"ALLOW_ALL","uri":"https://mcbillingvalidatediscountcode-wl6hcej5xa-uc.a.run.app","serviceAccountEmail":"126482806042-compute@developer.gserviceaccount.com","availableMemory":"256Mi","allTrafficOnLatestRevision":true,"revision":"mcbillingvalidatediscountcode-00019-qot","maxInstanceRequestConcurrency":80,"availableCpu":"1"},"state":"ACTIVE","updateTime":"2026-06-08T19:13:19.922684553Z","labels":{"deployment-tool":"cli-firebase","deployment-callable":"true","firebase-functions-hash":"4de99a886713ecd58bcf1acd75f0735e944b8935"},"environment":"GEN_2","url":"https://us-central1-mi-catalogo-de61a.cloudfunctions.net/mcBillingValidateDiscountCode","createTime":"2026-05-20T04:13:08.119276402Z","satisfiesPzi":true},{"name":"projects/mi-catalogo-de61a/locations/us-central1/functions/mcOnepayCatalogWebhook","buildConfig":{"build":"projects/126482806042/locations/us-central1/builds/8a506186-117d-40ff-9958-2fef0c3694d5","runtime":"nodejs22","entryPoint":"mcOnepayCatalogWebhook","source":{"storageSource":{"bucket":"gcf-v2-sources-126482806042-us-central1","object":"mcOnepayCatalogWebhook/function-source.zip","generation":"1780944595786553"}},"environmentVariables":{"GOOGLE_NODE_RUN_SCRIPTS":""},"dockerRepository":"projects/mi-catalogo-de61a/locations/us-central1/repositories/gcf-artifacts","sourceProvenance":{"resolvedStorageSource":{"bucket":"gcf-v2-sources-126482806042-us-central1","object":"mcOnepayCatalogWebhook/function-source.zip","generation":"1780944595786553"}},"dockerRegistry":"ARTIFACT_REGISTRY","serviceAccount":"projects/mi-catalogo-de61a/serviceAccounts/126482806042-compute@developer.gserviceaccount.com","automaticUpdatePolicy":{}},"serviceConfig":{"service":"projects/mi-catalogo-de61a/locations/us-central1/services/mconepaycatalogwebhook","timeoutSeconds":60,"environmentVariables":{"MC_PUBLIC_ORIGIN":"https://micatalogo.io","FIREBASE_CONFIG":"{\"projectId\":\"mi-catalogo-de61a\",\"storageBucket\":\"mi-catalogo-de61a.firebasestorage.app\"}","GCLOUD_PROJECT":"mi-catalogo-de61a","EVENTARC_CLOUD_EVENT_SOURCE":"projects/mi-catalogo-de61a/locations/us-central1/services/mcOnepayCatalogWebhook","FUNCTION_TARGET":"mcOnepayCatalogWebhook","LOG_EXECUTION_ID":"true","FUNCTION_SIGNATURE_TYPE":"http"},"maxInstanceCount":20,"ingressSettings":"ALLOW_ALL","uri":"https://mconepaycatalogwebhook-wl6hcej5xa-uc.a.run.app","serviceAccountEmail":"126482806042-compute@developer.gserviceaccount.com","availableMemory":"256Mi","allTrafficOnLatestRevision":true,"secretEnvironmentVariables":[{"key":"RESEND_API_KEY","projectId":"mi-catalogo-de61a","secret":"RESEND_API_KEY","version":"1"}],"revision":"mconepaycatalogwebhook-00037-voc","maxInstanceRequestConcurrency":80,"availableCpu":"1"},"state":"ACTIVE","updateTime":"2026-06-08T19:13:51.885067685Z","labels":{"deployment-tool":"cli-firebase","firebase-functions-hash":"8f6ec07019288fc339fbdaa8c67f48c40ade5154"},"environment":"GEN_2","url":"https://us-central1-mi-catalogo-de61a.cloudfunctions.net/mcOnepayCatalogWebhook","createTime":"2026-04-23T04:47:57.709086013Z","satisfiesPzi":true},{"name":"projects/mi-catalogo-de61a/locations/us-central1/functions/mcSendCarritoRecuperacionEmail","buildConfig":{"build":"projects/126482806042/locations/us-central1/builds/8a506186-117d-40ff-9958-2fef0c3694d5","runtime":"nodejs22","entryPoint":"mcSendCarritoRecuperacionEmail","source":{"storageSource":{"bucket":"gcf-v2-sources-126482806042-us-central1","object":"mcSendCarritoRecuperacionEmail/function-source.zip","generation":"1780944604644155"}},"environmentVariables":{"GOOGLE_NODE_RUN_SCRIPTS":""},"dockerRepository":"projects/mi-catalogo-de61a/locations/us-central1/repositories/gcf-artifacts","sourceProvenance":{"resolvedStorageSource":{"bucket":"gcf-v2-sources-126482806042-us-central1","object":"mcSendCarritoRecuperacionEmail/function-source.zip","generation":"1780944604644155"}},"dockerRegistry":"ARTIFACT_REGISTRY","serviceAccount":"projects/mi-catalogo-de61a/serviceAccounts/126482806042-compute@developer.gserviceaccount.com","automaticUpdatePolicy":{}},"serviceConfig":{"service":"projects/mi-catalogo-de61a/locations/us-central1/services/mcsendcarritorecuperacionemail","timeoutSeconds":60,"environmentVariables":{"MC_PUBLIC_ORIGIN":"https://micatalogo.io","FIREBASE_CONFIG":"{\"projectId\":\"mi-catalogo-de61a\",\"storageBucket\":\"mi-catalogo-de61a.firebasestorage.app\"}","GCLOUD_PROJECT":"mi-catalogo-de61a","EVENTARC_CLOUD_EVENT_SOURCE":"projects/mi-catalogo-de61a/locations/us-central1/services/mcSendCarritoRecuperacionEmail","FUNCTION_TARGET":"mcSendCarritoRecuperacionEmail","LOG_EXECUTION_ID":"true","FUNCTION_SIGNATURE_TYPE":"http"},"maxInstanceCount":20,"ingressSettings":"ALLOW_ALL","uri":"https://mcsendcarritorecuperacionemail-wl6hcej5xa-uc.a.run.app","serviceAccountEmail":"126482806042-compute@developer.gserviceaccount.com","availableMemory":"256Mi","allTrafficOnLatestRevision":true,"secretEnvironmentVariables":[{"key":"RESEND_API_KEY","projectId":"mi-catalogo-de61a","secret":"RESEND_API_KEY","version":"1"}],"revision":"mcsendcarritorecuperacionemail-00008-han","maxInstanceRequestConcurrency":80,"availableCpu":"1"},"state":"ACTIVE","updateTime":"2026-06-08T19:13:24.640567166Z","labels":{"deployment-callable":"true","firebase-functions-hash":"8f6ec07019288fc339fbdaa8c67f48c40ade5154","deployment-tool":"cli-firebase"},"environment":"GEN_2","url":"https://us-central1-mi-catalogo-de61a.cloudfunctions.net/mcSendCarritoRecuperacionEmail","createTime":"2026-05-24T15:45:19.150883541Z","satisfiesPzi":true},{"name":"projects/mi-catalogo-de61a/locations/us-central1/functions/mcBillingListPaymentHistoryCallable","buildConfig":{"build":"projects/126482806042/locations/us-central1/builds/8a506186-117d-40ff-9958-2fef0c3694d5","runtime":"nodejs22","entryPoint":"mcBillingListPaymentHistoryCallable","source":{"storageSource":{"bucket":"gcf-v2-sources-126482806042-us-central1","object":"mcBillingListPaymentHistoryCallable/function-source.zip","generation":"1780944595373992"}},"environmentVariables":{"GOOGLE_NODE_RUN_SCRIPTS":""},"dockerRepository":"projects/mi-catalogo-de61a/locations/us-central1/repositories/gcf-artifacts","sourceProvenance":{"resolvedStorageSource":{"bucket":"gcf-v2-sources-126482806042-us-central1","object":"mcBillingListPaymentHistoryCallable/function-source.zip","generation":"1780944595373992"}},"dockerRegistry":"ARTIFACT_REGISTRY","serviceAccount":"projects/mi-catalogo-de61a/serviceAccounts/126482806042-compute@developer.gserviceaccount.com","automaticUpdatePolicy":{}},"serviceConfig":{"service":"projects/mi-catalogo-de61a/locations/us-central1/services/mcbillinglistpaymenthistorycallable","timeoutSeconds":60,"environmentVariables":{"MC_PUBLIC_ORIGIN":"https://micatalogo.io","FIREBASE_CONFIG":"{\"projectId\":\"mi-catalogo-de61a\",\"storageBucket\":\"mi-catalogo-de61a.firebasestorage.app\"}","GCLOUD_PROJECT":"mi-catalogo-de61a","EVENTARC_CLOUD_EVENT_SOURCE":"projects/mi-catalogo-de61a/locations/us-central1/services/mcBillingListPaymentHistoryCallable","FUNCTION_TARGET":"mcBillingListPaymentHistoryCallable","LOG_EXECUTION_ID":"true","FUNCTION_SIGNATURE_TYPE":"http"},"maxInstanceCount":20,"ingressSettings":"ALLOW_ALL","uri":"https://mcbillinglistpaymenthistorycallable-wl6hcej5xa-uc.a.run.app","serviceAccountEmail":"126482806042-compute@developer.gserviceaccount.com","availableMemory":"256Mi","allTrafficOnLatestRevision":true,"revision":"mcbillinglistpaymenthistorycallable-00016-siw","maxInstanceRequestConcurrency":80,"availableCpu":"1"},"state":"ACTIVE","updateTime":"2026-06-08T19:13:41.609197108Z","labels":{"deployment-tool":"cli-firebase","deployment-callable":"true","firebase-functions-hash":"4de99a886713ecd58bcf1acd75f0735e944b8935"},"environment":"GEN_2","url":"https://us-central1-mi-catalogo-de61a.cloudfunctions.net/mcBillingListPaymentHistoryCallable","createTime":"2026-05-20T05:16:12.554631140Z","satisfiesPzi":true},{"name":"projects/mi-catalogo-de61a/locations/us-central1/functions/mcStopStoreImpersonation","buildConfig":{"build":"projects/126482806042/locations/us-central1/builds/8a506186-117d-40ff-9958-2fef0c3694d5","runtime":"nodejs22","entryPoint":"mcStopStoreImpersonation","source":{"storageSource":{"bucket":"gcf-v2-sources-126482806042-us-central1","object":"mcStopStoreImpersonation/function-source.zip","generation":"1780944612731957"}},"environmentVariables":{"GOOGLE_NODE_RUN_SCRIPTS":""},"dockerRepository":"projects/mi-catalogo-de61a/locations/us-central1/repositories/gcf-artifacts","sourceProvenance":{"resolvedStorageSource":{"bucket":"gcf-v2-sources-126482806042-us-central1","object":"mcStopStoreImpersonation/function-source.zip","generation":"1780944612731957"}},"dockerRegistry":"ARTIFACT_REGISTRY","serviceAccount":"projects/mi-catalogo-de61a/serviceAccounts/126482806042-compute@developer.gserviceaccount.com","automaticUpdatePolicy":{}},"serviceConfig":{"service":"projects/mi-catalogo-de61a/locations/us-central1/services/mcstopstoreimpersonation","timeoutSeconds":60,"environmentVariables":{"MC_PUBLIC_ORIGIN":"https://micatalogo.io","FIREBASE_CONFIG":"{\"projectId\":\"mi-catalogo-de61a\",\"storageBucket\":\"mi-catalogo-de61a.firebasestorage.app\"}","GCLOUD_PROJECT":"mi-catalogo-de61a","EVENTARC_CLOUD_EVENT_SOURCE":"projects/mi-catalogo-de61a/locations/us-central1/services/mcStopStoreImpersonation","FUNCTION_TARGET":"mcStopStoreImpersonation","LOG_EXECUTION_ID":"true","FUNCTION_SIGNATURE_TYPE":"http"},"maxInstanceCount":20,"ingressSettings":"ALLOW_ALL","uri":"https://mcstopstoreimpersonation-wl6hcej5xa-uc.a.run.app","serviceAccountEmail":"126482806042-compute@developer.gserviceaccount.com","availableMemory":"256Mi","allTrafficOnLatestRevision":true,"revision":"mcstopstoreimpersonation-00003-lom","maxInstanceRequestConcurrency":80,"availableCpu":"1"},"state":"ACTIVE","updateTime":"2026-06-08T19:14:00.149590035Z","labels":{"deployment-tool":"cli-firebase","deployment-callable":"true","firebase-functions-hash":"4de99a886713ecd58bcf1acd75f0735e944b8935"},"environment":"GEN_2","url":"https://us-central1-mi-catalogo-de61a.cloudfunctions.net/mcStopStoreImpersonation","createTime":"2026-06-06T18:02:50.862634230Z","satisfiesPzi":true},{"name":"projects/mi-catalogo-de61a/locations/us-central1/functions/mcBillingListNequiBanks","buildConfig":{"build":"projects/126482806042/locations/us-central1/builds/8a506186-117d-40ff-9958-2fef0c3694d5","runtime":"nodejs22","entryPoint":"mcBillingListNequiBanks","source":{"storageSource":{"bucket":"gcf-v2-sources-126482806042-us-central1","object":"mcBillingListNequiBanks/function-source.zip","generation":"1780944595684193"}},"environmentVariables":{"GOOGLE_NODE_RUN_SCRIPTS":""},"dockerRepository":"projects/mi-catalogo-de61a/locations/us-central1/repositories/gcf-artifacts","sourceProvenance":{"resolvedStorageSource":{"bucket":"gcf-v2-sources-126482806042-us-central1","object":"mcBillingListNequiBanks/function-source.zip","generation":"1780944595684193"}},"dockerRegistry":"ARTIFACT_REGISTRY","serviceAccount":"projects/mi-catalogo-de61a/serviceAccounts/126482806042-compute@developer.gserviceaccount.com","automaticUpdatePolicy":{}},"serviceConfig":{"service":"projects/mi-catalogo-de61a/locations/us-central1/services/mcbillinglistnequibanks","timeoutSeconds":60,"environmentVariables":{"MC_PUBLIC_ORIGIN":"https://micatalogo.io","FIREBASE_CONFIG":"{\"projectId\":\"mi-catalogo-de61a\",\"storageBucket\":\"mi-catalogo-de61a.firebasestorage.app\"}","GCLOUD_PROJECT":"mi-catalogo-de61a","EVENTARC_CLOUD_EVENT_SOURCE":"projects/mi-catalogo-de61a/locations/us-central1/services/mcBillingListNequiBanks","FUNCTION_TARGET":"mcBillingListNequiBanks","LOG_EXECUTION_ID":"true","FUNCTION_SIGNATURE_TYPE":"http"},"maxInstanceCount":20,"ingressSettings":"ALLOW_ALL","uri":"https://mcbillinglistnequibanks-wl6hcej5xa-uc.a.run.app","serviceAccountEmail":"126482806042-compute@developer.gserviceaccount.com","availableMemory":"256Mi","allTrafficOnLatestRevision":true,"revision":"mcbillinglistnequibanks-00019-nif","maxInstanceRequestConcurrency":80,"availableCpu":"1"},"state":"ACTIVE","updateTime":"2026-06-08T19:13:28.680495541Z","labels":{"firebase-functions-hash":"4de99a886713ecd58bcf1acd75f0735e944b8935","deployment-tool":"cli-firebase","deployment-callable":"true"},"environment":"GEN_2","url":"https://us-central1-mi-catalogo-de61a.cloudfunctions.net/mcBillingListNequiBanks","createTime":"2026-05-20T04:13:08.106467565Z","satisfiesPzi":true},{"name":"projects/mi-catalogo-de61a/locations/us-central1/functions/mcOnepayStartCatalogCheckout","buildConfig":{"build":"projects/126482806042/locations/us-central1/builds/8a506186-117d-40ff-9958-2fef0c3694d5","runtime":"nodejs22","entryPoint":"mcOnepayStartCatalogCheckout","source":{"storageSource":{"bucket":"gcf-v2-sources-126482806042-us-central1","object":"mcOnepayStartCatalogCheckout/function-source.zip","generation":"1780944595367033"}},"environmentVariables":{"GOOGLE_NODE_RUN_SCRIPTS":""},"dockerRepository":"projects/mi-catalogo-de61a/locations/us-central1/repositories/gcf-artifacts","sourceProvenance":{"resolvedStorageSource":{"bucket":"gcf-v2-sources-126482806042-us-central1","object":"mcOnepayStartCatalogCheckout/function-source.zip","generation":"1780944595367033"}},"dockerRegistry":"ARTIFACT_REGISTRY","serviceAccount":"projects/mi-catalogo-de61a/serviceAccounts/126482806042-compute@developer.gserviceaccount.com","automaticUpdatePolicy":{}},"serviceConfig":{"service":"projects/mi-catalogo-de61a/locations/us-central1/services/mconepaystartcatalogcheckout","timeoutSeconds":60,"environmentVariables":{"MC_PUBLIC_ORIGIN":"https://micatalogo.io","FIREBASE_CONFIG":"{\"projectId\":\"mi-catalogo-de61a\",\"storageBucket\":\"mi-catalogo-de61a.firebasestorage.app\"}","GCLOUD_PROJECT":"mi-catalogo-de61a","EVENTARC_CLOUD_EVENT_SOURCE":"projects/mi-catalogo-de61a/locations/us-central1/services/mcOnepayStartCatalogCheckout","FUNCTION_TARGET":"mcOnepayStartCatalogCheckout","LOG_EXECUTION_ID":"true","FUNCTION_SIGNATURE_TYPE":"http"},"maxInstanceCount":20,"ingressSettings":"ALLOW_ALL","uri":"https://mconepaystartcatalogcheckout-wl6hcej5xa-uc.a.run.app","serviceAccountEmail":"126482806042-compute@developer.gserviceaccount.com","availableMemory":"256Mi","allTrafficOnLatestRevision":true,"secretEnvironmentVariables":[{"key":"ENVIA_API_TOKEN","projectId":"mi-catalogo-de61a","secret":"ENVIA_API_TOKEN","version":"1"}],"revision":"mconepaystartcatalogcheckout-00038-nuq","maxInstanceRequestConcurrency":80,"availableCpu":"1"},"state":"ACTIVE","updateTime":"2026-06-08T19:13:49.040038613Z","labels":{"deployment-callable":"true","firebase-functions-hash":"051d93deabecec37caca1b7ce8779d3d8e78aed0","deployment-tool":"cli-firebase"},"environment":"GEN_2","url":"https://us-central1-mi-catalogo-de61a.cloudfunctions.net/mcOnepayStartCatalogCheckout","createTime":"2026-04-23T04:48:57.588846313Z","satisfiesPzi":true},{"name":"projects/mi-catalogo-de61a/locations/us-central1/functions/mcOnepayCheckoutStatus","buildConfig":{"build":"projects/126482806042/locations/us-central1/builds/8a506186-117d-40ff-9958-2fef0c3694d5","runtime":"nodejs22","entryPoint":"mcOnepayCheckoutStatus","source":{"storageSource":{"bucket":"gcf-v2-sources-126482806042-us-central1","object":"mcOnepayCheckoutStatus/function-source.zip","generation":"1780944595435655"}},"environmentVariables":{"GOOGLE_NODE_RUN_SCRIPTS":""},"dockerRepository":"projects/mi-catalogo-de61a/locations/us-central1/repositories/gcf-artifacts","sourceProvenance":{"resolvedStorageSource":{"bucket":"gcf-v2-sources-126482806042-us-central1","object":"mcOnepayCheckoutStatus/function-source.zip","generation":"1780944595435655"}},"dockerRegistry":"ARTIFACT_REGISTRY","serviceAccount":"projects/mi-catalogo-de61a/serviceAccounts/126482806042-compute@developer.gserviceaccount.com","automaticUpdatePolicy":{}},"serviceConfig":{"service":"projects/mi-catalogo-de61a/locations/us-central1/services/mconepaycheckoutstatus","timeoutSeconds":60,"environmentVariables":{"MC_PUBLIC_ORIGIN":"https://micatalogo.io","FIREBASE_CONFIG":"{\"projectId\":\"mi-catalogo-de61a\",\"storageBucket\":\"mi-catalogo-de61a.firebasestorage.app\"}","GCLOUD_PROJECT":"mi-catalogo-de61a","EVENTARC_CLOUD_EVENT_SOURCE":"projects/mi-catalogo-de61a/locations/us-central1/services/mcOnepayCheckoutStatus","FUNCTION_TARGET":"mcOnepayCheckoutStatus","LOG_EXECUTION_ID":"true","FUNCTION_SIGNATURE_TYPE":"http"},"maxInstanceCount":20,"ingressSettings":"ALLOW_ALL","uri":"https://mconepaycheckoutstatus-wl6hcej5xa-uc.a.run.app","serviceAccountEmail":"126482806042-compute@developer.gserviceaccount.com","availableMemory":"256Mi","allTrafficOnLatestRevision":true,"revision":"mconepaycheckoutstatus-00037-vev","maxInstanceRequestConcurrency":80,"availableCpu":"1"},"state":"ACTIVE","updateTime":"2026-06-08T19:13:12.544010576Z","labels":{"deployment-tool":"cli-firebase","deployment-callable":"true","firebase-functions-hash":"4de99a886713ecd58bcf1acd75f0735e944b8935"},"environment":"GEN_2","url":"https://us-central1-mi-catalogo-de61a.cloudfunctions.net/mcOnepayCheckoutStatus","createTime":"2026-04-23T04:48:57.655177132Z","satisfiesPzi":true},{"name":"projects/mi-catalogo-de61a/locations/us-central1/functions/mcQuoteEnvioCheckout","buildConfig":{"build":"projects/126482806042/locations/us-central1/builds/8a506186-117d-40ff-9958-2fef0c3694d5","runtime":"nodejs22","entryPoint":"mcQuoteEnvioCheckout","source":{"storageSource":{"bucket":"gcf-v2-sources-126482806042-us-central1","object":"mcQuoteEnvioCheckout/function-source.zip","generation":"1780944595468950"}},"environmentVariables":{"GOOGLE_NODE_RUN_SCRIPTS":""},"dockerRepository":"projects/mi-catalogo-de61a/locations/us-central1/repositories/gcf-artifacts","sourceProvenance":{"resolvedStorageSource":{"bucket":"gcf-v2-sources-126482806042-us-central1","object":"mcQuoteEnvioCheckout/function-source.zip","generation":"1780944595468950"}},"dockerRegistry":"ARTIFACT_REGISTRY","serviceAccount":"projects/mi-catalogo-de61a/serviceAccounts/126482806042-compute@developer.gserviceaccount.com","automaticUpdatePolicy":{}},"serviceConfig":{"service":"projects/mi-catalogo-de61a/locations/us-central1/services/mcquoteenviocheckout","timeoutSeconds":60,"environmentVariables":{"MC_PUBLIC_ORIGIN":"https://micatalogo.io","FIREBASE_CONFIG":"{\"projectId\":\"mi-catalogo-de61a\",\"storageBucket\":\"mi-catalogo-de61a.firebasestorage.app\"}","GCLOUD_PROJECT":"mi-catalogo-de61a","EVENTARC_CLOUD_EVENT_SOURCE":"projects/mi-catalogo-de61a/locations/us-central1/services/mcQuoteEnvioCheckout","FUNCTION_TARGET":"mcQuoteEnvioCheckout","LOG_EXECUTION_ID":"true","FUNCTION_SIGNATURE_TYPE":"http"},"maxInstanceCount":20,"ingressSettings":"ALLOW_ALL","uri":"https://mcquoteenviocheckout-wl6hcej5xa-uc.a.run.app","serviceAccountEmail":"126482806042-compute@developer.gserviceaccount.com","availableMemory":"256Mi","allTrafficOnLatestRevision":true,"secretEnvironmentVariables":[{"key":"ENVIA_API_TOKEN","projectId":"mi-catalogo-de61a","secret":"ENVIA_API_TOKEN","version":"1"}],"revision":"mcquoteenviocheckout-00014-poc","maxInstanceRequestConcurrency":80,"availableCpu":"1"},"state":"ACTIVE","updateTime":"2026-06-08T19:13:14.760955908Z","labels":{"deployment-tool":"cli-firebase","deployment-callable":"true","firebase-functions-hash":"051d93deabecec37caca1b7ce8779d3d8e78aed0"},"environment":"GEN_2","url":"https://us-central1-mi-catalogo-de61a.cloudfunctions.net/mcQuoteEnvioCheckout","createTime":"2026-05-23T20:48:10.152422973Z","satisfiesPzi":true},{"name":"projects/mi-catalogo-de61a/locations/us-central1/functions/mcOnepaySetPlatformWebhookSecret","buildConfig":{"build":"projects/126482806042/locations/us-central1/builds/8a506186-117d-40ff-9958-2fef0c3694d5","runtime":"nodejs22","entryPoint":"mcOnepaySetPlatformWebhookSecret","source":{"storageSource":{"bucket":"gcf-v2-sources-126482806042-us-central1","object":"mcOnepaySetPlatformWebhookSecret/function-source.zip","generation":"1780944595470160"}},"environmentVariables":{"GOOGLE_NODE_RUN_SCRIPTS":""},"dockerRepository":"projects/mi-catalogo-de61a/locations/us-central1/repositories/gcf-artifacts","sourceProvenance":{"resolvedStorageSource":{"bucket":"gcf-v2-sources-126482806042-us-central1","object":"mcOnepaySetPlatformWebhookSecret/function-source.zip","generation":"1780944595470160"}},"dockerRegistry":"ARTIFACT_REGISTRY","serviceAccount":"projects/mi-catalogo-de61a/serviceAccounts/126482806042-compute@developer.gserviceaccount.com","automaticUpdatePolicy":{}},"serviceConfig":{"service":"projects/mi-catalogo-de61a/locations/us-central1/services/mconepaysetplatformwebhooksecret","timeoutSeconds":60,"environmentVariables":{"MC_PUBLIC_ORIGIN":"https://micatalogo.io","FIREBASE_CONFIG":"{\"projectId\":\"mi-catalogo-de61a\",\"storageBucket\":\"mi-catalogo-de61a.firebasestorage.app\"}","GCLOUD_PROJECT":"mi-catalogo-de61a","EVENTARC_CLOUD_EVENT_SOURCE":"projects/mi-catalogo-de61a/locations/us-central1/services/mcOnepaySetPlatformWebhookSecret","FUNCTION_TARGET":"mcOnepaySetPlatformWebhookSecret","LOG_EXECUTION_ID":"true","FUNCTION_SIGNATURE_TYPE":"http"},"maxInstanceCount":20,"ingressSettings":"ALLOW_ALL","uri":"https://mconepaysetplatformwebhooksecret-wl6hcej5xa-uc.a.run.app","serviceAccountEmail":"126482806042-compute@developer.gserviceaccount.com","availableMemory":"256Mi","allTrafficOnLatestRevision":true,"revision":"mconepaysetplatformwebhooksecret-00032-wef","maxInstanceRequestConcurrency":80,"availableCpu":"1"},"state":"ACTIVE","updateTime":"2026-06-08T19:13:15.896376906Z","labels":{"deployment-callable":"true","firebase-functions-hash":"4de99a886713ecd58bcf1acd75f0735e944b8935","deployment-tool":"cli-firebase"},"environment":"GEN_2","url":"https://us-central1-mi-catalogo-de61a.cloudfunctions.net/mcOnepaySetPlatformWebhookSecret","createTime":"2026-05-18T04:50:52.605897764Z","satisfiesPzi":true},{"name":"projects/mi-catalogo-de61a/locations/us-central1/functions/mcAdminCreateStore","buildConfig":{"build":"projects/126482806042/locations/us-central1/builds/7aaf95d6-6c9d-464e-96ab-549b9773e381","runtime":"nodejs22","entryPoint":"mcAdminCreateStore","source":{"storageSource":{"bucket":"gcf-v2-sources-126482806042-us-central1","object":"mcAdminCreateStore/function-source.zip","generation":"1780950188786569"}},"environmentVariables":{"GOOGLE_NODE_RUN_SCRIPTS":""},"dockerRepository":"projects/mi-catalogo-de61a/locations/us-central1/repositories/gcf-artifacts","sourceProvenance":{"resolvedStorageSource":{"bucket":"gcf-v2-sources-126482806042-us-central1","object":"mcAdminCreateStore/function-source.zip","generation":"1780950188786569"}},"dockerRegistry":"ARTIFACT_REGISTRY","serviceAccount":"projects/mi-catalogo-de61a/serviceAccounts/126482806042-compute@developer.gserviceaccount.com","automaticUpdatePolicy":{}},"state":"UNKNOWN","updateTime":"2026-06-08T20:38:29.818949408Z","labels":{"deployment-callable":"true","firebase-functions-hash":"4de99a886713ecd58bcf1acd75f0735e944b8935","deployment-tool":"cli-firebase"},"stateMessages":[{"severity":"ERROR","type":"CloudRunServiceNotFound","message":"Cloud Run service projects/mi-catalogo-de61a/locations/us-central1/services/mcadmincreatestore for the function was not found. The function will not work correctly. Please redeploy."}],"environment":"GEN_2","url":"https://us-central1-mi-catalogo-de61a.cloudfunctions.net/mcAdminCreateStore","createTime":"2026-06-08T20:23:09.018902407Z","satisfiesPzi":true},{"name":"projects/mi-catalogo-de61a/locations/us-central1/functions/mcOnepayLinkMerchant","buildConfig":{"build":"projects/126482806042/locations/us-central1/builds/8a506186-117d-40ff-9958-2fef0c3694d5","runtime":"nodejs22","entryPoint":"mcOnepayLinkMerchant","source":{"storageSource":{"bucket":"gcf-v2-sources-126482806042-us-central1","object":"mcOnepayLinkMerchant/function-source.zip","generation":"1780944595346643"}},"environmentVariables":{"GOOGLE_NODE_RUN_SCRIPTS":""},"dockerRepository":"projects/mi-catalogo-de61a/locations/us-central1/repositories/gcf-artifacts","sourceProvenance":{"resolvedStorageSource":{"bucket":"gcf-v2-sources-126482806042-us-central1","object":"mcOnepayLinkMerchant/function-source.zip","generation":"1780944595346643"}},"dockerRegistry":"ARTIFACT_REGISTRY","serviceAccount":"projects/mi-catalogo-de61a/serviceAccounts/126482806042-compute@developer.gserviceaccount.com","automaticUpdatePolicy":{}},"serviceConfig":{"service":"projects/mi-catalogo-de61a/locations/us-central1/services/mconepaylinkmerchant","timeoutSeconds":60,"environmentVariables":{"MC_PUBLIC_ORIGIN":"https://micatalogo.io","FIREBASE_CONFIG":"{\"projectId\":\"mi-catalogo-de61a\",\"storageBucket\":\"mi-catalogo-de61a.firebasestorage.app\"}","GCLOUD_PROJECT":"mi-catalogo-de61a","EVENTARC_CLOUD_EVENT_SOURCE":"projects/mi-catalogo-de61a/locations/us-central1/services/mcOnepayLinkMerchant","FUNCTION_TARGET":"mcOnepayLinkMerchant","LOG_EXECUTION_ID":"true","FUNCTION_SIGNATURE_TYPE":"http"},"maxInstanceCount":20,"ingressSettings":"ALLOW_ALL","uri":"https://mconepaylinkmerchant-wl6hcej5xa-uc.a.run.app","serviceAccountEmail":"126482806042-compute@developer.gserviceaccount.com","availableMemory":"256Mi","allTrafficOnLatestRevision":true,"revision":"mconepaylinkmerchant-00038-nef","maxInstanceRequestConcurrency":80,"availableCpu":"1"},"state":"ACTIVE","updateTime":"2026-06-08T19:13:24.898837395Z","labels":{"deployment-tool":"cli-firebase","deployment-callable":"true","firebase-functions-hash":"4de99a886713ecd58bcf1acd75f0735e944b8935"},"environment":"GEN_2","url":"https://us-central1-mi-catalogo-de61a.cloudfunctions.net/mcOnepayLinkMerchant","createTime":"2026-04-23T03:47:56.076106311Z","satisfiesPzi":true},{"name":"projects/mi-catalogo-de61a/locations/us-central1/functions/mcBillingPaymentMethods","buildConfig":{"build":"projects/126482806042/locations/us-central1/builds/8a506186-117d-40ff-9958-2fef0c3694d5","runtime":"nodejs22","entryPoint":"mcBillingPaymentMethods","source":{"storageSource":{"bucket":"gcf-v2-sources-126482806042-us-central1","object":"mcBillingPaymentMethods/function-source.zip","generation":"1780944595329898"}},"environmentVariables":{"GOOGLE_NODE_RUN_SCRIPTS":""},"dockerRepository":"projects/mi-catalogo-de61a/locations/us-central1/repositories/gcf-artifacts","sourceProvenance":{"resolvedStorageSource":{"bucket":"gcf-v2-sources-126482806042-us-central1","object":"mcBillingPaymentMethods/function-source.zip","generation":"1780944595329898"}},"dockerRegistry":"ARTIFACT_REGISTRY","serviceAccount":"projects/mi-catalogo-de61a/serviceAccounts/126482806042-compute@developer.gserviceaccount.com","automaticUpdatePolicy":{}},"serviceConfig":{"service":"projects/mi-catalogo-de61a/locations/us-central1/services/mcbillingpaymentmethods","timeoutSeconds":60,"environmentVariables":{"MC_PUBLIC_ORIGIN":"https://micatalogo.io","FIREBASE_CONFIG":"{\"projectId\":\"mi-catalogo-de61a\",\"storageBucket\":\"mi-catalogo-de61a.firebasestorage.app\"}","GCLOUD_PROJECT":"mi-catalogo-de61a","EVENTARC_CLOUD_EVENT_SOURCE":"projects/mi-catalogo-de61a/locations/us-central1/services/mcBillingPaymentMethods","FUNCTION_TARGET":"mcBillingPaymentMethods","LOG_EXECUTION_ID":"true","FUNCTION_SIGNATURE_TYPE":"http"},"maxInstanceCount":20,"ingressSettings":"ALLOW_ALL","uri":"https://mcbillingpaymentmethods-wl6hcej5xa-uc.a.run.app","serviceAccountEmail":"126482806042-compute@developer.gserviceaccount.com","availableMemory":"256Mi","allTrafficOnLatestRevision":true,"revision":"mcbillingpaymentmethods-00019-fav","maxInstanceRequestConcurrency":80,"availableCpu":"1"},"state":"ACTIVE","updateTime":"2026-06-08T19:13:56.997621663Z","labels":{"firebase-functions-hash":"4de99a886713ecd58bcf1acd75f0735e944b8935","deployment-tool":"cli-firebase","deployment-callable":"true"},"environment":"GEN_2","url":"https://us-central1-mi-catalogo-de61a.cloudfunctions.net/mcBillingPaymentMethods","createTime":"2026-05-20T04:13:07.912974568Z","satisfiesPzi":true},{"name":"projects/mi-catalogo-de61a/locations/us-central1/functions/mcBillingSetDefaultPaymentMethod","buildConfig":{"build":"projects/126482806042/locations/us-central1/builds/8a506186-117d-40ff-9958-2fef0c3694d5","runtime":"nodejs22","entryPoint":"mcBillingSetDefaultPaymentMethod","source":{"storageSource":{"bucket":"gcf-v2-sources-126482806042-us-central1","object":"mcBillingSetDefaultPaymentMethod/function-source.zip","generation":"1780944595428053"}},"environmentVariables":{"GOOGLE_NODE_RUN_SCRIPTS":""},"dockerRepository":"projects/mi-catalogo-de61a/locations/us-central1/repositories/gcf-artifacts","sourceProvenance":{"resolvedStorageSource":{"bucket":"gcf-v2-sources-126482806042-us-central1","object":"mcBillingSetDefaultPaymentMethod/function-source.zip","generation":"1780944595428053"}},"dockerRegistry":"ARTIFACT_REGISTRY","serviceAccount":"projects/mi-catalogo-de61a/serviceAccounts/126482806042-compute@developer.gserviceaccount.com","automaticUpdatePolicy":{}},"serviceConfig":{"service":"projects/mi-catalogo-de61a/locations/us-central1/services/mcbillingsetdefaultpaymentmethod","timeoutSeconds":60,"environmentVariables":{"MC_PUBLIC_ORIGIN":"https://micatalogo.io","FIREBASE_CONFIG":"{\"projectId\":\"mi-catalogo-de61a\",\"storageBucket\":\"mi-catalogo-de61a.firebasestorage.app\"}","GCLOUD_PROJECT":"mi-catalogo-de61a","EVENTARC_CLOUD_EVENT_SOURCE":"projects/mi-catalogo-de61a/locations/us-central1/services/mcBillingSetDefaultPaymentMethod","FUNCTION_TARGET":"mcBillingSetDefaultPaymentMethod","LOG_EXECUTION_ID":"true","FUNCTION_SIGNATURE_TYPE":"http"},"maxInstanceCount":20,"ingressSettings":"ALLOW_ALL","uri":"https://mcbillingsetdefaultpaymentmethod-wl6hcej5xa-uc.a.run.app","serviceAccountEmail":"126482806042-compute@developer.gserviceaccount.com","availableMemory":"256Mi","allTrafficOnLatestRevision":true,"revision":"mcbillingsetdefaultpaymentmethod-00016-lax","maxInstanceRequestConcurrency":80,"availableCpu":"1"},"state":"ACTIVE","updateTime":"2026-06-08T19:13:31.801228623Z","labels":{"deployment-callable":"true","firebase-functions-hash":"4de99a886713ecd58bcf1acd75f0735e944b8935","deployment-tool":"cli-firebase"},"environment":"GEN_2","url":"https://us-central1-mi-catalogo-de61a.cloudfunctions.net/mcBillingSetDefaultPaymentMethod","createTime":"2026-05-20T05:16:12.658469351Z","satisfiesPzi":true},{"name":"projects/mi-catalogo-de61a/locations/us-central1/functions/mcOnepayMicatalogoSetupPayout","buildConfig":{"build":"projects/126482806042/locations/us-central1/builds/8a506186-117d-40ff-9958-2fef0c3694d5","runtime":"nodejs22","entryPoint":"mcOnepayMicatalogoSetupPayout","source":{"storageSource":{"bucket":"gcf-v2-sources-126482806042-us-central1","object":"mcOnepayMicatalogoSetupPayout/function-source.zip","generation":"1780944595370233"}},"environmentVariables":{"GOOGLE_NODE_RUN_SCRIPTS":""},"dockerRepository":"projects/mi-catalogo-de61a/locations/us-central1/repositories/gcf-artifacts","sourceProvenance":{"resolvedStorageSource":{"bucket":"gcf-v2-sources-126482806042-us-central1","object":"mcOnepayMicatalogoSetupPayout/function-source.zip","generation":"1780944595370233"}},"dockerRegistry":"ARTIFACT_REGISTRY","serviceAccount":"projects/mi-catalogo-de61a/serviceAccounts/126482806042-compute@developer.gserviceaccount.com","automaticUpdatePolicy":{}},"serviceConfig":{"service":"projects/mi-catalogo-de61a/locations/us-central1/services/mconepaymicatalogosetuppayout","timeoutSeconds":60,"environmentVariables":{"MC_PUBLIC_ORIGIN":"https://micatalogo.io","FIREBASE_CONFIG":"{\"projectId\":\"mi-catalogo-de61a\",\"storageBucket\":\"mi-catalogo-de61a.firebasestorage.app\"}","GCLOUD_PROJECT":"mi-catalogo-de61a","EVENTARC_CLOUD_EVENT_SOURCE":"projects/mi-catalogo-de61a/locations/us-central1/services/mcOnepayMicatalogoSetupPayout","FUNCTION_TARGET":"mcOnepayMicatalogoSetupPayout","LOG_EXECUTION_ID":"true","FUNCTION_SIGNATURE_TYPE":"http"},"maxInstanceCount":20,"ingressSettings":"ALLOW_ALL","uri":"https://mconepaymicatalogosetuppayout-wl6hcej5xa-uc.a.run.app","serviceAccountEmail":"126482806042-compute@developer.gserviceaccount.com","availableMemory":"256Mi","allTrafficOnLatestRevision":true,"secretEnvironmentVariables":[{"key":"ONEPAY_PLATFORM_SK","projectId":"mi-catalogo-de61a","secret":"ONEPAY_PLATFORM_SK","version":"1"}],"revision":"mconepaymicatalogosetuppayout-00014-hoc","maxInstanceRequestConcurrency":80,"availableCpu":"1"},"state":"ACTIVE","updateTime":"2026-06-08T19:13:43.580948612Z","labels":{"deployment-tool":"cli-firebase","deployment-callable":"true","firebase-functions-hash":"ffdddbbebabf5c95a6b5e04f32b358da5993e72d"},"environment":"GEN_2","url":"https://us-central1-mi-catalogo-de61a.cloudfunctions.net/mcOnepayMicatalogoSetupPayout","createTime":"2026-05-20T06:06:07.205910177Z","satisfiesPzi":true},{"name":"projects/mi-catalogo-de61a/locations/us-central1/functions/mcBillingAddNequi","buildConfig":{"build":"projects/126482806042/locations/us-central1/builds/8a506186-117d-40ff-9958-2fef0c3694d5","runtime":"nodejs22","entryPoint":"mcBillingAddNequi","source":{"storageSource":{"bucket":"gcf-v2-sources-126482806042-us-central1","object":"mcBillingAddNequi/function-source.zip","generation":"1780944595485581"}},"environmentVariables":{"GOOGLE_NODE_RUN_SCRIPTS":""},"dockerRepository":"projects/mi-catalogo-de61a/locations/us-central1/repositories/gcf-artifacts","sourceProvenance":{"resolvedStorageSource":{"bucket":"gcf-v2-sources-126482806042-us-central1","object":"mcBillingAddNequi/function-source.zip","generation":"1780944595485581"}},"dockerRegistry":"ARTIFACT_REGISTRY","serviceAccount":"projects/mi-catalogo-de61a/serviceAccounts/126482806042-compute@developer.gserviceaccount.com","automaticUpdatePolicy":{}},"serviceConfig":{"service":"projects/mi-catalogo-de61a/locations/us-central1/services/mcbillingaddnequi","timeoutSeconds":60,"environmentVariables":{"MC_PUBLIC_ORIGIN":"https://micatalogo.io","FIREBASE_CONFIG":"{\"projectId\":\"mi-catalogo-de61a\",\"storageBucket\":\"mi-catalogo-de61a.firebasestorage.app\"}","GCLOUD_PROJECT":"mi-catalogo-de61a","EVENTARC_CLOUD_EVENT_SOURCE":"projects/mi-catalogo-de61a/locations/us-central1/services/mcBillingAddNequi","FUNCTION_TARGET":"mcBillingAddNequi","LOG_EXECUTION_ID":"true","FUNCTION_SIGNATURE_TYPE":"http"},"maxInstanceCount":20,"ingressSettings":"ALLOW_ALL","uri":"https://mcbillingaddnequi-wl6hcej5xa-uc.a.run.app","serviceAccountEmail":"126482806042-compute@developer.gserviceaccount.com","availableMemory":"256Mi","allTrafficOnLatestRevision":true,"revision":"mcbillingaddnequi-00019-soc","maxInstanceRequestConcurrency":80,"availableCpu":"1"},"state":"ACTIVE","updateTime":"2026-06-08T19:13:16.364278155Z","labels":{"deployment-tool":"cli-firebase","deployment-callable":"true","firebase-functions-hash":"4de99a886713ecd58bcf1acd75f0735e944b8935"},"environment":"GEN_2","url":"https://us-central1-mi-catalogo-de61a.cloudfunctions.net/mcBillingAddNequi","createTime":"2026-05-20T04:13:07.898705076Z","satisfiesPzi":true},{"name":"projects/mi-catalogo-de61a/locations/us-central1/functions/mcBillingGetSubscriptionState","buildConfig":{"build":"projects/126482806042/locations/us-central1/builds/8a506186-117d-40ff-9958-2fef0c3694d5","runtime":"nodejs22","entryPoint":"mcBillingGetSubscriptionState","source":{"storageSource":{"bucket":"gcf-v2-sources-126482806042-us-central1","object":"mcBillingGetSubscriptionState/function-source.zip","generation":"1780944595354803"}},"environmentVariables":{"GOOGLE_NODE_RUN_SCRIPTS":""},"dockerRepository":"projects/mi-catalogo-de61a/locations/us-central1/repositories/gcf-artifacts","sourceProvenance":{"resolvedStorageSource":{"bucket":"gcf-v2-sources-126482806042-us-central1","object":"mcBillingGetSubscriptionState/function-source.zip","generation":"1780944595354803"}},"dockerRegistry":"ARTIFACT_REGISTRY","serviceAccount":"projects/mi-catalogo-de61a/serviceAccounts/126482806042-compute@developer.gserviceaccount.com","automaticUpdatePolicy":{}},"serviceConfig":{"service":"projects/mi-catalogo-de61a/locations/us-central1/services/mcbillinggetsubscriptionstate","timeoutSeconds":60,"environmentVariables":{"MC_PUBLIC_ORIGIN":"https://micatalogo.io","FIREBASE_CONFIG":"{\"projectId\":\"mi-catalogo-de61a\",\"storageBucket\":\"mi-catalogo-de61a.firebasestorage.app\"}","GCLOUD_PROJECT":"mi-catalogo-de61a","EVENTARC_CLOUD_EVENT_SOURCE":"projects/mi-catalogo-de61a/locations/us-central1/services/mcBillingGetSubscriptionState","FUNCTION_TARGET":"mcBillingGetSubscriptionState","LOG_EXECUTION_ID":"true","FUNCTION_SIGNATURE_TYPE":"http"},"maxInstanceCount":20,"ingressSettings":"ALLOW_ALL","uri":"https://mcbillinggetsubscriptionstate-wl6hcej5xa-uc.a.run.app","serviceAccountEmail":"126482806042-compute@developer.gserviceaccount.com","availableMemory":"256Mi","allTrafficOnLatestRevision":true,"revision":"mcbillinggetsubscriptionstate-00016-doh","maxInstanceRequestConcurrency":80,"availableCpu":"1"},"state":"ACTIVE","updateTime":"2026-06-08T19:13:21.949656650Z","labels":{"firebase-functions-hash":"4de99a886713ecd58bcf1acd75f0735e944b8935","deployment-tool":"cli-firebase","deployment-callable":"true"},"environment":"GEN_2","url":"https://us-central1-mi-catalogo-de61a.cloudfunctions.net/mcBillingGetSubscriptionState","createTime":"2026-05-20T05:16:12.377408937Z","satisfiesPzi":true},{"name":"projects/mi-catalogo-de61a/locations/us-central1/functions/mcOnepayListStatesForKyb","buildConfig":{"build":"projects/126482806042/locations/us-central1/builds/8a506186-117d-40ff-9958-2fef0c3694d5","runtime":"nodejs22","entryPoint":"mcOnepayListStatesForKyb","source":{"storageSource":{"bucket":"gcf-v2-sources-126482806042-us-central1","object":"mcOnepayListStatesForKyb/function-source.zip","generation":"1780944595261249"}},"environmentVariables":{"GOOGLE_NODE_RUN_SCRIPTS":""},"dockerRepository":"projects/mi-catalogo-de61a/locations/us-central1/repositories/gcf-artifacts","sourceProvenance":{"resolvedStorageSource":{"bucket":"gcf-v2-sources-126482806042-us-central1","object":"mcOnepayListStatesForKyb/function-source.zip","generation":"1780944595261249"}},"dockerRegistry":"ARTIFACT_REGISTRY","serviceAccount":"projects/mi-catalogo-de61a/serviceAccounts/126482806042-compute@developer.gserviceaccount.com","automaticUpdatePolicy":{}},"serviceConfig":{"service":"projects/mi-catalogo-de61a/locations/us-central1/services/mconepayliststatesforkyb","timeoutSeconds":60,"environmentVariables":{"MC_PUBLIC_ORIGIN":"https://micatalogo.io","FIREBASE_CONFIG":"{\"projectId\":\"mi-catalogo-de61a\",\"storageBucket\":\"mi-catalogo-de61a.firebasestorage.app\"}","GCLOUD_PROJECT":"mi-catalogo-de61a","EVENTARC_CLOUD_EVENT_SOURCE":"projects/mi-catalogo-de61a/locations/us-central1/services/mcOnepayListStatesForKyb","FUNCTION_TARGET":"mcOnepayListStatesForKyb","LOG_EXECUTION_ID":"true","FUNCTION_SIGNATURE_TYPE":"http"},"maxInstanceCount":20,"ingressSettings":"ALLOW_ALL","uri":"https://mconepayliststatesforkyb-wl6hcej5xa-uc.a.run.app","serviceAccountEmail":"126482806042-compute@developer.gserviceaccount.com","availableMemory":"256Mi","allTrafficOnLatestRevision":true,"secretEnvironmentVariables":[{"key":"ONEPAY_PLATFORM_SK","projectId":"mi-catalogo-de61a","secret":"ONEPAY_PLATFORM_SK","version":"1"}],"revision":"mconepayliststatesforkyb-00002-viy","maxInstanceRequestConcurrency":80,"availableCpu":"1"},"state":"ACTIVE","updateTime":"2026-06-08T19:13:31.451452928Z","labels":{"deployment-tool":"cli-firebase","deployment-callable":"true","firebase-functions-hash":"ffdddbbebabf5c95a6b5e04f32b358da5993e72d"},"environment":"GEN_2","url":"https://us-central1-mi-catalogo-de61a.cloudfunctions.net/mcOnepayListStatesForKyb","createTime":"2026-06-06T18:04:31.449717491Z","satisfiesPzi":true},{"name":"projects/mi-catalogo-de61a/locations/us-central1/functions/mcCatalogOrderTracking","buildConfig":{"build":"projects/126482806042/locations/us-central1/builds/8a506186-117d-40ff-9958-2fef0c3694d5","runtime":"nodejs22","entryPoint":"mcCatalogOrderTracking","source":{"storageSource":{"bucket":"gcf-v2-sources-126482806042-us-central1","object":"mcCatalogOrderTracking/function-source.zip","generation":"1780944595912982"}},"environmentVariables":{"GOOGLE_NODE_RUN_SCRIPTS":""},"dockerRepository":"projects/mi-catalogo-de61a/locations/us-central1/repositories/gcf-artifacts","sourceProvenance":{"resolvedStorageSource":{"bucket":"gcf-v2-sources-126482806042-us-central1","object":"mcCatalogOrderTracking/function-source.zip","generation":"1780944595912982"}},"dockerRegistry":"ARTIFACT_REGISTRY","serviceAccount":"projects/mi-catalogo-de61a/serviceAccounts/126482806042-compute@developer.gserviceaccount.com","automaticUpdatePolicy":{}},"serviceConfig":{"service":"projects/mi-catalogo-de61a/locations/us-central1/services/mccatalogordertracking","timeoutSeconds":60,"environmentVariables":{"MC_PUBLIC_ORIGIN":"https://micatalogo.io","FIREBASE_CONFIG":"{\"projectId\":\"mi-catalogo-de61a\",\"storageBucket\":\"mi-catalogo-de61a.firebasestorage.app\"}","GCLOUD_PROJECT":"mi-catalogo-de61a","EVENTARC_CLOUD_EVENT_SOURCE":"projects/mi-catalogo-de61a/locations/us-central1/services/mcCatalogOrderTracking","FUNCTION_TARGET":"mcCatalogOrderTracking","LOG_EXECUTION_ID":"true","FUNCTION_SIGNATURE_TYPE":"http"},"maxInstanceCount":20,"ingressSettings":"ALLOW_ALL","uri":"https://mccatalogordertracking-wl6hcej5xa-uc.a.run.app","serviceAccountEmail":"126482806042-compute@developer.gserviceaccount.com","availableMemory":"256Mi","allTrafficOnLatestRevision":true,"revision":"mccatalogordertracking-00022-van","maxInstanceRequestConcurrency":80,"availableCpu":"1"},"state":"ACTIVE","updateTime":"2026-06-08T19:13:46.571287363Z","labels":{"deployment-tool":"cli-firebase","deployment-callable":"true","firebase-functions-hash":"4de99a886713ecd58bcf1acd75f0735e944b8935"},"environment":"GEN_2","url":"https://us-central1-mi-catalogo-de61a.cloudfunctions.net/mcCatalogOrderTracking","createTime":"2026-05-18T20:38:56.518138278Z","satisfiesPzi":true},{"name":"projects/mi-catalogo-de61a/locations/us-central1/functions/mcOnTenantCreatedNotify","buildConfig":{"build":"projects/126482806042/locations/us-central1/builds/8a506186-117d-40ff-9958-2fef0c3694d5","runtime":"nodejs22","entryPoint":"mcOnTenantCreatedNotify","source":{"storageSource":{"bucket":"gcf-v2-sources-126482806042-us-central1","object":"mcOnTenantCreatedNotify/function-source.zip","generation":"1780944595508336"}},"environmentVariables":{"GOOGLE_NODE_RUN_SCRIPTS":""},"dockerRepository":"projects/mi-catalogo-de61a/locations/us-central1/repositories/gcf-artifacts","sourceProvenance":{"resolvedStorageSource":{"bucket":"gcf-v2-sources-126482806042-us-central1","object":"mcOnTenantCreatedNotify/function-source.zip","generation":"1780944595508336"}},"dockerRegistry":"ARTIFACT_REGISTRY","serviceAccount":"projects/mi-catalogo-de61a/serviceAccounts/126482806042-compute@developer.gserviceaccount.com","automaticUpdatePolicy":{}},"serviceConfig":{"service":"projects/mi-catalogo-de61a/locations/us-central1/services/mcontenantcreatednotify","timeoutSeconds":60,"environmentVariables":{"MC_PUBLIC_ORIGIN":"https://micatalogo.io","FIREBASE_CONFIG":"{\"projectId\":\"mi-catalogo-de61a\",\"storageBucket\":\"mi-catalogo-de61a.firebasestorage.app\"}","GCLOUD_PROJECT":"mi-catalogo-de61a","EVENTARC_CLOUD_EVENT_SOURCE":"projects/mi-catalogo-de61a/locations/us-central1/services/mcOnTenantCreatedNotify","FUNCTION_SIGNATURE_TYPE":"cloudevent","FUNCTION_TARGET":"mcOnTenantCreatedNotify","LOG_EXECUTION_ID":"true"},"maxInstanceCount":20,"ingressSettings":"ALLOW_ALL","uri":"https://mcontenantcreatednotify-wl6hcej5xa-uc.a.run.app","serviceAccountEmail":"126482806042-compute@developer.gserviceaccount.com","availableMemory":"256Mi","allTrafficOnLatestRevision":true,"secretEnvironmentVariables":[{"key":"RESEND_API_KEY","projectId":"mi-catalogo-de61a","secret":"RESEND_API_KEY","version":"1"}],"revision":"mcontenantcreatednotify-00013-biy","maxInstanceRequestConcurrency":80,"availableCpu":"1"},"eventTrigger":{"trigger":"projects/mi-catalogo-de61a/locations/nam5/triggers/mcontenantcreatednotify-697598","triggerRegion":"nam5","eventType":"google.cloud.firestore.document.v1.created","eventFilters":[{"attribute":"namespace","value":"(default)"},{"attribute":"document","value":"mc_tenants/{tenantId}","operator":"match-path-pattern"},{"attribute":"database","value":"(default)"}],"pubsubTopic":"projects/mi-catalogo-de61a/topics/eventarc-nam5-mcontenantcreatednotify-697598-077","serviceAccountEmail":"126482806042-compute@developer.gserviceaccount.com","retryPolicy":"RETRY_POLICY_DO_NOT_RETRY"},"state":"ACTIVE","updateTime":"2026-06-08T19:13:47.863783461Z","labels":{"deployment-tool":"cli-firebase","firebase-functions-hash":"8f6ec07019288fc339fbdaa8c67f48c40ade5154"},"environment":"GEN_2","url":"https://us-central1-mi-catalogo-de61a.cloudfunctions.net/mcOnTenantCreatedNotify","createTime":"2026-05-23T23:26:24.659028749Z","satisfiesPzi":true},{"name":"projects/mi-catalogo-de61a/locations/us-central1/functions/mcBillingCancelAutoRenewCallable","buildConfig":{"build":"projects/126482806042/locations/us-central1/builds/8a506186-117d-40ff-9958-2fef0c3694d5","runtime":"nodejs22","entryPoint":"mcBillingCancelAutoRenewCallable","source":{"storageSource":{"bucket":"gcf-v2-sources-126482806042-us-central1","object":"mcBillingCancelAutoRenewCallable/function-source.zip","generation":"1780944595637248"}},"environmentVariables":{"GOOGLE_NODE_RUN_SCRIPTS":""},"dockerRepository":"projects/mi-catalogo-de61a/locations/us-central1/repositories/gcf-artifacts","sourceProvenance":{"resolvedStorageSource":{"bucket":"gcf-v2-sources-126482806042-us-central1","object":"mcBillingCancelAutoRenewCallable/function-source.zip","generation":"1780944595637248"}},"dockerRegistry":"ARTIFACT_REGISTRY","serviceAccount":"projects/mi-catalogo-de61a/serviceAccounts/126482806042-compute@developer.gserviceaccount.com","automaticUpdatePolicy":{}},"serviceConfig":{"service":"projects/mi-catalogo-de61a/locations/us-central1/services/mcbillingcancelautorenewcallable","timeoutSeconds":60,"environmentVariables":{"MC_PUBLIC_ORIGIN":"https://micatalogo.io","FIREBASE_CONFIG":"{\"projectId\":\"mi-catalogo-de61a\",\"storageBucket\":\"mi-catalogo-de61a.firebasestorage.app\"}","GCLOUD_PROJECT":"mi-catalogo-de61a","EVENTARC_CLOUD_EVENT_SOURCE":"projects/mi-catalogo-de61a/locations/us-central1/services/mcBillingCancelAutoRenewCallable","FUNCTION_TARGET":"mcBillingCancelAutoRenewCallable","LOG_EXECUTION_ID":"true","FUNCTION_SIGNATURE_TYPE":"http"},"maxInstanceCount":20,"ingressSettings":"ALLOW_ALL","uri":"https://mcbillingcancelautorenewcallable-wl6hcej5xa-uc.a.run.app","serviceAccountEmail":"126482806042-compute@developer.gserviceaccount.com","availableMemory":"256Mi","allTrafficOnLatestRevision":true,"revision":"mcbillingcancelautorenewcallable-00016-xaj","maxInstanceRequestConcurrency":80,"availableCpu":"1"},"state":"ACTIVE","updateTime":"2026-06-08T19:13:17.202773350Z","labels":{"firebase-functions-hash":"4de99a886713ecd58bcf1acd75f0735e944b8935","deployment-tool":"cli-firebase","deployment-callable":"true"},"environment":"GEN_2","url":"https://us-central1-mi-catalogo-de61a.cloudfunctions.net/mcBillingCancelAutoRenewCallable","createTime":"2026-05-20T05:15:01.693912626Z","satisfiesPzi":true},{"name":"projects/mi-catalogo-de61a/locations/us-central1/functions/mcStartStoreImpersonation","buildConfig":{"build":"projects/126482806042/locations/us-central1/builds/8a506186-117d-40ff-9958-2fef0c3694d5","runtime":"nodejs22","entryPoint":"mcStartStoreImpersonation","source":{"storageSource":{"bucket":"gcf-v2-sources-126482806042-us-central1","object":"mcStartStoreImpersonation/function-source.zip","generation":"1780944612747922"}},"environmentVariables":{"GOOGLE_NODE_RUN_SCRIPTS":""},"dockerRepository":"projects/mi-catalogo-de61a/locations/us-central1/repositories/gcf-artifacts","sourceProvenance":{"resolvedStorageSource":{"bucket":"gcf-v2-sources-126482806042-us-central1","object":"mcStartStoreImpersonation/function-source.zip","generation":"1780944612747922"}},"dockerRegistry":"ARTIFACT_REGISTRY","serviceAccount":"projects/mi-catalogo-de61a/serviceAccounts/126482806042-compute@developer.gserviceaccount.com","automaticUpdatePolicy":{}},"serviceConfig":{"service":"projects/mi-catalogo-de61a/locations/us-central1/services/mcstartstoreimpersonation","timeoutSeconds":60,"environmentVariables":{"MC_PUBLIC_ORIGIN":"https://micatalogo.io","FIREBASE_CONFIG":"{\"projectId\":\"mi-catalogo-de61a\",\"storageBucket\":\"mi-catalogo-de61a.firebasestorage.app\"}","GCLOUD_PROJECT":"mi-catalogo-de61a","EVENTARC_CLOUD_EVENT_SOURCE":"projects/mi-catalogo-de61a/locations/us-central1/services/mcStartStoreImpersonation","FUNCTION_TARGET":"mcStartStoreImpersonation","LOG_EXECUTION_ID":"true","FUNCTION_SIGNATURE_TYPE":"http"},"maxInstanceCount":20,"ingressSettings":"ALLOW_ALL","uri":"https://mcstartstoreimpersonation-wl6hcej5xa-uc.a.run.app","serviceAccountEmail":"126482806042-compute@developer.gserviceaccount.com","availableMemory":"256Mi","allTrafficOnLatestRevision":true,"revision":"mcstartstoreimpersonation-00003-xef","maxInstanceRequestConcurrency":80,"availableCpu":"1"},"state":"ACTIVE","updateTime":"2026-06-08T19:14:00.375334514Z","labels":{"deployment-tool":"cli-firebase","deployment-callable":"true","firebase-functions-hash":"4de99a886713ecd58bcf1acd75f0735e944b8935"},"environment":"GEN_2","url":"https://us-central1-mi-catalogo-de61a.cloudfunctions.net/mcStartStoreImpersonation","createTime":"2026-06-06T18:02:00.738287507Z","satisfiesPzi":true},{"name":"projects/mi-catalogo-de61a/locations/us-central1/functions/mcOnepayMicatalogoRequestCashout","buildConfig":{"build":"projects/126482806042/locations/us-central1/builds/8a506186-117d-40ff-9958-2fef0c3694d5","runtime":"nodejs22","entryPoint":"mcOnepayMicatalogoRequestCashout","source":{"storageSource":{"bucket":"gcf-v2-sources-126482806042-us-central1","object":"mcOnepayMicatalogoRequestCashout/function-source.zip","generation":"1780944595350882"}},"environmentVariables":{"GOOGLE_NODE_RUN_SCRIPTS":""},"dockerRepository":"projects/mi-catalogo-de61a/locations/us-central1/repositories/gcf-artifacts","sourceProvenance":{"resolvedStorageSource":{"bucket":"gcf-v2-sources-126482806042-us-central1","object":"mcOnepayMicatalogoRequestCashout/function-source.zip","generation":"1780944595350882"}},"dockerRegistry":"ARTIFACT_REGISTRY","serviceAccount":"projects/mi-catalogo-de61a/serviceAccounts/126482806042-compute@developer.gserviceaccount.com","automaticUpdatePolicy":{}},"serviceConfig":{"service":"projects/mi-catalogo-de61a/locations/us-central1/services/mconepaymicatalogorequestcashout","timeoutSeconds":60,"environmentVariables":{"MC_PUBLIC_ORIGIN":"https://micatalogo.io","FIREBASE_CONFIG":"{\"projectId\":\"mi-catalogo-de61a\",\"storageBucket\":\"mi-catalogo-de61a.firebasestorage.app\"}","GCLOUD_PROJECT":"mi-catalogo-de61a","EVENTARC_CLOUD_EVENT_SOURCE":"projects/mi-catalogo-de61a/locations/us-central1/services/mcOnepayMicatalogoRequestCashout","FUNCTION_TARGET":"mcOnepayMicatalogoRequestCashout","LOG_EXECUTION_ID":"true","FUNCTION_SIGNATURE_TYPE":"http"},"maxInstanceCount":20,"ingressSettings":"ALLOW_ALL","uri":"https://mconepaymicatalogorequestcashout-wl6hcej5xa-uc.a.run.app","serviceAccountEmail":"126482806042-compute@developer.gserviceaccount.com","availableMemory":"256Mi","allTrafficOnLatestRevision":true,"secretEnvironmentVariables":[{"key":"ONEPAY_PLATFORM_SK","projectId":"mi-catalogo-de61a","secret":"ONEPAY_PLATFORM_SK","version":"1"}],"revision":"mconepaymicatalogorequestcashout-00014-qez","maxInstanceRequestConcurrency":80,"availableCpu":"1"},"state":"ACTIVE","updateTime":"2026-06-08T19:13:29.813615215Z","labels":{"deployment-tool":"cli-firebase","deployment-callable":"true","firebase-functions-hash":"ffdddbbebabf5c95a6b5e04f32b358da5993e72d"},"environment":"GEN_2","url":"https://us-central1-mi-catalogo-de61a.cloudfunctions.net/mcOnepayMicatalogoRequestCashout","createTime":"2026-05-20T06:05:06.558143549Z","satisfiesPzi":true},{"name":"projects/mi-catalogo-de61a/locations/us-central1/functions/mcOnepayListBanksForKyb","buildConfig":{"build":"projects/126482806042/locations/us-central1/builds/8a506186-117d-40ff-9958-2fef0c3694d5","runtime":"nodejs22","entryPoint":"mcOnepayListBanksForKyb","source":{"storageSource":{"bucket":"gcf-v2-sources-126482806042-us-central1","object":"mcOnepayListBanksForKyb/function-source.zip","generation":"1780944595421787"}},"environmentVariables":{"GOOGLE_NODE_RUN_SCRIPTS":""},"dockerRepository":"projects/mi-catalogo-de61a/locations/us-central1/repositories/gcf-artifacts","sourceProvenance":{"resolvedStorageSource":{"bucket":"gcf-v2-sources-126482806042-us-central1","object":"mcOnepayListBanksForKyb/function-source.zip","generation":"1780944595421787"}},"dockerRegistry":"ARTIFACT_REGISTRY","serviceAccount":"projects/mi-catalogo-de61a/serviceAccounts/126482806042-compute@developer.gserviceaccount.com","automaticUpdatePolicy":{}},"serviceConfig":{"service":"projects/mi-catalogo-de61a/locations/us-central1/services/mconepaylistbanksforkyb","timeoutSeconds":60,"environmentVariables":{"MC_PUBLIC_ORIGIN":"https://micatalogo.io","FIREBASE_CONFIG":"{\"projectId\":\"mi-catalogo-de61a\",\"storageBucket\":\"mi-catalogo-de61a.firebasestorage.app\"}","GCLOUD_PROJECT":"mi-catalogo-de61a","EVENTARC_CLOUD_EVENT_SOURCE":"projects/mi-catalogo-de61a/locations/us-central1/services/mcOnepayListBanksForKyb","FUNCTION_TARGET":"mcOnepayListBanksForKyb","LOG_EXECUTION_ID":"true","FUNCTION_SIGNATURE_TYPE":"http"},"maxInstanceCount":20,"ingressSettings":"ALLOW_ALL","uri":"https://mconepaylistbanksforkyb-wl6hcej5xa-uc.a.run.app","serviceAccountEmail":"126482806042-compute@developer.gserviceaccount.com","availableMemory":"256Mi","allTrafficOnLatestRevision":true,"secretEnvironmentVariables":[{"key":"ONEPAY_PLATFORM_SK","projectId":"mi-catalogo-de61a","secret":"ONEPAY_PLATFORM_SK","version":"1"}],"revision":"mconepaylistbanksforkyb-00032-kob","maxInstanceRequestConcurrency":80,"availableCpu":"1"},"state":"ACTIVE","updateTime":"2026-06-08T19:13:13.050989249Z","labels":{"deployment-tool":"cli-firebase","deployment-callable":"true","firebase-functions-hash":"ffdddbbebabf5c95a6b5e04f32b358da5993e72d"},"environment":"GEN_2","url":"https://us-central1-mi-catalogo-de61a.cloudfunctions.net/mcOnepayListBanksForKyb","createTime":"2026-05-18T04:50:52.300788307Z","satisfiesPzi":true},{"name":"projects/mi-catalogo-de61a/locations/us-central1/functions/mcBillingCron","buildConfig":{"build":"projects/126482806042/locations/us-central1/builds/8a506186-117d-40ff-9958-2fef0c3694d5","runtime":"nodejs22","entryPoint":"mcBillingCron","source":{"storageSource":{"bucket":"gcf-v2-sources-126482806042-us-central1","object":"mcBillingCron/function-source.zip","generation":"1780944595577860"}},"environmentVariables":{"GOOGLE_NODE_RUN_SCRIPTS":""},"dockerRepository":"projects/mi-catalogo-de61a/locations/us-central1/repositories/gcf-artifacts","sourceProvenance":{"resolvedStorageSource":{"bucket":"gcf-v2-sources-126482806042-us-central1","object":"mcBillingCron/function-source.zip","generation":"1780944595577860"}},"dockerRegistry":"ARTIFACT_REGISTRY","serviceAccount":"projects/mi-catalogo-de61a/serviceAccounts/126482806042-compute@developer.gserviceaccount.com","automaticUpdatePolicy":{}},"serviceConfig":{"service":"projects/mi-catalogo-de61a/locations/us-central1/services/mcbillingcron","timeoutSeconds":60,"environmentVariables":{"MC_PUBLIC_ORIGIN":"https://micatalogo.io","FIREBASE_CONFIG":"{\"projectId\":\"mi-catalogo-de61a\",\"storageBucket\":\"mi-catalogo-de61a.firebasestorage.app\"}","GCLOUD_PROJECT":"mi-catalogo-de61a","EVENTARC_CLOUD_EVENT_SOURCE":"projects/mi-catalogo-de61a/locations/us-central1/services/mcBillingCron","FUNCTION_TARGET":"mcBillingCron","LOG_EXECUTION_ID":"true","FUNCTION_SIGNATURE_TYPE":"http"},"maxInstanceCount":20,"ingressSettings":"ALLOW_ALL","uri":"https://mcbillingcron-wl6hcej5xa-uc.a.run.app","serviceAccountEmail":"126482806042-compute@developer.gserviceaccount.com","availableMemory":"256Mi","allTrafficOnLatestRevision":true,"revision":"mcbillingcron-00019-qiz","maxInstanceRequestConcurrency":80,"availableCpu":"1"},"state":"ACTIVE","updateTime":"2026-06-08T19:13:29.041629870Z","labels":{"deployment-tool":"cli-firebase","deployment-scheduled":"true","firebase-functions-hash":"4de99a886713ecd58bcf1acd75f0735e944b8935"},"environment":"GEN_2","url":"https://us-central1-mi-catalogo-de61a.cloudfunctions.net/mcBillingCron","createTime":"2026-05-20T04:13:08.183237813Z","satisfiesPzi":true},{"name":"projects/mi-catalogo-de61a/locations/us-central1/functions/mcOnepaySubmitCompanyKyb","buildConfig":{"build":"projects/126482806042/locations/us-central1/builds/8a506186-117d-40ff-9958-2fef0c3694d5","runtime":"nodejs22","entryPoint":"mcOnepaySubmitCompanyKyb","source":{"storageSource":{"bucket":"gcf-v2-sources-126482806042-us-central1","object":"mcOnepaySubmitCompanyKyb/function-source.zip","generation":"1780944595345817"}},"environmentVariables":{"GOOGLE_NODE_RUN_SCRIPTS":""},"dockerRepository":"projects/mi-catalogo-de61a/locations/us-central1/repositories/gcf-artifacts","sourceProvenance":{"resolvedStorageSource":{"bucket":"gcf-v2-sources-126482806042-us-central1","object":"mcOnepaySubmitCompanyKyb/function-source.zip","generation":"1780944595345817"}},"dockerRegistry":"ARTIFACT_REGISTRY","serviceAccount":"projects/mi-catalogo-de61a/serviceAccounts/126482806042-compute@developer.gserviceaccount.com","automaticUpdatePolicy":{}},"serviceConfig":{"service":"projects/mi-catalogo-de61a/locations/us-central1/services/mconepaysubmitcompanykyb","timeoutSeconds":60,"environmentVariables":{"MC_PUBLIC_ORIGIN":"https://micatalogo.io","FIREBASE_CONFIG":"{\"projectId\":\"mi-catalogo-de61a\",\"storageBucket\":\"mi-catalogo-de61a.firebasestorage.app\"}","GCLOUD_PROJECT":"mi-catalogo-de61a","EVENTARC_CLOUD_EVENT_SOURCE":"projects/mi-catalogo-de61a/locations/us-central1/services/mcOnepaySubmitCompanyKyb","FUNCTION_TARGET":"mcOnepaySubmitCompanyKyb","LOG_EXECUTION_ID":"true","FUNCTION_SIGNATURE_TYPE":"http"},"maxInstanceCount":20,"ingressSettings":"ALLOW_ALL","uri":"https://mconepaysubmitcompanykyb-wl6hcej5xa-uc.a.run.app","serviceAccountEmail":"126482806042-compute@developer.gserviceaccount.com","availableMemory":"256Mi","allTrafficOnLatestRevision":true,"secretEnvironmentVariables":[{"key":"ONEPAY_PLATFORM_SK","projectId":"mi-catalogo-de61a","secret":"ONEPAY_PLATFORM_SK","version":"1"}],"revision":"mconepaysubmitcompanykyb-00036-nar","maxInstanceRequestConcurrency":80,"availableCpu":"1"},"state":"ACTIVE","updateTime":"2026-06-08T19:13:50.681782172Z","labels":{"deployment-tool":"cli-firebase","deployment-callable":"true","firebase-functions-hash":"ffdddbbebabf5c95a6b5e04f32b358da5993e72d"},"environment":"GEN_2","url":"https://us-central1-mi-catalogo-de61a.cloudfunctions.net/mcOnepaySubmitCompanyKyb","createTime":"2026-05-17T19:39:17.403261051Z","satisfiesPzi":true},{"name":"projects/mi-catalogo-de61a/locations/us-central1/functions/mcSendEmailVerification","buildConfig":{"build":"projects/126482806042/locations/us-central1/builds/8a506186-117d-40ff-9958-2fef0c3694d5","runtime":"nodejs22","entryPoint":"mcSendEmailVerification","source":{"storageSource":{"bucket":"gcf-v2-sources-126482806042-us-central1","object":"mcSendEmailVerification/function-source.zip","generation":"1780944612415478"}},"environmentVariables":{"GOOGLE_NODE_RUN_SCRIPTS":""},"dockerRepository":"projects/mi-catalogo-de61a/locations/us-central1/repositories/gcf-artifacts","sourceProvenance":{"resolvedStorageSource":{"bucket":"gcf-v2-sources-126482806042-us-central1","object":"mcSendEmailVerification/function-source.zip","generation":"1780944612415478"}},"dockerRegistry":"ARTIFACT_REGISTRY","serviceAccount":"projects/mi-catalogo-de61a/serviceAccounts/126482806042-compute@developer.gserviceaccount.com","automaticUpdatePolicy":{}},"serviceConfig":{"service":"projects/mi-catalogo-de61a/locations/us-central1/services/mcsendemailverification","timeoutSeconds":60,"environmentVariables":{"MC_PUBLIC_ORIGIN":"https://micatalogo.io","FIREBASE_CONFIG":"{\"projectId\":\"mi-catalogo-de61a\",\"storageBucket\":\"mi-catalogo-de61a.firebasestorage.app\"}","GCLOUD_PROJECT":"mi-catalogo-de61a","EVENTARC_CLOUD_EVENT_SOURCE":"projects/mi-catalogo-de61a/locations/us-central1/services/mcSendEmailVerification","FUNCTION_TARGET":"mcSendEmailVerification","LOG_EXECUTION_ID":"true","FUNCTION_SIGNATURE_TYPE":"http"},"maxInstanceCount":20,"ingressSettings":"ALLOW_ALL","uri":"https://mcsendemailverification-wl6hcej5xa-uc.a.run.app","serviceAccountEmail":"126482806042-compute@developer.gserviceaccount.com","availableMemory":"256Mi","allTrafficOnLatestRevision":true,"secretEnvironmentVariables":[{"key":"RESEND_API_KEY","projectId":"mi-catalogo-de61a","secret":"RESEND_API_KEY","version":"1"}],"revision":"mcsendemailverification-00027-vat","maxInstanceRequestConcurrency":80,"availableCpu":"1"},"state":"ACTIVE","updateTime":"2026-06-08T19:13:21.012106361Z","labels":{"firebase-functions-hash":"8f6ec07019288fc339fbdaa8c67f48c40ade5154","deployment-tool":"cli-firebase","deployment-callable":"true"},"environment":"GEN_2","url":"https://us-central1-mi-catalogo-de61a.cloudfunctions.net/mcSendEmailVerification","createTime":"2026-05-18T17:26:05.562525361Z","satisfiesPzi":true},{"name":"projects/mi-catalogo-de61a/locations/us-central1/functions/mcFinalizeNewStoreOnboarding","buildConfig":{"build":"projects/126482806042/locations/us-central1/builds/8a506186-117d-40ff-9958-2fef0c3694d5","runtime":"nodejs22","entryPoint":"mcFinalizeNewStoreOnboarding","source":{"storageSource":{"bucket":"gcf-v2-sources-126482806042-us-central1","object":"mcFinalizeNewStoreOnboarding/function-source.zip","generation":"1780944595346312"}},"environmentVariables":{"GOOGLE_NODE_RUN_SCRIPTS":""},"dockerRepository":"projects/mi-catalogo-de61a/locations/us-central1/repositories/gcf-artifacts","sourceProvenance":{"resolvedStorageSource":{"bucket":"gcf-v2-sources-126482806042-us-central1","object":"mcFinalizeNewStoreOnboarding/function-source.zip","generation":"1780944595346312"}},"dockerRegistry":"ARTIFACT_REGISTRY","serviceAccount":"projects/mi-catalogo-de61a/serviceAccounts/126482806042-compute@developer.gserviceaccount.com","automaticUpdatePolicy":{}},"serviceConfig":{"service":"projects/mi-catalogo-de61a/locations/us-central1/services/mcfinalizenewstoreonboarding","timeoutSeconds":60,"environmentVariables":{"MC_PUBLIC_ORIGIN":"https://micatalogo.io","FIREBASE_CONFIG":"{\"projectId\":\"mi-catalogo-de61a\",\"storageBucket\":\"mi-catalogo-de61a.firebasestorage.app\"}","GCLOUD_PROJECT":"mi-catalogo-de61a","EVENTARC_CLOUD_EVENT_SOURCE":"projects/mi-catalogo-de61a/locations/us-central1/services/mcFinalizeNewStoreOnboarding","FUNCTION_TARGET":"mcFinalizeNewStoreOnboarding","LOG_EXECUTION_ID":"true","FUNCTION_SIGNATURE_TYPE":"http"},"maxInstanceCount":20,"ingressSettings":"ALLOW_ALL","uri":"https://mcfinalizenewstoreonboarding-wl6hcej5xa-uc.a.run.app","serviceAccountEmail":"126482806042-compute@developer.gserviceaccount.com","availableMemory":"256Mi","allTrafficOnLatestRevision":true,"revision":"mcfinalizenewstoreonboarding-00013-biy","maxInstanceRequestConcurrency":80,"availableCpu":"1"},"state":"ACTIVE","updateTime":"2026-06-08T19:13:29.793521065Z","labels":{"deployment-tool":"cli-firebase","deployment-callable":"true","firebase-functions-hash":"4de99a886713ecd58bcf1acd75f0735e944b8935"},"environment":"GEN_2","url":"https://us-central1-mi-catalogo-de61a.cloudfunctions.net/mcFinalizeNewStoreOnboarding","createTime":"2026-05-23T23:22:50.631700798Z","satisfiesPzi":true},{"name":"projects/mi-catalogo-de61a/locations/us-central1/functions/mcOnepaySetWebhookSecret","buildConfig":{"build":"projects/126482806042/locations/us-central1/builds/8a506186-117d-40ff-9958-2fef0c3694d5","runtime":"nodejs22","entryPoint":"mcOnepaySetWebhookSecret","source":{"storageSource":{"bucket":"gcf-v2-sources-126482806042-us-central1","object":"mcOnepaySetWebhookSecret/function-source.zip","generation":"1780944595453988"}},"environmentVariables":{"GOOGLE_NODE_RUN_SCRIPTS":""},"dockerRepository":"projects/mi-catalogo-de61a/locations/us-central1/repositories/gcf-artifacts","sourceProvenance":{"resolvedStorageSource":{"bucket":"gcf-v2-sources-126482806042-us-central1","object":"mcOnepaySetWebhookSecret/function-source.zip","generation":"1780944595453988"}},"dockerRegistry":"ARTIFACT_REGISTRY","serviceAccount":"projects/mi-catalogo-de61a/serviceAccounts/126482806042-compute@developer.gserviceaccount.com","automaticUpdatePolicy":{}},"serviceConfig":{"service":"projects/mi-catalogo-de61a/locations/us-central1/services/mconepaysetwebhooksecret","timeoutSeconds":60,"environmentVariables":{"MC_PUBLIC_ORIGIN":"https://micatalogo.io","FIREBASE_CONFIG":"{\"projectId\":\"mi-catalogo-de61a\",\"storageBucket\":\"mi-catalogo-de61a.firebasestorage.app\"}","GCLOUD_PROJECT":"mi-catalogo-de61a","EVENTARC_CLOUD_EVENT_SOURCE":"projects/mi-catalogo-de61a/locations/us-central1/services/mcOnepaySetWebhookSecret","FUNCTION_TARGET":"mcOnepaySetWebhookSecret","LOG_EXECUTION_ID":"true","FUNCTION_SIGNATURE_TYPE":"http"},"maxInstanceCount":20,"ingressSettings":"ALLOW_ALL","uri":"https://mconepaysetwebhooksecret-wl6hcej5xa-uc.a.run.app","serviceAccountEmail":"126482806042-compute@developer.gserviceaccount.com","availableMemory":"256Mi","allTrafficOnLatestRevision":true,"revision":"mconepaysetwebhooksecret-00037-jeg","maxInstanceRequestConcurrency":80,"availableCpu":"1"},"state":"ACTIVE","updateTime":"2026-06-08T19:13:34.437971074Z","labels":{"deployment-tool":"cli-firebase","deployment-callable":"true","firebase-functions-hash":"4de99a886713ecd58bcf1acd75f0735e944b8935"},"environment":"GEN_2","url":"https://us-central1-mi-catalogo-de61a.cloudfunctions.net/mcOnepaySetWebhookSecret","createTime":"2026-04-23T04:48:57.650030802Z","satisfiesPzi":true},{"name":"projects/mi-catalogo-de61a/locations/us-central1/functions/mcOnepayUnlinkMerchant","buildConfig":{"build":"projects/126482806042/locations/us-central1/builds/8a506186-117d-40ff-9958-2fef0c3694d5","runtime":"nodejs22","entryPoint":"mcOnepayUnlinkMerchant","source":{"storageSource":{"bucket":"gcf-v2-sources-126482806042-us-central1","object":"mcOnepayUnlinkMerchant/function-source.zip","generation":"1780944595451557"}},"environmentVariables":{"GOOGLE_NODE_RUN_SCRIPTS":""},"dockerRepository":"projects/mi-catalogo-de61a/locations/us-central1/repositories/gcf-artifacts","sourceProvenance":{"resolvedStorageSource":{"bucket":"gcf-v2-sources-126482806042-us-central1","object":"mcOnepayUnlinkMerchant/function-source.zip","generation":"1780944595451557"}},"dockerRegistry":"ARTIFACT_REGISTRY","serviceAccount":"projects/mi-catalogo-de61a/serviceAccounts/126482806042-compute@developer.gserviceaccount.com","automaticUpdatePolicy":{}},"serviceConfig":{"service":"projects/mi-catalogo-de61a/locations/us-central1/services/mconepayunlinkmerchant","timeoutSeconds":60,"environmentVariables":{"MC_PUBLIC_ORIGIN":"https://micatalogo.io","FIREBASE_CONFIG":"{\"projectId\":\"mi-catalogo-de61a\",\"storageBucket\":\"mi-catalogo-de61a.firebasestorage.app\"}","GCLOUD_PROJECT":"mi-catalogo-de61a","EVENTARC_CLOUD_EVENT_SOURCE":"projects/mi-catalogo-de61a/locations/us-central1/services/mcOnepayUnlinkMerchant","FUNCTION_TARGET":"mcOnepayUnlinkMerchant","LOG_EXECUTION_ID":"true","FUNCTION_SIGNATURE_TYPE":"http"},"maxInstanceCount":20,"ingressSettings":"ALLOW_ALL","uri":"https://mconepayunlinkmerchant-wl6hcej5xa-uc.a.run.app","serviceAccountEmail":"126482806042-compute@developer.gserviceaccount.com","availableMemory":"256Mi","allTrafficOnLatestRevision":true,"revision":"mconepayunlinkmerchant-00038-gur","maxInstanceRequestConcurrency":80,"availableCpu":"1"},"state":"ACTIVE","updateTime":"2026-06-08T19:13:17.441946140Z","labels":{"deployment-tool":"cli-firebase","deployment-callable":"true","firebase-functions-hash":"4de99a886713ecd58bcf1acd75f0735e944b8935"},"environment":"GEN_2","url":"https://us-central1-mi-catalogo-de61a.cloudfunctions.net/mcOnepayUnlinkMerchant","createTime":"2026-04-23T03:47:56.187741582Z","satisfiesPzi":true},{"name":"projects/mi-catalogo-de61a/locations/us-central1/functions/mcBillingCompleteActivation","buildConfig":{"build":"projects/126482806042/locations/us-central1/builds/8a506186-117d-40ff-9958-2fef0c3694d5","runtime":"nodejs22","entryPoint":"mcBillingCompleteActivation","source":{"storageSource":{"bucket":"gcf-v2-sources-126482806042-us-central1","object":"mcBillingCompleteActivation/function-source.zip","generation":"1780944595613682"}},"environmentVariables":{"GOOGLE_NODE_RUN_SCRIPTS":""},"dockerRepository":"projects/mi-catalogo-de61a/locations/us-central1/repositories/gcf-artifacts","sourceProvenance":{"resolvedStorageSource":{"bucket":"gcf-v2-sources-126482806042-us-central1","object":"mcBillingCompleteActivation/function-source.zip","generation":"1780944595613682"}},"dockerRegistry":"ARTIFACT_REGISTRY","serviceAccount":"projects/mi-catalogo-de61a/serviceAccounts/126482806042-compute@developer.gserviceaccount.com","automaticUpdatePolicy":{}},"serviceConfig":{"service":"projects/mi-catalogo-de61a/locations/us-central1/services/mcbillingcompleteactivation","timeoutSeconds":60,"environmentVariables":{"MC_PUBLIC_ORIGIN":"https://micatalogo.io","FIREBASE_CONFIG":"{\"projectId\":\"mi-catalogo-de61a\",\"storageBucket\":\"mi-catalogo-de61a.firebasestorage.app\"}","GCLOUD_PROJECT":"mi-catalogo-de61a","EVENTARC_CLOUD_EVENT_SOURCE":"projects/mi-catalogo-de61a/locations/us-central1/services/mcBillingCompleteActivation","FUNCTION_TARGET":"mcBillingCompleteActivation","LOG_EXECUTION_ID":"true","FUNCTION_SIGNATURE_TYPE":"http"},"maxInstanceCount":20,"ingressSettings":"ALLOW_ALL","uri":"https://mcbillingcompleteactivation-wl6hcej5xa-uc.a.run.app","serviceAccountEmail":"126482806042-compute@developer.gserviceaccount.com","availableMemory":"256Mi","allTrafficOnLatestRevision":true,"revision":"mcbillingcompleteactivation-00019-kow","maxInstanceRequestConcurrency":80,"availableCpu":"1"},"state":"ACTIVE","updateTime":"2026-06-08T19:13:16.157925793Z","labels":{"deployment-tool":"cli-firebase","deployment-callable":"true","firebase-functions-hash":"4de99a886713ecd58bcf1acd75f0735e944b8935"},"environment":"GEN_2","url":"https://us-central1-mi-catalogo-de61a.cloudfunctions.net/mcBillingCompleteActivation","createTime":"2026-05-20T04:13:08.034280749Z","satisfiesPzi":true},{"name":"projects/mi-catalogo-de61a/locations/us-central1/functions/mcBillingAddCard","buildConfig":{"build":"projects/126482806042/locations/us-central1/builds/8a506186-117d-40ff-9958-2fef0c3694d5","runtime":"nodejs22","entryPoint":"mcBillingAddCard","source":{"storageSource":{"bucket":"gcf-v2-sources-126482806042-us-central1","object":"mcBillingAddCard/function-source.zip","generation":"1780944595343713"}},"environmentVariables":{"GOOGLE_NODE_RUN_SCRIPTS":""},"dockerRepository":"projects/mi-catalogo-de61a/locations/us-central1/repositories/gcf-artifacts","sourceProvenance":{"resolvedStorageSource":{"bucket":"gcf-v2-sources-126482806042-us-central1","object":"mcBillingAddCard/function-source.zip","generation":"1780944595343713"}},"dockerRegistry":"ARTIFACT_REGISTRY","serviceAccount":"projects/mi-catalogo-de61a/serviceAccounts/126482806042-compute@developer.gserviceaccount.com","automaticUpdatePolicy":{}},"serviceConfig":{"service":"projects/mi-catalogo-de61a/locations/us-central1/services/mcbillingaddcard","timeoutSeconds":60,"environmentVariables":{"MC_PUBLIC_ORIGIN":"https://micatalogo.io","FIREBASE_CONFIG":"{\"projectId\":\"mi-catalogo-de61a\",\"storageBucket\":\"mi-catalogo-de61a.firebasestorage.app\"}","GCLOUD_PROJECT":"mi-catalogo-de61a","EVENTARC_CLOUD_EVENT_SOURCE":"projects/mi-catalogo-de61a/locations/us-central1/services/mcBillingAddCard","FUNCTION_TARGET":"mcBillingAddCard","LOG_EXECUTION_ID":"true","FUNCTION_SIGNATURE_TYPE":"http"},"maxInstanceCount":20,"ingressSettings":"ALLOW_ALL","uri":"https://mcbillingaddcard-wl6hcej5xa-uc.a.run.app","serviceAccountEmail":"126482806042-compute@developer.gserviceaccount.com","availableMemory":"256Mi","allTrafficOnLatestRevision":true,"revision":"mcbillingaddcard-00019-tod","maxInstanceRequestConcurrency":80,"availableCpu":"1"},"state":"ACTIVE","updateTime":"2026-06-08T19:12:35.763389919Z","labels":{"deployment-callable":"true","firebase-functions-hash":"4de99a886713ecd58bcf1acd75f0735e944b8935","deployment-tool":"cli-firebase"},"environment":"GEN_2","url":"https://us-central1-mi-catalogo-de61a.cloudfunctions.net/mcBillingAddCard","createTime":"2026-05-20T04:12:08.235524619Z","satisfiesPzi":true},{"name":"projects/mi-catalogo-de61a/locations/us-central1/functions/mcOnepayMerchantBalance","buildConfig":{"build":"projects/126482806042/locations/us-central1/builds/8a506186-117d-40ff-9958-2fef0c3694d5","runtime":"nodejs22","entryPoint":"mcOnepayMerchantBalance","source":{"storageSource":{"bucket":"gcf-v2-sources-126482806042-us-central1","object":"mcOnepayMerchantBalance/function-source.zip","generation":"1780944595436878"}},"environmentVariables":{"GOOGLE_NODE_RUN_SCRIPTS":""},"dockerRepository":"projects/mi-catalogo-de61a/locations/us-central1/repositories/gcf-artifacts","sourceProvenance":{"resolvedStorageSource":{"bucket":"gcf-v2-sources-126482806042-us-central1","object":"mcOnepayMerchantBalance/function-source.zip","generation":"1780944595436878"}},"dockerRegistry":"ARTIFACT_REGISTRY","serviceAccount":"projects/mi-catalogo-de61a/serviceAccounts/126482806042-compute@developer.gserviceaccount.com","automaticUpdatePolicy":{}},"serviceConfig":{"service":"projects/mi-catalogo-de61a/locations/us-central1/services/mconepaymerchantbalance","timeoutSeconds":60,"environmentVariables":{"MC_PUBLIC_ORIGIN":"https://micatalogo.io","FIREBASE_CONFIG":"{\"projectId\":\"mi-catalogo-de61a\",\"storageBucket\":\"mi-catalogo-de61a.firebasestorage.app\"}","GCLOUD_PROJECT":"mi-catalogo-de61a","EVENTARC_CLOUD_EVENT_SOURCE":"projects/mi-catalogo-de61a/locations/us-central1/services/mcOnepayMerchantBalance","FUNCTION_TARGET":"mcOnepayMerchantBalance","LOG_EXECUTION_ID":"true","FUNCTION_SIGNATURE_TYPE":"http"},"maxInstanceCount":20,"ingressSettings":"ALLOW_ALL","uri":"https://mconepaymerchantbalance-wl6hcej5xa-uc.a.run.app","serviceAccountEmail":"126482806042-compute@developer.gserviceaccount.com","availableMemory":"256Mi","allTrafficOnLatestRevision":true,"revision":"mconepaymerchantbalance-00035-cop","maxInstanceRequestConcurrency":80,"availableCpu":"1"},"state":"ACTIVE","updateTime":"2026-06-08T19:13:22.245117663Z","labels":{"firebase-functions-hash":"4de99a886713ecd58bcf1acd75f0735e944b8935","deployment-tool":"cli-firebase","deployment-callable":"true"},"environment":"GEN_2","url":"https://us-central1-mi-catalogo-de61a.cloudfunctions.net/mcOnepayMerchantBalance","createTime":"2026-05-17T21:42:03.267076374Z","satisfiesPzi":true},{"name":"projects/mi-catalogo-de61a/locations/us-central1/functions/mcBillingEnsureCustomer","buildConfig":{"build":"projects/126482806042/locations/us-central1/builds/8a506186-117d-40ff-9958-2fef0c3694d5","runtime":"nodejs22","entryPoint":"mcBillingEnsureCustomer","source":{"storageSource":{"bucket":"gcf-v2-sources-126482806042-us-central1","object":"mcBillingEnsureCustomer/function-source.zip","generation":"1780944595594845"}},"environmentVariables":{"GOOGLE_NODE_RUN_SCRIPTS":""},"dockerRepository":"projects/mi-catalogo-de61a/locations/us-central1/repositories/gcf-artifacts","sourceProvenance":{"resolvedStorageSource":{"bucket":"gcf-v2-sources-126482806042-us-central1","object":"mcBillingEnsureCustomer/function-source.zip","generation":"1780944595594845"}},"dockerRegistry":"ARTIFACT_REGISTRY","serviceAccount":"projects/mi-catalogo-de61a/serviceAccounts/126482806042-compute@developer.gserviceaccount.com","automaticUpdatePolicy":{}},"serviceConfig":{"service":"projects/mi-catalogo-de61a/locations/us-central1/services/mcbillingensurecustomer","timeoutSeconds":60,"environmentVariables":{"MC_PUBLIC_ORIGIN":"https://micatalogo.io","FIREBASE_CONFIG":"{\"projectId\":\"mi-catalogo-de61a\",\"storageBucket\":\"mi-catalogo-de61a.firebasestorage.app\"}","GCLOUD_PROJECT":"mi-catalogo-de61a","EVENTARC_CLOUD_EVENT_SOURCE":"projects/mi-catalogo-de61a/locations/us-central1/services/mcBillingEnsureCustomer","FUNCTION_TARGET":"mcBillingEnsureCustomer","LOG_EXECUTION_ID":"true","FUNCTION_SIGNATURE_TYPE":"http"},"maxInstanceCount":20,"ingressSettings":"ALLOW_ALL","uri":"https://mcbillingensurecustomer-wl6hcej5xa-uc.a.run.app","serviceAccountEmail":"126482806042-compute@developer.gserviceaccount.com","availableMemory":"256Mi","allTrafficOnLatestRevision":true,"revision":"mcbillingensurecustomer-00019-faq","maxInstanceRequestConcurrency":80,"availableCpu":"1"},"state":"ACTIVE","updateTime":"2026-06-08T19:13:16.986335370Z","labels":{"deployment-tool":"cli-firebase","deployment-callable":"true","firebase-functions-hash":"4de99a886713ecd58bcf1acd75f0735e944b8935"},"environment":"GEN_2","url":"https://us-central1-mi-catalogo-de61a.cloudfunctions.net/mcBillingEnsureCustomer","createTime":"2026-05-20T04:13:07.974588122Z","satisfiesPzi":true},{"name":"projects/mi-catalogo-de61a/locations/us-central1/functions/mcCreateSalesRep","buildConfig":{"build":"projects/126482806042/locations/us-central1/builds/8a506186-117d-40ff-9958-2fef0c3694d5","runtime":"nodejs22","entryPoint":"mcCreateSalesRep","source":{"storageSource":{"bucket":"gcf-v2-sources-126482806042-us-central1","object":"mcCreateSalesRep/function-source.zip","generation":"1780944544373384"}},"environmentVariables":{"GOOGLE_NODE_RUN_SCRIPTS":""},"dockerRepository":"projects/mi-catalogo-de61a/locations/us-central1/repositories/gcf-artifacts","sourceProvenance":{"resolvedStorageSource":{"bucket":"gcf-v2-sources-126482806042-us-central1","object":"mcCreateSalesRep/function-source.zip","generation":"1780944544373384"}},"dockerRegistry":"ARTIFACT_REGISTRY","serviceAccount":"projects/mi-catalogo-de61a/serviceAccounts/126482806042-compute@developer.gserviceaccount.com","automaticUpdatePolicy":{}},"serviceConfig":{"service":"projects/mi-catalogo-de61a/locations/us-central1/services/mccreatesalesrep","timeoutSeconds":60,"environmentVariables":{"MC_PUBLIC_ORIGIN":"https://micatalogo.io","FIREBASE_CONFIG":"{\"projectId\":\"mi-catalogo-de61a\",\"storageBucket\":\"mi-catalogo-de61a.firebasestorage.app\"}","GCLOUD_PROJECT":"mi-catalogo-de61a","EVENTARC_CLOUD_EVENT_SOURCE":"projects/mi-catalogo-de61a/locations/us-central1/services/mcCreateSalesRep","FUNCTION_TARGET":"mcCreateSalesRep","LOG_EXECUTION_ID":"true"},"ingressSettings":"ALLOW_ALL","uri":"https://mccreatesalesrep-wl6hcej5xa-uc.a.run.app","serviceAccountEmail":"126482806042-compute@developer.gserviceaccount.com","availableMemory":"256Mi","allTrafficOnLatestRevision":true,"revision":"mccreatesalesrep-00001-yar","maxInstanceRequestConcurrency":80,"availableCpu":"1"},"state":"ACTIVE","updateTime":"2026-06-08T19:13:46.164401199Z","labels":{"firebase-functions-hash":"4de99a886713ecd58bcf1acd75f0735e944b8935","deployment-tool":"cli-firebase","deployment-callable":"true"},"environment":"GEN_2","url":"https://us-central1-mi-catalogo-de61a.cloudfunctions.net/mcCreateSalesRep","createTime":"2026-06-08T18:49:04.896207815Z","satisfiesPzi":true},{"name":"projects/mi-catalogo-de61a/locations/us-central1/functions/mcBillingCheckNequiReady","buildConfig":{"build":"projects/126482806042/locations/us-central1/builds/8a506186-117d-40ff-9958-2fef0c3694d5","runtime":"nodejs22","entryPoint":"mcBillingCheckNequiReady","source":{"storageSource":{"bucket":"gcf-v2-sources-126482806042-us-central1","object":"mcBillingCheckNequiReady/function-source.zip","generation":"1780944595680816"}},"environmentVariables":{"GOOGLE_NODE_RUN_SCRIPTS":""},"dockerRepository":"projects/mi-catalogo-de61a/locations/us-central1/repositories/gcf-artifacts","sourceProvenance":{"resolvedStorageSource":{"bucket":"gcf-v2-sources-126482806042-us-central1","object":"mcBillingCheckNequiReady/function-source.zip","generation":"1780944595680816"}},"dockerRegistry":"ARTIFACT_REGISTRY","serviceAccount":"projects/mi-catalogo-de61a/serviceAccounts/126482806042-compute@developer.gserviceaccount.com","automaticUpdatePolicy":{}},"serviceConfig":{"service":"projects/mi-catalogo-de61a/locations/us-central1/services/mcbillingchecknequiready","timeoutSeconds":60,"environmentVariables":{"MC_PUBLIC_ORIGIN":"https://micatalogo.io","FIREBASE_CONFIG":"{\"projectId\":\"mi-catalogo-de61a\",\"storageBucket\":\"mi-catalogo-de61a.firebasestorage.app\"}","GCLOUD_PROJECT":"mi-catalogo-de61a","EVENTARC_CLOUD_EVENT_SOURCE":"projects/mi-catalogo-de61a/locations/us-central1/services/mcBillingCheckNequiReady","FUNCTION_TARGET":"mcBillingCheckNequiReady","LOG_EXECUTION_ID":"true","FUNCTION_SIGNATURE_TYPE":"http"},"maxInstanceCount":20,"ingressSettings":"ALLOW_ALL","uri":"https://mcbillingchecknequiready-wl6hcej5xa-uc.a.run.app","serviceAccountEmail":"126482806042-compute@developer.gserviceaccount.com","availableMemory":"256Mi","allTrafficOnLatestRevision":true,"revision":"mcbillingchecknequiready-00004-fod","maxInstanceRequestConcurrency":80,"availableCpu":"1"},"state":"ACTIVE","updateTime":"2026-06-08T19:13:35.124176897Z","labels":{"deployment-callable":"true","firebase-functions-hash":"4de99a886713ecd58bcf1acd75f0735e944b8935","deployment-tool":"cli-firebase"},"environment":"GEN_2","url":"https://us-central1-mi-catalogo-de61a.cloudfunctions.net/mcBillingCheckNequiReady","createTime":"2026-05-24T21:09:24.193530156Z","satisfiesPzi":true},{"name":"projects/mi-catalogo-de61a/locations/us-central1/functions/mcBillingValidateNequi","buildConfig":{"build":"projects/126482806042/locations/us-central1/builds/8a506186-117d-40ff-9958-2fef0c3694d5","runtime":"nodejs22","entryPoint":"mcBillingValidateNequi","source":{"storageSource":{"bucket":"gcf-v2-sources-126482806042-us-central1","object":"mcBillingValidateNequi/function-source.zip","generation":"1780944595341271"}},"environmentVariables":{"GOOGLE_NODE_RUN_SCRIPTS":""},"dockerRepository":"projects/mi-catalogo-de61a/locations/us-central1/repositories/gcf-artifacts","sourceProvenance":{"resolvedStorageSource":{"bucket":"gcf-v2-sources-126482806042-us-central1","object":"mcBillingValidateNequi/function-source.zip","generation":"1780944595341271"}},"dockerRegistry":"ARTIFACT_REGISTRY","serviceAccount":"projects/mi-catalogo-de61a/serviceAccounts/126482806042-compute@developer.gserviceaccount.com","automaticUpdatePolicy":{}},"serviceConfig":{"service":"projects/mi-catalogo-de61a/locations/us-central1/services/mcbillingvalidatenequi","timeoutSeconds":60,"environmentVariables":{"MC_PUBLIC_ORIGIN":"https://micatalogo.io","FIREBASE_CONFIG":"{\"projectId\":\"mi-catalogo-de61a\",\"storageBucket\":\"mi-catalogo-de61a.firebasestorage.app\"}","GCLOUD_PROJECT":"mi-catalogo-de61a","EVENTARC_CLOUD_EVENT_SOURCE":"projects/mi-catalogo-de61a/locations/us-central1/services/mcBillingValidateNequi","FUNCTION_TARGET":"mcBillingValidateNequi","LOG_EXECUTION_ID":"true","FUNCTION_SIGNATURE_TYPE":"http"},"maxInstanceCount":20,"ingressSettings":"ALLOW_ALL","uri":"https://mcbillingvalidatenequi-wl6hcej5xa-uc.a.run.app","serviceAccountEmail":"126482806042-compute@developer.gserviceaccount.com","availableMemory":"256Mi","allTrafficOnLatestRevision":true,"revision":"mcbillingvalidatenequi-00019-tis","maxInstanceRequestConcurrency":80,"availableCpu":"1"},"state":"ACTIVE","updateTime":"2026-06-08T19:13:23.841348663Z","labels":{"deployment-callable":"true","firebase-functions-hash":"4de99a886713ecd58bcf1acd75f0735e944b8935","deployment-tool":"cli-firebase"},"environment":"GEN_2","url":"https://us-central1-mi-catalogo-de61a.cloudfunctions.net/mcBillingValidateNequi","createTime":"2026-05-20T04:13:08.070867249Z","satisfiesPzi":true},{"name":"projects/mi-catalogo-de61a/locations/us-central1/functions/mcOnepayLinkPlatformPasarela","buildConfig":{"build":"projects/126482806042/locations/us-central1/builds/8a506186-117d-40ff-9958-2fef0c3694d5","runtime":"nodejs22","entryPoint":"mcOnepayLinkPlatformPasarela","source":{"storageSource":{"bucket":"gcf-v2-sources-126482806042-us-central1","object":"mcOnepayLinkPlatformPasarela/function-source.zip","generation":"1780944595950082"}},"environmentVariables":{"GOOGLE_NODE_RUN_SCRIPTS":""},"dockerRepository":"projects/mi-catalogo-de61a/locations/us-central1/repositories/gcf-artifacts","sourceProvenance":{"resolvedStorageSource":{"bucket":"gcf-v2-sources-126482806042-us-central1","object":"mcOnepayLinkPlatformPasarela/function-source.zip","generation":"1780944595950082"}},"dockerRegistry":"ARTIFACT_REGISTRY","serviceAccount":"projects/mi-catalogo-de61a/serviceAccounts/126482806042-compute@developer.gserviceaccount.com","automaticUpdatePolicy":{}},"serviceConfig":{"service":"projects/mi-catalogo-de61a/locations/us-central1/services/mconepaylinkplatformpasarela","timeoutSeconds":60,"environmentVariables":{"MC_PUBLIC_ORIGIN":"https://micatalogo.io","FIREBASE_CONFIG":"{\"projectId\":\"mi-catalogo-de61a\",\"storageBucket\":\"mi-catalogo-de61a.firebasestorage.app\"}","GCLOUD_PROJECT":"mi-catalogo-de61a","EVENTARC_CLOUD_EVENT_SOURCE":"projects/mi-catalogo-de61a/locations/us-central1/services/mcOnepayLinkPlatformPasarela","FUNCTION_TARGET":"mcOnepayLinkPlatformPasarela","LOG_EXECUTION_ID":"true","FUNCTION_SIGNATURE_TYPE":"http"},"maxInstanceCount":20,"ingressSettings":"ALLOW_ALL","uri":"https://mconepaylinkplatformpasarela-wl6hcej5xa-uc.a.run.app","serviceAccountEmail":"126482806042-compute@developer.gserviceaccount.com","availableMemory":"256Mi","allTrafficOnLatestRevision":true,"revision":"mconepaylinkplatformpasarela-00032-neb","maxInstanceRequestConcurrency":80,"availableCpu":"1"},"state":"ACTIVE","updateTime":"2026-06-08T19:13:12.064611120Z","labels":{"firebase-functions-hash":"4de99a886713ecd58bcf1acd75f0735e944b8935","deployment-tool":"cli-firebase","deployment-callable":"true"},"environment":"GEN_2","url":"https://us-central1-mi-catalogo-de61a.cloudfunctions.net/mcOnepayLinkPlatformPasarela","createTime":"2026-05-18T04:50:01.808795820Z","satisfiesPzi":true},{"name":"projects/mi-catalogo-de61a/locations/us-central1/functions/mcBillingGetSdkContext","buildConfig":{"build":"projects/126482806042/locations/us-central1/builds/8a506186-117d-40ff-9958-2fef0c3694d5","runtime":"nodejs22","entryPoint":"mcBillingGetSdkContext","source":{"storageSource":{"bucket":"gcf-v2-sources-126482806042-us-central1","object":"mcBillingGetSdkContext/function-source.zip","generation":"1780944595679728"}},"environmentVariables":{"GOOGLE_NODE_RUN_SCRIPTS":""},"dockerRepository":"projects/mi-catalogo-de61a/locations/us-central1/repositories/gcf-artifacts","sourceProvenance":{"resolvedStorageSource":{"bucket":"gcf-v2-sources-126482806042-us-central1","object":"mcBillingGetSdkContext/function-source.zip","generation":"1780944595679728"}},"dockerRegistry":"ARTIFACT_REGISTRY","serviceAccount":"projects/mi-catalogo-de61a/serviceAccounts/126482806042-compute@developer.gserviceaccount.com","automaticUpdatePolicy":{}},"serviceConfig":{"service":"projects/mi-catalogo-de61a/locations/us-central1/services/mcbillinggetsdkcontext","timeoutSeconds":60,"environmentVariables":{"MC_PUBLIC_ORIGIN":"https://micatalogo.io","FIREBASE_CONFIG":"{\"projectId\":\"mi-catalogo-de61a\",\"storageBucket\":\"mi-catalogo-de61a.firebasestorage.app\"}","GCLOUD_PROJECT":"mi-catalogo-de61a","EVENTARC_CLOUD_EVENT_SOURCE":"projects/mi-catalogo-de61a/locations/us-central1/services/mcBillingGetSdkContext","FUNCTION_TARGET":"mcBillingGetSdkContext","LOG_EXECUTION_ID":"true","FUNCTION_SIGNATURE_TYPE":"http"},"maxInstanceCount":20,"ingressSettings":"ALLOW_ALL","uri":"https://mcbillinggetsdkcontext-wl6hcej5xa-uc.a.run.app","serviceAccountEmail":"126482806042-compute@developer.gserviceaccount.com","availableMemory":"256Mi","allTrafficOnLatestRevision":true,"revision":"mcbillinggetsdkcontext-00019-viv","maxInstanceRequestConcurrency":80,"availableCpu":"1"},"state":"ACTIVE","updateTime":"2026-06-08T19:13:37.031336067Z","labels":{"deployment-callable":"true","firebase-functions-hash":"4de99a886713ecd58bcf1acd75f0735e944b8935","deployment-tool":"cli-firebase"},"environment":"GEN_2","url":"https://us-central1-mi-catalogo-de61a.cloudfunctions.net/mcBillingGetSdkContext","createTime":"2026-05-20T04:13:08.087443537Z","satisfiesPzi":true},{"name":"projects/mi-catalogo-de61a/locations/us-central1/functions/mcOnepayListCitiesForKyb","buildConfig":{"build":"projects/126482806042/locations/us-central1/builds/8a506186-117d-40ff-9958-2fef0c3694d5","runtime":"nodejs22","entryPoint":"mcOnepayListCitiesForKyb","source":{"storageSource":{"bucket":"gcf-v2-sources-126482806042-us-central1","object":"mcOnepayListCitiesForKyb/function-source.zip","generation":"1780944595262344"}},"environmentVariables":{"GOOGLE_NODE_RUN_SCRIPTS":""},"dockerRepository":"projects/mi-catalogo-de61a/locations/us-central1/repositories/gcf-artifacts","sourceProvenance":{"resolvedStorageSource":{"bucket":"gcf-v2-sources-126482806042-us-central1","object":"mcOnepayListCitiesForKyb/function-source.zip","generation":"1780944595262344"}},"dockerRegistry":"ARTIFACT_REGISTRY","serviceAccount":"projects/mi-catalogo-de61a/serviceAccounts/126482806042-compute@developer.gserviceaccount.com","automaticUpdatePolicy":{}},"serviceConfig":{"service":"projects/mi-catalogo-de61a/locations/us-central1/services/mconepaylistcitiesforkyb","timeoutSeconds":60,"environmentVariables":{"MC_PUBLIC_ORIGIN":"https://micatalogo.io","FIREBASE_CONFIG":"{\"projectId\":\"mi-catalogo-de61a\",\"storageBucket\":\"mi-catalogo-de61a.firebasestorage.app\"}","GCLOUD_PROJECT":"mi-catalogo-de61a","EVENTARC_CLOUD_EVENT_SOURCE":"projects/mi-catalogo-de61a/locations/us-central1/services/mcOnepayListCitiesForKyb","FUNCTION_TARGET":"mcOnepayListCitiesForKyb","LOG_EXECUTION_ID":"true","FUNCTION_SIGNATURE_TYPE":"http"},"maxInstanceCount":20,"ingressSettings":"ALLOW_ALL","uri":"https://mconepaylistcitiesforkyb-wl6hcej5xa-uc.a.run.app","serviceAccountEmail":"126482806042-compute@developer.gserviceaccount.com","availableMemory":"256Mi","allTrafficOnLatestRevision":true,"secretEnvironmentVariables":[{"key":"ONEPAY_PLATFORM_SK","projectId":"mi-catalogo-de61a","secret":"ONEPAY_PLATFORM_SK","version":"1"}],"revision":"mconepaylistcitiesforkyb-00002-kof","maxInstanceRequestConcurrency":80,"availableCpu":"1"},"state":"ACTIVE","updateTime":"2026-06-08T19:13:31.453211355Z","labels":{"deployment-tool":"cli-firebase","deployment-callable":"true","firebase-functions-hash":"ffdddbbebabf5c95a6b5e04f32b358da5993e72d"},"environment":"GEN_2","url":"https://us-central1-mi-catalogo-de61a.cloudfunctions.net/mcOnepayListCitiesForKyb","createTime":"2026-06-06T18:03:42.075440787Z","satisfiesPzi":true}]}
[2026-06-08T20:38:57.576Z] Checked if tokens are valid: true, expires at: 1780953737220
[2026-06-08T20:38:57.576Z] Checked if tokens are valid: true, expires at: 1780953737220
[2026-06-08T20:38:57.576Z] >>> [apiv2][query] GET https://firestore.googleapis.com/v1/projects/mi-catalogo-de61a/databases/(default) [none]
winston:file: written true false
winston:file: written true false
winston:file: written true false
winston:file: logged 880550 [debug] [2026-06-08T20:38:57.571Z] <<< [apiv2][status] GET https://cloudfunctions.googleapis.com/v2/projects/mi-catalogo-de61a/locations/-/functions 200

winston:file: logged 984165 [debug] [2026-06-08T20:38:57.571Z] <<< [apiv2][body] GET https://cloudfunctions.googleapis.com/v2/projects/mi-catalogo-de61a/locations/-/functions {"functions":[{"name":"projects/mi-catalogo-de61a/locations/us-central1/functions/mcOnepayMerchantPayments","buildConfig":{"build":"projects/126482806042/locations/us-central1/builds/8a506186-117d-40ff-9958-2fef0c3694d5","runtime":"nodejs22","entryPoint":"mcOnepayMerchantPayments","source":{"storageSource":{"bucket":"gcf-v2-sources-126482806042-us-central1","object":"mcOnepayMerchantPayments/function-source.zip","generation":"1780944595507395"}},"environmentVariables":{"GOOGLE_NODE_RUN_SCRIPTS":""},"dockerRepository":"projects/mi-catalogo-de61a/locations/us-central1/repositories/gcf-artifacts","sourceProvenance":{"resolvedStorageSource":{"bucket":"gcf-v2-sources-126482806042-us-central1","object":"mcOnepayMerchantPayments/function-source.zip","generation":"1780944595507395"}},"dockerRegistry":"ARTIFACT_REGISTRY","serviceAccount":"projects/mi-catalogo-de61a/serviceAccounts/126482806042-compute@developer.gserviceaccount.com","automaticUpdatePolicy":{}},"serviceConfig":{"service":"projects/mi-catalogo-de61a/locations/us-central1/services/mconepaymerchantpayments","timeoutSeconds":60,"environmentVariables":{"MC_PUBLIC_ORIGIN":"https://micatalogo.io","FIREBASE_CONFIG":"{\"projectId\":\"mi-catalogo-de61a\",\"storageBucket\":\"mi-catalogo-de61a.firebasestorage.app\"}","GCLOUD_PROJECT":"mi-catalogo-de61a","EVENTARC_CLOUD_EVENT_SOURCE":"projects/mi-catalogo-de61a/locations/us-central1/services/mcOnepayMerchantPayments","FUNCTION_TARGET":"mcOnepayMerchantPayments","LOG_EXECUTION_ID":"true","FUNCTION_SIGNATURE_TYPE":"http"},"maxInstanceCount":20,"ingressSettings":"ALLOW_ALL","uri":"https://mconepaymerchantpayments-wl6hcej5xa-uc.a.run.app","serviceAccountEmail":"126482806042-compute@developer.gserviceaccount.com","availableMemory":"256Mi","allTrafficOnLatestRevision":true,"revision":"mconepaymerchantpayments-00035-nef","maxInstanceRequestConcurrency":80,"availableCpu":"1"},"state":"ACTIVE","updateTime":"2026-06-08T19:13:15.257471468Z","labels":{"firebase-functions-hash":"4de99a886713ecd58bcf1acd75f0735e944b8935","deployment-tool":"cli-firebase","deployment-callable":"true"},"environment":"GEN_2","url":"https://us-central1-mi-catalogo-de61a.cloudfunctions.net/mcOnepayMerchantPayments","createTime":"2026-05-17T21:42:55.345238013Z","satisfiesPzi":true},{"name":"projects/mi-catalogo-de61a/locations/us-central1/functions/mcRecordStoreAnalytics","buildConfig":{"build":"projects/126482806042/locations/us-central1/builds/8a506186-117d-40ff-9958-2fef0c3694d5","runtime":"nodejs22","entryPoint":"mcRecordStoreAnalytics","source":{"storageSource":{"bucket":"gcf-v2-sources-126482806042-us-central1","object":"mcRecordStoreAnalytics/function-source.zip","generation":"1780944595467886"}},"environmentVariables":{"GOOGLE_NODE_RUN_SCRIPTS":""},"dockerRepository":"projects/mi-catalogo-de61a/locations/us-central1/repositories/gcf-artifacts","sourceProvenance":{"resolvedStorageSource":{"bucket":"gcf-v2-sources-126482806042-us-central1","object":"mcRecordStoreAnalytics/function-source.zip","generation":"1780944595467886"}},"dockerRegistry":"ARTIFACT_REGISTRY","serviceAccount":"projects/mi-catalogo-de61a/serviceAccounts/126482806042-compute@developer.gserviceaccount.com","automaticUpdatePolicy":{}},"serviceConfig":{"service":"projects/mi-catalogo-de61a/locations/us-central1/services/mcrecordstoreanalytics","timeoutSeconds":60,"environmentVariables":{"MC_PUBLIC_ORIGIN":"https://micatalogo.io","FIREBASE_CONFIG":"{\"projectId\":\"mi-catalogo-de61a\",\"storageBucket\":\"mi-catalogo-de61a.firebasestorage.app\"}","GCLOUD_PROJECT":"mi-catalogo-de61a","EVENTARC_CLOUD_EVENT_SOURCE":"projects/mi-catalogo-de61a/locations/us-central1/services/mcRecordStoreAnalytics","FUNCTION_TARGET":"mcRecordStoreAnalytics","LOG_EXECUTION_ID":"true","FUNCTION_SIGNATURE_TYPE":"http"},"maxInstanceCount":20,"ingressSettings":"ALLOW_ALL","uri":"https://mcrecordstoreanalytics-wl6hcej5xa-uc.a.run.app","serviceAccountEmail":"126482806042-compute@developer.gserviceaccount.com","availableMemory":"256Mi","allTrafficOnLatestRevision":true,"revision":"mcrecordstoreanalytics-00013-zoy","maxInstanceRequestConcurrency":80,"availableCpu":"1"},"state":"ACTIVE","updateTime":"2026-06-08T19:13:46.369821343Z","labels":{"firebase-functions-hash":"4de99a886713ecd58bcf1acd75f0735e944b8935","deployment-tool":"cli-firebase","deployment-callable":"true"},"environment":"GEN_2","url":"https://us-central1-mi-catalogo-de61a.cloudfunctions.net/mcRecordStoreAnalytics","createTime":"2026-05-23T23:23:51.215168675Z","satisfiesPzi":true},{"name":"projects/mi-catalogo-de61a/locations/us-central1/functions/mcOnepaySellerSaldoSummary","buildConfig":{"build":"projects/126482806042/locations/us-central1/builds/8a506186-117d-40ff-9958-2fef0c3694d5","runtime":"nodejs22","entryPoint":"mcOnepaySellerSaldoSummary","source":{"storageSource":{"bucket":"gcf-v2-sources-126482806042-us-central1","object":"mcOnepaySellerSaldoSummary/function-source.zip","generation":"1780944595470946"}},"environmentVariables":{"GOOGLE_NODE_RUN_SCRIPTS":""},"dockerRepository":"projects/mi-catalogo-de61a/locations/us-central1/repositories/gcf-artifacts","sourceProvenance":{"resolvedStorageSource":{"bucket":"gcf-v2-sources-126482806042-us-central1","object":"mcOnepaySellerSaldoSummary/function-source.zip","generation":"1780944595470946"}},"dockerRegistry":"ARTIFACT_REGISTRY","serviceAccount":"projects/mi-catalogo-de61a/serviceAccounts/126482806042-compute@developer.gserviceaccount.com","automaticUpdatePolicy":{}},"serviceConfig":{"service":"projects/mi-catalogo-de61a/locations/us-central1/services/mconepaysellersaldosummary","timeoutSeconds":60,"environmentVariables":{"MC_PUBLIC_ORIGIN":"https://micatalogo.io","FIREBASE_CONFIG":"{\"projectId\":\"mi-catalogo-de61a\",\"storageBucket\":\"mi-catalogo-de61a.firebasestorage.app\"}","GCLOUD_PROJECT":"mi-catalogo-de61a","EVENTARC_CLOUD_EVENT_SOURCE":"projects/mi-catalogo-de61a/locations/us-central1/services/mcOnepaySellerSaldoSummary","FUNCTION_TARGET":"mcOnepaySellerSaldoSummary","LOG_EXECUTION_ID":"true","FUNCTION_SIGNATURE_TYPE":"http"},"maxInstanceCount":20,"ingressSettings":"ALLOW_ALL","uri":"https://mconepaysellersaldosummary-wl6hcej5xa-uc.a.run.app","serviceAccountEmail":"126482806042-compute@developer.gserviceaccount.com","availableMemory":"256Mi","allTrafficOnLatestRevision":true,"revision":"mconepaysellersaldosummary-00014-dof","maxInstanceRequestConcurrency":80,"availableCpu":"1"},"state":"ACTIVE","updateTime":"2026-06-08T19:13:23.524866527Z","labels":{"deployment-tool":"cli-firebase","deployment-callable":"true","firebase-functions-hash":"4de99a886713ecd58bcf1acd75f0735e944b8935"},"environment":"GEN_2","url":"https://us-central1-mi-catalogo-de61a.cloudfunctions.net/mcOnepaySellerSaldoSummary","createTime":"2026-05-20T06:06:07.957662602Z","satisfiesPzi":true},{"name":"projects/mi-catalogo-de61a/locations/us-central1/functions/mcSetSalesRepActive","buildConfig":{"build":"projects/126482806042/locations/us-central1/builds/8a506186-117d-40ff-9958-2fef0c3694d5","runtime":"nodejs22","entryPoint":"mcSetSalesRepActive","source":{"storageSource":{"bucket":"gcf-v2-sources-126482806042-us-central1","object":"mcSetSalesRepActive/function-source.zip","generation":"1780944594697096"}},"environmentVariables":{"GOOGLE_NODE_RUN_SCRIPTS":""},"dockerRepository":"projects/mi-catalogo-de61a/locations/us-central1/repositories/gcf-artifacts","sourceProvenance":{"resolvedStorageSource":{"bucket":"gcf-v2-sources-126482806042-us-central1","object":"mcSetSalesRepActive/function-source.zip","generation":"1780944594697096"}},"dockerRegistry":"ARTIFACT_REGISTRY","serviceAccount":"projects/mi-catalogo-de61a/serviceAccounts/126482806042-compute@developer.gserviceaccount.com","automaticUpdatePolicy":{}},"serviceConfig":{"service":"projects/mi-catalogo-de61a/locations/us-central1/services/mcsetsalesrepactive","timeoutSeconds":60,"environmentVariables":{"MC_PUBLIC_ORIGIN":"https://micatalogo.io","FIREBASE_CONFIG":"{\"projectId\":\"mi-catalogo-de61a\",\"storageBucket\":\"mi-catalogo-de61a.firebasestorage.app\"}","GCLOUD_PROJECT":"mi-catalogo-de61a","EVENTARC_CLOUD_EVENT_SOURCE":"projects/mi-catalogo-de61a/locations/us-central1/services/mcSetSalesRepActive","FUNCTION_TARGET":"mcSetSalesRepActive","LOG_EXECUTION_ID":"true","FUNCTION_SIGNATURE_TYPE":"http"},"ingressSettings":"ALLOW_ALL","uri":"https://mcsetsalesrepactive-wl6hcej5xa-uc.a.run.app","serviceAccountEmail":"126482806042-compute@developer.gserviceaccount.com","availableMemory":"256Mi","allTrafficOnLatestRevision":true,"revision":"mcsetsalesrepactive-00001-wam","maxInstanceRequestConcurrency":80,"availableCpu":"1"},"state":"ACTIVE","updateTime":"2026-06-08T19:13:56.081346996Z","labels":{"firebase-functions-hash":"4de99a886713ecd58bcf1acd75f0735e944b8935","deployment-tool":"cli-firebase","deployment-callable":"true"},"environment":"GEN_2","url":"https://us-central1-mi-catalogo-de61a.cloudfunctions.net/mcSetSalesRepActive","createTime":"2026-06-08T18:49:54.901281260Z","satisfiesPzi":true},{"name":"projects/mi-catalogo-de61a/locations/us-central1/functions/mcOnepayUnlinkPlatformPasarela","buildConfig":{"build":"projects/126482806042/locations/us-central1/builds/8a506186-117d-40ff-9958-2fef0c3694d5","runtime":"nodejs22","entryPoint":"mcOnepayUnlinkPlatformPasarela","source":{"storageSource":{"bucket":"gcf-v2-sources-126482806042-us-central1","object":"mcOnepayUnlinkPlatformPasarela/function-source.zip","generation":"1780944595356300"}},"environmentVariables":{"GOOGLE_NODE_RUN_SCRIPTS":""},"dockerRepository":"projects/mi-catalogo-de61a/locations/us-central1/repositories/gcf-artifacts","sourceProvenance":{"resolvedStorageSource":{"bucket":"gcf-v2-sources-126482806042-us-central1","object":"mcOnepayUnlinkPlatformPasarela/function-source.zip","generation":"1780944595356300"}},"dockerRegistry":"ARTIFACT_REGISTRY","serviceAccount":"projects/mi-catalogo-de61a/serviceAccounts/126482806042-compute@developer.gserviceaccount.com","automaticUpdatePolicy":{}},"serviceConfig":{"service":"projects/mi-catalogo-de61a/locations/us-central1/services/mconepayunlinkplatformpasarela","timeoutSeconds":60,"environmentVariables":{"MC_PUBLIC_ORIGIN":"https://micatalogo.io","FIREBASE_CONFIG":"{\"projectId\":\"mi-catalogo-de61a\",\"storageBucket\":\"mi-catalogo-de61a.firebasestorage.app\"}","GCLOUD_PROJECT":"mi-catalogo-de61a","EVENTARC_CLOUD_EVENT_SOURCE":"projects/mi-catalogo-de61a/locations/us-central1/services/mcOnepayUnlinkPlatformPasarela","FUNCTION_TARGET":"mcOnepayUnlinkPlatformPasarela","LOG_EXECUTION_ID":"true","FUNCTION_SIGNATURE_TYPE":"http"},"maxInstanceCount":20,"ingressSettings":"ALLOW_ALL","uri":"https://mconepayunlinkplatformpasarela-wl6hcej5xa-uc.a.run.app","serviceAccountEmail":"126482806042-compute@developer.gserviceaccount.com","availableMemory":"256Mi","allTrafficOnLatestRevision":true,"revision":"mconepayunlinkplatformpasarela-00032-gaq","maxInstanceRequestConcurrency":80,"availableCpu":"1"},"state":"ACTIVE","updateTime":"2026-06-08T19:13:17.533379506Z","labels":{"deployment-callable":"true","firebase-functions-hash":"4de99a886713ecd58bcf1acd75f0735e944b8935","deployment-tool":"cli-firebase"},"environment":"GEN_2","url":"https://us-central1-mi-catalogo-de61a.cloudfunctions.net/mcOnepayUnlinkPlatformPasarela","createTime":"2026-05-18T04:50:52.538175962Z","satisfiesPzi":true},{"name":"projects/mi-catalogo-de61a/locations/us-central1/functions/mcBillingValidateDiscountCode","buildConfig":{"build":"projects/126482806042/locations/us-central1/builds/8a506186-117d-40ff-9958-2fef0c3694d5","runtime":"nodejs22","entryPoint":"mcBillingValidateDiscountCode","source":{"storageSource":{"bucket":"gcf-v2-sources-126482806042-us-central1","object":"mcBillingValidateDiscountCode/function-source.zip","generation":"1780944595698606"}},"environmentVariables":{"GOOGLE_NODE_RUN_SCRIPTS":""},"dockerRepository":"projects/mi-catalogo-de61a/locations/us-central1/repositories/gcf-artifacts","sourceProvenance":{"resolvedStorageSource":{"bucket":"gcf-v2-sources-126482806042-us-central1","object":"mcBillingValidateDiscountCode/function-source.zip","generation":"1780944595698606"}},"dockerRegistry":"ARTIFACT_REGISTRY","serviceAccount":"projects/mi-catalogo-de61a/serviceAccounts/126482806042-compute@developer.gserviceaccount.com","automaticUpdatePolicy":{}},"serviceConfig":{"service":"projects/mi-catalogo-de61a/locations/us-central1/services/mcbillingvalidatediscountcode","timeoutSeconds":60,"environmentVariables":{"MC_PUBLIC_ORIGIN":"https://micatalogo.io","FIREBASE_CONFIG":"{\"projectId\":\"mi-catalogo-de61a\",\"storageBucket\":\"mi-catalogo-de61a.firebasestorage.app\"}","GCLOUD_PROJECT":"mi-catalogo-de61a","EVENTARC_CLOUD_EVENT_SOURCE":"projects/mi-catalogo-de61a/locations/us-central1/services/mcBillingValidateDiscountCode","FUNCTION_TARGET":"mcBillingValidateDiscountCode","LOG_EXECUTION_ID":"true","FUNCTION_SIGNATURE_TYPE":"http"},"maxInstanceCount":20,"ingressSettings":"ALLOW_ALL","uri":"https://mcbillingvalidatediscountcode-wl6hcej5xa-uc.a.run.app","serviceAccountEmail":"126482806042-compute@developer.gserviceaccount.com","availableMemory":"256Mi","allTrafficOnLatestRevision":true,"revision":"mcbillingvalidatediscountcode-00019-qot","maxInstanceRequestConcurrency":80,"availableCpu":"1"},"state":"ACTIVE","updateTime":"2026-06-08T19:13:19.922684553Z","labels":{"deployment-tool":"cli-firebase","deployment-callable":"true","firebase-functions-hash":"4de99a886713ecd58bcf1acd75f0735e944b8935"},"environment":"GEN_2","url":"https://us-central1-mi-catalogo-de61a.cloudfunctions.net/mcBillingValidateDiscountCode","createTime":"2026-05-20T04:13:08.119276402Z","satisfiesPzi":true},{"name":"projects/mi-catalogo-de61a/locations/us-central1/functions/mcOnepayCatalogWebhook","buildConfig":{"build":"projects/126482806042/locations/us-central1/builds/8a506186-117d-40ff-9958-2fef0c3694d5","runtime":"nodejs22","entryPoint":"mcOnepayCatalogWebhook","source":{"storageSource":{"bucket":"gcf-v2-sources-126482806042-us-central1","object":"mcOnepayCatalogWebhook/function-source.zip","generation":"1780944595786553"}},"environmentVariables":{"GOOGLE_NODE_RUN_SCRIPTS":""},"dockerRepository":"projects/mi-catalogo-de61a/locations/us-central1/repositories/gcf-artifacts","sourceProvenance":{"resolvedStorageSource":{"bucket":"gcf-v2-sources-126482806042-us-central1","object":"mcOnepayCatalogWebhook/function-source.zip","generation":"1780944595786553"}},"dockerRegistry":"ARTIFACT_REGISTRY","serviceAccount":"projects/mi-catalogo-de61a/serviceAccounts/126482806042-compute@developer.gserviceaccount.com","automaticUpdatePolicy":{}},"serviceConfig":{"service":"projects/mi-catalogo-de61a/locations/us-central1/services/mconepaycatalogwebhook","timeoutSeconds":60,"environmentVariables":{"MC_PUBLIC_ORIGIN":"https://micatalogo.io","FIREBASE_CONFIG":"{\"projectId\":\"mi-catalogo-de61a\",\"storageBucket\":\"mi-catalogo-de61a.firebasestorage.app\"}","GCLOUD_PROJECT":"mi-catalogo-de61a","EVENTARC_CLOUD_EVENT_SOURCE":"projects/mi-catalogo-de61a/locations/us-central1/services/mcOnepayCatalogWebhook","FUNCTION_TARGET":"mcOnepayCatalogWebhook","LOG_EXECUTION_ID":"true","FUNCTION_SIGNATURE_TYPE":"http"},"maxInstanceCount":20,"ingressSettings":"ALLOW_ALL","uri":"https://mconepaycatalogwebhook-wl6hcej5xa-uc.a.run.app","serviceAccountEmail":"126482806042-compute@developer.gserviceaccount.com","availableMemory":"256Mi","allTrafficOnLatestRevision":true,"secretEnvironmentVariables":[{"key":"RESEND_API_KEY","projectId":"mi-catalogo-de61a","secret":"RESEND_API_KEY","version":"1"}],"revision":"mconepaycatalogwebhook-00037-voc","maxInstanceRequestConcurrency":80,"availableCpu":"1"},"state":"ACTIVE","updateTime":"2026-06-08T19:13:51.885067685Z","labels":{"deployment-tool":"cli-firebase","firebase-functions-hash":"8f6ec07019288fc339fbdaa8c67f48c40ade5154"},"environment":"GEN_2","url":"https://us-central1-mi-catalogo-de61a.cloudfunctions.net/mcOnepayCatalogWebhook","createTime":"2026-04-23T04:47:57.709086013Z","satisfiesPzi":true},{"name":"projects/mi-catalogo-de61a/locations/us-central1/functions/mcSendCarritoRecuperacionEmail","buildConfig":{"build":"projects/126482806042/locations/us-central1/builds/8a506186-117d-40ff-9958-2fef0c3694d5","runtime":"nodejs22","entryPoint":"mcSendCarritoRecuperacionEmail","source":{"storageSource":{"bucket":"gcf-v2-sources-126482806042-us-central1","object":"mcSendCarritoRecuperacionEmail/function-source.zip","generation":"1780944604644155"}},"environmentVariables":{"GOOGLE_NODE_RUN_SCRIPTS":""},"dockerRepository":"projects/mi-catalogo-de61a/locations/us-central1/repositories/gcf-artifacts","sourceProvenance":{"resolvedStorageSource":{"bucket":"gcf-v2-sources-126482806042-us-central1","object":"mcSendCarritoRecuperacionEmail/function-source.zip","generation":"1780944604644155"}},"dockerRegistry":"ARTIFACT_REGISTRY","serviceAccount":"projects/mi-catalogo-de61a/serviceAccounts/126482806042-compute@developer.gserviceaccount.com","automaticUpdatePolicy":{}},"serviceConfig":{"service":"projects/mi-catalogo-de61a/locations/us-central1/services/mcsendcarritorecuperacionemail","timeoutSeconds":60,"environmentVariables":{"MC_PUBLIC_ORIGIN":"https://micatalogo.io","FIREBASE_CONFIG":"{\"projectId\":\"mi-catalogo-de61a\",\"storageBucket\":\"mi-catalogo-de61a.firebasestorage.app\"}","GCLOUD_PROJECT":"mi-catalogo-de61a","EVENTARC_CLOUD_EVENT_SOURCE":"projects/mi-catalogo-de61a/locations/us-central1/services/mcSendCarritoRecuperacionEmail","FUNCTION_TARGET":"mcSendCarritoRecuperacionEmail","LOG_EXECUTION_ID":"true","FUNCTION_SIGNATURE_TYPE":"http"},"maxInstanceCount":20,"ingressSettings":"ALLOW_ALL","uri":"https://mcsendcarritorecuperacionemail-wl6hcej5xa-uc.a.run.app","serviceAccountEmail":"126482806042-compute@developer.gserviceaccount.com","availableMemory":"256Mi","allTrafficOnLatestRevision":true,"secretEnvironmentVariables":[{"key":"RESEND_API_KEY","projectId":"mi-catalogo-de61a","secret":"RESEND_API_KEY","version":"1"}],"revision":"mcsendcarritorecuperacionemail-00008-han","maxInstanceRequestConcurrency":80,"availableCpu":"1"},"state":"ACTIVE","updateTime":"2026-06-08T19:13:24.640567166Z","labels":{"deployment-callable":"true","firebase-functions-hash":"8f6ec07019288fc339fbdaa8c67f48c40ade5154","deployment-tool":"cli-firebase"},"environment":"GEN_2","url":"https://us-central1-mi-catalogo-de61a.cloudfunctions.net/mcSendCarritoRecuperacionEmail","createTime":"2026-05-24T15:45:19.150883541Z","satisfiesPzi":true},{"name":"projects/mi-catalogo-de61a/locations/us-central1/functions/mcBillingListPaymentHistoryCallable","buildConfig":{"build":"projects/126482806042/locations/us-central1/builds/8a506186-117d-40ff-9958-2fef0c3694d5","runtime":"nodejs22","entryPoint":"mcBillingListPaymentHistoryCallable","source":{"storageSource":{"bucket":"gcf-v2-sources-126482806042-us-central1","object":"mcBillingListPaymentHistoryCallable/function-source.zip","generation":"1780944595373992"}},"environmentVariables":{"GOOGLE_NODE_RUN_SCRIPTS":""},"dockerRepository":"projects/mi-catalogo-de61a/locations/us-central1/repositories/gcf-artifacts","sourceProvenance":{"resolvedStorageSource":{"bucket":"gcf-v2-sources-126482806042-us-central1","object":"mcBillingListPaymentHistoryCallable/function-source.zip","generation":"1780944595373992"}},"dockerRegistry":"ARTIFACT_REGISTRY","serviceAccount":"projects/mi-catalogo-de61a/serviceAccounts/126482806042-compute@developer.gserviceaccount.com","automaticUpdatePolicy":{}},"serviceConfig":{"service":"projects/mi-catalogo-de61a/locations/us-central1/services/mcbillinglistpaymenthistorycallable","timeoutSeconds":60,"environmentVariables":{"MC_PUBLIC_ORIGIN":"https://micatalogo.io","FIREBASE_CONFIG":"{\"projectId\":\"mi-catalogo-de61a\",\"storageBucket\":\"mi-catalogo-de61a.firebasestorage.app\"}","GCLOUD_PROJECT":"mi-catalogo-de61a","EVENTARC_CLOUD_EVENT_SOURCE":"projects/mi-catalogo-de61a/locations/us-central1/services/mcBillingListPaymentHistoryCallable","FUNCTION_TARGET":"mcBillingListPaymentHistoryCallable","LOG_EXECUTION_ID":"true","FUNCTION_SIGNATURE_TYPE":"http"},"maxInstanceCount":20,"ingressSettings":"ALLOW_ALL","uri":"https://mcbillinglistpaymenthistorycallable-wl6hcej5xa-uc.a.run.app","serviceAccountEmail":"126482806042-compute@developer.gserviceaccount.com","availableMemory":"256Mi","allTrafficOnLatestRevision":true,"revision":"mcbillinglistpaymenthistorycallable-00016-siw","maxInstanceRequestConcurrency":80,"availableCpu":"1"},"state":"ACTIVE","updateTime":"2026-06-08T19:13:41.609197108Z","labels":{"deployment-tool":"cli-firebase","deployment-callable":"true","firebase-functions-hash":"4de99a886713ecd58bcf1acd75f0735e944b8935"},"environment":"GEN_2","url":"https://us-central1-mi-catalogo-de61a.cloudfunctions.net/mcBillingListPaymentHistoryCallable","createTime":"2026-05-20T05:16:12.554631140Z","satisfiesPzi":true},{"name":"projects/mi-catalogo-de61a/locations/us-central1/functions/mcStopStoreImpersonation","buildConfig":{"build":"projects/126482806042/locations/us-central1/builds/8a506186-117d-40ff-9958-2fef0c3694d5","runtime":"nodejs22","entryPoint":"mcStopStoreImpersonation","source":{"storageSource":{"bucket":"gcf-v2-sources-126482806042-us-central1","object":"mcStopStoreImpersonation/function-source.zip","generation":"1780944612731957"}},"environmentVariables":{"GOOGLE_NODE_RUN_SCRIPTS":""},"dockerRepository":"projects/mi-catalogo-de61a/locations/us-central1/repositories/gcf-artifacts","sourceProvenance":{"resolvedStorageSource":{"bucket":"gcf-v2-sources-126482806042-us-central1","object":"mcStopStoreImpersonation/function-source.zip","generation":"1780944612731957"}},"dockerRegistry":"ARTIFACT_REGISTRY","serviceAccount":"projects/mi-catalogo-de61a/serviceAccounts/126482806042-compute@developer.gserviceaccount.com","automaticUpdatePolicy":{}},"serviceConfig":{"service":"projects/mi-catalogo-de61a/locations/us-central1/services/mcstopstoreimpersonation","timeoutSeconds":60,"environmentVariables":{"MC_PUBLIC_ORIGIN":"https://micatalogo.io","FIREBASE_CONFIG":"{\"projectId\":\"mi-catalogo-de61a\",\"storageBucket\":\"mi-catalogo-de61a.firebasestorage.app\"}","GCLOUD_PROJECT":"mi-catalogo-de61a","EVENTARC_CLOUD_EVENT_SOURCE":"projects/mi-catalogo-de61a/locations/us-central1/services/mcStopStoreImpersonation","FUNCTION_TARGET":"mcStopStoreImpersonation","LOG_EXECUTION_ID":"true","FUNCTION_SIGNATURE_TYPE":"http"},"maxInstanceCount":20,"ingressSettings":"ALLOW_ALL","uri":"https://mcstopstoreimpersonation-wl6hcej5xa-uc.a.run.app","serviceAccountEmail":"126482806042-compute@developer.gserviceaccount.com","availableMemory":"256Mi","allTrafficOnLatestRevision":true,"revision":"mcstopstoreimpersonation-00003-lom","maxInstanceRequestConcurrency":80,"availableCpu":"1"},"state":"ACTIVE","updateTime":"2026-06-08T19:14:00.149590035Z","labels":{"deployment-tool":"cli-firebase","deployment-callable":"true","firebase-functions-hash":"4de99a886713ecd58bcf1acd75f0735e944b8935"},"environment":"GEN_2","url":"https://us-central1-mi-catalogo-de61a.cloudfunctions.net/mcStopStoreImpersonation","createTime":"2026-06-06T18:02:50.862634230Z","satisfiesPzi":true},{"name":"projects/mi-catalogo-de61a/locations/us-central1/functions/mcBillingListNequiBanks","buildConfig":{"build":"projects/126482806042/locations/us-central1/builds/8a506186-117d-40ff-9958-2fef0c3694d5","runtime":"nodejs22","entryPoint":"mcBillingListNequiBanks","source":{"storageSource":{"bucket":"gcf-v2-sources-126482806042-us-central1","object":"mcBillingListNequiBanks/function-source.zip","generation":"1780944595684193"}},"environmentVariables":{"GOOGLE_NODE_RUN_SCRIPTS":""},"dockerRepository":"projects/mi-catalogo-de61a/locations/us-central1/repositories/gcf-artifacts","sourceProvenance":{"resolvedStorageSource":{"bucket":"gcf-v2-sources-126482806042-us-central1","object":"mcBillingListNequiBanks/function-source.zip","generation":"1780944595684193"}},"dockerRegistry":"ARTIFACT_REGISTRY","serviceAccount":"projects/mi-catalogo-de61a/serviceAccounts/126482806042-compute@developer.gserviceaccount.com","automaticUpdatePolicy":{}},"serviceConfig":{"service":"projects/mi-catalogo-de61a/locations/us-central1/services/mcbillinglistnequibanks","timeoutSeconds":60,"environmentVariables":{"MC_PUBLIC_ORIGIN":"https://micatalogo.io","FIREBASE_CONFIG":"{\"projectId\":\"mi-catalogo-de61a\",\"storageBucket\":\"mi-catalogo-de61a.firebasestorage.app\"}","GCLOUD_PROJECT":"mi-catalogo-de61a","EVENTARC_CLOUD_EVENT_SOURCE":"projects/mi-catalogo-de61a/locations/us-central1/services/mcBillingListNequiBanks","FUNCTION_TARGET":"mcBillingListNequiBanks","LOG_EXECUTION_ID":"true","FUNCTION_SIGNATURE_TYPE":"http"},"maxInstanceCount":20,"ingressSettings":"ALLOW_ALL","uri":"https://mcbillinglistnequibanks-wl6hcej5xa-uc.a.run.app","serviceAccountEmail":"126482806042-compute@developer.gserviceaccount.com","availableMemory":"256Mi","allTrafficOnLatestRevision":true,"revision":"mcbillinglistnequibanks-00019-nif","maxInstanceRequestConcurrency":80,"availableCpu":"1"},"state":"ACTIVE","updateTime":"2026-06-08T19:13:28.680495541Z","labels":{"firebase-functions-hash":"4de99a886713ecd58bcf1acd75f0735e944b8935","deployment-tool":"cli-firebase","deployment-callable":"true"},"environment":"GEN_2","url":"https://us-central1-mi-catalogo-de61a.cloudfunctions.net/mcBillingListNequiBanks","createTime":"2026-05-20T04:13:08.106467565Z","satisfiesPzi":true},{"name":"projects/mi-catalogo-de61a/locations/us-central1/functions/mcOnepayStartCatalogCheckout","buildConfig":{"build":"projects/126482806042/locations/us-central1/builds/8a506186-117d-40ff-9958-2fef0c3694d5","runtime":"nodejs22","entryPoint":"mcOnepayStartCatalogCheckout","source":{"storageSource":{"bucket":"gcf-v2-sources-126482806042-us-central1","object":"mcOnepayStartCatalogCheckout/function-source.zip","generation":"1780944595367033"}},"environmentVariables":{"GOOGLE_NODE_RUN_SCRIPTS":""},"dockerRepository":"projects/mi-catalogo-de61a/locations/us-central1/repositories/gcf-artifacts","sourceProvenance":{"resolvedStorageSource":{"bucket":"gcf-v2-sources-126482806042-us-central1","object":"mcOnepayStartCatalogCheckout/function-source.zip","generation":"1780944595367033"}},"dockerRegistry":"ARTIFACT_REGISTRY","serviceAccount":"projects/mi-catalogo-de61a/serviceAccounts/126482806042-compute@developer.gserviceaccount.com","automaticUpdatePolicy":{}},"serviceConfig":{"service":"projects/mi-catalogo-de61a/locations/us-central1/services/mconepaystartcatalogcheckout","timeoutSeconds":60,"environmentVariables":{"MC_PUBLIC_ORIGIN":"https://micatalogo.io","FIREBASE_CONFIG":"{\"projectId\":\"mi-catalogo-de61a\",\"storageBucket\":\"mi-catalogo-de61a.firebasestorage.app\"}","GCLOUD_PROJECT":"mi-catalogo-de61a","EVENTARC_CLOUD_EVENT_SOURCE":"projects/mi-catalogo-de61a/locations/us-central1/services/mcOnepayStartCatalogCheckout","FUNCTION_TARGET":"mcOnepayStartCatalogCheckout","LOG_EXECUTION_ID":"true","FUNCTION_SIGNATURE_TYPE":"http"},"maxInstanceCount":20,"ingressSettings":"ALLOW_ALL","uri":"https://mconepaystartcatalogcheckout-wl6hcej5xa-uc.a.run.app","serviceAccountEmail":"126482806042-compute@developer.gserviceaccount.com","availableMemory":"256Mi","allTrafficOnLatestRevision":true,"secretEnvironmentVariables":[{"key":"ENVIA_API_TOKEN","projectId":"mi-catalogo-de61a","secret":"ENVIA_API_TOKEN","version":"1"}],"revision":"mconepaystartcatalogcheckout-00038-nuq","maxInstanceRequestConcurrency":80,"availableCpu":"1"},"state":"ACTIVE","updateTime":"2026-06-08T19:13:49.040038613Z","labels":{"deployment-callable":"true","firebase-functions-hash":"051d93deabecec37caca1b7ce8779d3d8e78aed0","deployment-tool":"cli-firebase"},"environment":"GEN_2","url":"https://us-central1-mi-catalogo-de61a.cloudfunctions.net/mcOnepayStartCatalogCheckout","createTime":"2026-04-23T04:48:57.588846313Z","satisfiesPzi":true},{"name":"projects/mi-catalogo-de61a/locations/us-central1/functions/mcOnepayCheckoutStatus","buildConfig":{"build":"projects/126482806042/locations/us-central1/builds/8a506186-117d-40ff-9958-2fef0c3694d5","runtime":"nodejs22","entryPoint":"mcOnepayCheckoutStatus","source":{"storageSource":{"bucket":"gcf-v2-sources-126482806042-us-central1","object":"mcOnepayCheckoutStatus/function-source.zip","generation":"1780944595435655"}},"environmentVariables":{"GOOGLE_NODE_RUN_SCRIPTS":""},"dockerRepository":"projects/mi-catalogo-de61a/locations/us-central1/repositories/gcf-artifacts","sourceProvenance":{"resolvedStorageSource":{"bucket":"gcf-v2-sources-126482806042-us-central1","object":"mcOnepayCheckoutStatus/function-source.zip","generation":"1780944595435655"}},"dockerRegistry":"ARTIFACT_REGISTRY","serviceAccount":"projects/mi-catalogo-de61a/serviceAccounts/126482806042-compute@developer.gserviceaccount.com","automaticUpdatePolicy":{}},"serviceConfig":{"service":"projects/mi-catalogo-de61a/locations/us-central1/services/mconepaycheckoutstatus","timeoutSeconds":60,"environmentVariables":{"MC_PUBLIC_ORIGIN":"https://micatalogo.io","FIREBASE_CONFIG":"{\"projectId\":\"mi-catalogo-de61a\",\"storageBucket\":\"mi-catalogo-de61a.firebasestorage.app\"}","GCLOUD_PROJECT":"mi-catalogo-de61a","EVENTARC_CLOUD_EVENT_SOURCE":"projects/mi-catalogo-de61a/locations/us-central1/services/mcOnepayCheckoutStatus","FUNCTION_TARGET":"mcOnepayCheckoutStatus","LOG_EXECUTION_ID":"true","FUNCTION_SIGNATURE_TYPE":"http"},"maxInstanceCount":20,"ingressSettings":"ALLOW_ALL","uri":"https://mconepaycheckoutstatus-wl6hcej5xa-uc.a.run.app","serviceAccountEmail":"126482806042-compute@developer.gserviceaccount.com","availableMemory":"256Mi","allTrafficOnLatestRevision":true,"revision":"mconepaycheckoutstatus-00037-vev","maxInstanceRequestConcurrency":80,"availableCpu":"1"},"state":"ACTIVE","updateTime":"2026-06-08T19:13:12.544010576Z","labels":{"deployment-tool":"cli-firebase","deployment-callable":"true","firebase-functions-hash":"4de99a886713ecd58bcf1acd75f0735e944b8935"},"environment":"GEN_2","url":"https://us-central1-mi-catalogo-de61a.cloudfunctions.net/mcOnepayCheckoutStatus","createTime":"2026-04-23T04:48:57.655177132Z","satisfiesPzi":true},{"name":"projects/mi-catalogo-de61a/locations/us-central1/functions/mcQuoteEnvioCheckout","buildConfig":{"build":"projects/126482806042/locations/us-central1/builds/8a506186-117d-40ff-9958-2fef0c3694d5","runtime":"nodejs22","entryPoint":"mcQuoteEnvioCheckout","source":{"storageSource":{"bucket":"gcf-v2-sources-126482806042-us-central1","object":"mcQuoteEnvioCheckout/function-source.zip","generation":"1780944595468950"}},"environmentVariables":{"GOOGLE_NODE_RUN_SCRIPTS":""},"dockerRepository":"projects/mi-catalogo-de61a/locations/us-central1/repositories/gcf-artifacts","sourceProvenance":{"resolvedStorageSource":{"bucket":"gcf-v2-sources-126482806042-us-central1","object":"mcQuoteEnvioCheckout/function-source.zip","generation":"1780944595468950"}},"dockerRegistry":"ARTIFACT_REGISTRY","serviceAccount":"projects/mi-catalogo-de61a/serviceAccounts/126482806042-compute@developer.gserviceaccount.com","automaticUpdatePolicy":{}},"serviceConfig":{"service":"projects/mi-catalogo-de61a/locations/us-central1/services/mcquoteenviocheckout","timeoutSeconds":60,"environmentVariables":{"MC_PUBLIC_ORIGIN":"https://micatalogo.io","FIREBASE_CONFIG":"{\"projectId\":\"mi-catalogo-de61a\",\"storageBucket\":\"mi-catalogo-de61a.firebasestorage.app\"}","GCLOUD_PROJECT":"mi-catalogo-de61a","EVENTARC_CLOUD_EVENT_SOURCE":"projects/mi-catalogo-de61a/locations/us-central1/services/mcQuoteEnvioCheckout","FUNCTION_TARGET":"mcQuoteEnvioCheckout","LOG_EXECUTION_ID":"true","FUNCTION_SIGNATURE_TYPE":"http"},"maxInstanceCount":20,"ingressSettings":"ALLOW_ALL","uri":"https://mcquoteenviocheckout-wl6hcej5xa-uc.a.run.app","serviceAccountEmail":"126482806042-compute@developer.gserviceaccount.com","availableMemory":"256Mi","allTrafficOnLatestRevision":true,"secretEnvironmentVariables":[{"key":"ENVIA_API_TOKEN","projectId":"mi-catalogo-de61a","secret":"ENVIA_API_TOKEN","version":"1"}],"revision":"mcquoteenviocheckout-00014-poc","maxInstanceRequestConcurrency":80,"availableCpu":"1"},"state":"ACTIVE","updateTime":"2026-06-08T19:13:14.760955908Z","labels":{"deployment-tool":"cli-firebase","deployment-callable":"true","firebase-functions-hash":"051d93deabecec37caca1b7ce8779d3d8e78aed0"},"environment":"GEN_2","url":"https://us-central1-mi-catalogo-de61a.cloudfunctions.net/mcQuoteEnvioCheckout","createTime":"2026-05-23T20:48:10.152422973Z","satisfiesPzi":true},{"name":"projects/mi-catalogo-de61a/locations/us-central1/functions/mcOnepaySetPlatformWebhookSecret","buildConfig":{"build":"projects/126482806042/locations/us-central1/builds/8a506186-117d-40ff-9958-2fef0c3694d5","runtime":"nodejs22","entryPoint":"mcOnepaySetPlatformWebhookSecret","source":{"storageSource":{"bucket":"gcf-v2-sources-126482806042-us-central1","object":"mcOnepaySetPlatformWebhookSecret/function-source.zip","generation":"1780944595470160"}},"environmentVariables":{"GOOGLE_NODE_RUN_SCRIPTS":""},"dockerRepository":"projects/mi-catalogo-de61a/locations/us-central1/repositories/gcf-artifacts","sourceProvenance":{"resolvedStorageSource":{"bucket":"gcf-v2-sources-126482806042-us-central1","object":"mcOnepaySetPlatformWebhookSecret/function-source.zip","generation":"1780944595470160"}},"dockerRegistry":"ARTIFACT_REGISTRY","serviceAccount":"projects/mi-catalogo-de61a/serviceAccounts/126482806042-compute@developer.gserviceaccount.com","automaticUpdatePolicy":{}},"serviceConfig":{"service":"projects/mi-catalogo-de61a/locations/us-central1/services/mconepaysetplatformwebhooksecret","timeoutSeconds":60,"environmentVariables":{"MC_PUBLIC_ORIGIN":"https://micatalogo.io","FIREBASE_CONFIG":"{\"projectId\":\"mi-catalogo-de61a\",\"storageBucket\":\"mi-catalogo-de61a.firebasestorage.app\"}","GCLOUD_PROJECT":"mi-catalogo-de61a","EVENTARC_CLOUD_EVENT_SOURCE":"projects/mi-catalogo-de61a/locations/us-central1/services/mcOnepaySetPlatformWebhookSecret","FUNCTION_TARGET":"mcOnepaySetPlatformWebhookSecret","LOG_EXECUTION_ID":"true","FUNCTION_SIGNATURE_TYPE":"http"},"maxInstanceCount":20,"ingressSettings":"ALLOW_ALL","uri":"https://mconepaysetplatformwebhooksecret-wl6hcej5xa-uc.a.run.app","serviceAccountEmail":"126482806042-compute@developer.gserviceaccount.com","availableMemory":"256Mi","allTrafficOnLatestRevision":true,"revision":"mconepaysetplatformwebhooksecret-00032-wef","maxInstanceRequestConcurrency":80,"availableCpu":"1"},"state":"ACTIVE","updateTime":"2026-06-08T19:13:15.896376906Z","labels":{"deployment-callable":"true","firebase-functions-hash":"4de99a886713ecd58bcf1acd75f0735e944b8935","deployment-tool":"cli-firebase"},"environment":"GEN_2","url":"https://us-central1-mi-catalogo-de61a.cloudfunctions.net/mcOnepaySetPlatformWebhookSecret","createTime":"2026-05-18T04:50:52.605897764Z","satisfiesPzi":true},{"name":"projects/mi-catalogo-de61a/locations/us-central1/functions/mcAdminCreateStore","buildConfig":{"build":"projects/126482806042/locations/us-central1/builds/7aaf95d6-6c9d-464e-96ab-549b9773e381","runtime":"nodejs22","entryPoint":"mcAdminCreateStore","source":{"storageSource":{"bucket":"gcf-v2-sources-126482806042-us-central1","object":"mcAdminCreateStore/function-source.zip","generation":"1780950188786569"}},"environmentVariables":{"GOOGLE_NODE_RUN_SCRIPTS":""},"dockerRepository":"projects/mi-catalogo-de61a/locations/us-central1/repositories/gcf-artifacts","sourceProvenance":{"resolvedStorageSource":{"bucket":"gcf-v2-sources-126482806042-us-central1","object":"mcAdminCreateStore/function-source.zip","generation":"1780950188786569"}},"dockerRegistry":"ARTIFACT_REGISTRY","serviceAccount":"projects/mi-catalogo-de61a/serviceAccounts/126482806042-compute@developer.gserviceaccount.com","automaticUpdatePolicy":{}},"state":"UNKNOWN","updateTime":"2026-06-08T20:38:29.818949408Z","labels":{"deployment-callable":"true","firebase-functions-hash":"4de99a886713ecd58bcf1acd75f0735e944b8935","deployment-tool":"cli-firebase"},"stateMessages":[{"severity":"ERROR","type":"CloudRunServiceNotFound","message":"Cloud Run service projects/mi-catalogo-de61a/locations/us-central1/services/mcadmincreatestore for the function was not found. The function will not work correctly. Please redeploy."}],"environment":"GEN_2","url":"https://us-central1-mi-catalogo-de61a.cloudfunctions.net/mcAdminCreateStore","createTime":"2026-06-08T20:23:09.018902407Z","satisfiesPzi":true},{"name":"projects/mi-catalogo-de61a/locations/us-central1/functions/mcOnepayLinkMerchant","buildConfig":{"build":"projects/126482806042/locations/us-central1/builds/8a506186-117d-40ff-9958-2fef0c3694d5","runtime":"nodejs22","entryPoint":"mcOnepayLinkMerchant","source":{"storageSource":{"bucket":"gcf-v2-sources-126482806042-us-central1","object":"mcOnepayLinkMerchant/function-source.zip","generation":"1780944595346643"}},"environmentVariables":{"GOOGLE_NODE_RUN_SCRIPTS":""},"dockerRepository":"projects/mi-catalogo-de61a/locations/us-central1/repositories/gcf-artifacts","sourceProvenance":{"resolvedStorageSource":{"bucket":"gcf-v2-sources-126482806042-us-central1","object":"mcOnepayLinkMerchant/function-source.zip","generation":"1780944595346643"}},"dockerRegistry":"ARTIFACT_REGISTRY","serviceAccount":"projects/mi-catalogo-de61a/serviceAccounts/126482806042-compute@developer.gserviceaccount.com","automaticUpdatePolicy":{}},"serviceConfig":{"service":"projects/mi-catalogo-de61a/locations/us-central1/services/mconepaylinkmerchant","timeoutSeconds":60,"environmentVariables":{"MC_PUBLIC_ORIGIN":"https://micatalogo.io","FIREBASE_CONFIG":"{\"projectId\":\"mi-catalogo-de61a\",\"storageBucket\":\"mi-catalogo-de61a.firebasestorage.app\"}","GCLOUD_PROJECT":"mi-catalogo-de61a","EVENTARC_CLOUD_EVENT_SOURCE":"projects/mi-catalogo-de61a/locations/us-central1/services/mcOnepayLinkMerchant","FUNCTION_TARGET":"mcOnepayLinkMerchant","LOG_EXECUTION_ID":"true","FUNCTION_SIGNATURE_TYPE":"http"},"maxInstanceCount":20,"ingressSettings":"ALLOW_ALL","uri":"https://mconepaylinkmerchant-wl6hcej5xa-uc.a.run.app","serviceAccountEmail":"126482806042-compute@developer.gserviceaccount.com","availableMemory":"256Mi","allTrafficOnLatestRevision":true,"revision":"mconepaylinkmerchant-00038-nef","maxInstanceRequestConcurrency":80,"availableCpu":"1"},"state":"ACTIVE","updateTime":"2026-06-08T19:13:24.898837395Z","labels":{"deployment-tool":"cli-firebase","deployment-callable":"true","firebase-functions-hash":"4de99a886713ecd58bcf1acd75f0735e944b8935"},"environment":"GEN_2","url":"https://us-central1-mi-catalogo-de61a.cloudfunctions.net/mcOnepayLinkMerchant","createTime":"2026-04-23T03:47:56.076106311Z","satisfiesPzi":true},{"name":"projects/mi-catalogo-de61a/locations/us-central1/functions/mcBillingPaymentMethods","buildConfig":{"build":"projects/126482806042/locations/us-central1/builds/8a506186-117d-40ff-9958-2fef0c3694d5","runtime":"nodejs22","entryPoint":"mcBillingPaymentMethods","source":{"storageSource":{"bucket":"gcf-v2-sources-126482806042-us-central1","object":"mcBillingPaymentMethods/function-source.zip","generation":"1780944595329898"}},"environmentVariables":{"GOOGLE_NODE_RUN_SCRIPTS":""},"dockerRepository":"projects/mi-catalogo-de61a/locations/us-central1/repositories/gcf-artifacts","sourceProvenance":{"resolvedStorageSource":{"bucket":"gcf-v2-sources-126482806042-us-central1","object":"mcBillingPaymentMethods/function-source.zip","generation":"1780944595329898"}},"dockerRegistry":"ARTIFACT_REGISTRY","serviceAccount":"projects/mi-catalogo-de61a/serviceAccounts/126482806042-compute@developer.gserviceaccount.com","automaticUpdatePolicy":{}},"serviceConfig":{"service":"projects/mi-catalogo-de61a/locations/us-central1/services/mcbillingpaymentmethods","timeoutSeconds":60,"environmentVariables":{"MC_PUBLIC_ORIGIN":"https://micatalogo.io","FIREBASE_CONFIG":"{\"projectId\":\"mi-catalogo-de61a\",\"storageBucket\":\"mi-catalogo-de61a.firebasestorage.app\"}","GCLOUD_PROJECT":"mi-catalogo-de61a","EVENTARC_CLOUD_EVENT_SOURCE":"projects/mi-catalogo-de61a/locations/us-central1/services/mcBillingPaymentMethods","FUNCTION_TARGET":"mcBillingPaymentMethods","LOG_EXECUTION_ID":"true","FUNCTION_SIGNATURE_TYPE":"http"},"maxInstanceCount":20,"ingressSettings":"ALLOW_ALL","uri":"https://mcbillingpaymentmethods-wl6hcej5xa-uc.a.run.app","serviceAccountEmail":"126482806042-compute@developer.gserviceaccount.com","availableMemory":"256Mi","allTrafficOnLatestRevision":true,"revision":"mcbillingpaymentmethods-00019-fav","maxInstanceRequestConcurrency":80,"availableCpu":"1"},"state":"ACTIVE","updateTime":"2026-06-08T19:13:56.997621663Z","labels":{"firebase-functions-hash":"4de99a886713ecd58bcf1acd75f0735e944b8935","deployment-tool":"cli-firebase","deployment-callable":"true"},"environment":"GEN_2","url":"https://us-central1-mi-catalogo-de61a.cloudfunctions.net/mcBillingPaymentMethods","createTime":"2026-05-20T04:13:07.912974568Z","satisfiesPzi":true},{"name":"projects/mi-catalogo-de61a/locations/us-central1/functions/mcBillingSetDefaultPaymentMethod","buildConfig":{"build":"projects/126482806042/locations/us-central1/builds/8a506186-117d-40ff-9958-2fef0c3694d5","runtime":"nodejs22","entryPoint":"mcBillingSetDefaultPaymentMethod","source":{"storageSource":{"bucket":"gcf-v2-sources-126482806042-us-central1","object":"mcBillingSetDefaultPaymentMethod/function-source.zip","generation":"1780944595428053"}},"environmentVariables":{"GOOGLE_NODE_RUN_SCRIPTS":""},"dockerRepository":"projects/mi-catalogo-de61a/locations/us-central1/repositories/gcf-artifacts","sourceProvenance":{"resolvedStorageSource":{"bucket":"gcf-v2-sources-126482806042-us-central1","object":"mcBillingSetDefaultPaymentMethod/function-source.zip","generation":"1780944595428053"}},"dockerRegistry":"ARTIFACT_REGISTRY","serviceAccount":"projects/mi-catalogo-de61a/serviceAccounts/126482806042-compute@developer.gserviceaccount.com","automaticUpdatePolicy":{}},"serviceConfig":{"service":"projects/mi-catalogo-de61a/locations/us-central1/services/mcbillingsetdefaultpaymentmethod","timeoutSeconds":60,"environmentVariables":{"MC_PUBLIC_ORIGIN":"https://micatalogo.io","FIREBASE_CONFIG":"{\"projectId\":\"mi-catalogo-de61a\",\"storageBucket\":\"mi-catalogo-de61a.firebasestorage.app\"}","GCLOUD_PROJECT":"mi-catalogo-de61a","EVENTARC_CLOUD_EVENT_SOURCE":"projects/mi-catalogo-de61a/locations/us-central1/services/mcBillingSetDefaultPaymentMethod","FUNCTION_TARGET":"mcBillingSetDefaultPaymentMethod","LOG_EXECUTION_ID":"true","FUNCTION_SIGNATURE_TYPE":"http"},"maxInstanceCount":20,"ingressSettings":"ALLOW_ALL","uri":"https://mcbillingsetdefaultpaymentmethod-wl6hcej5xa-uc.a.run.app","serviceAccountEmail":"126482806042-compute@developer.gserviceaccount.com","availableMemory":"256Mi","allTrafficOnLatestRevision":true,"revision":"mcbillingsetdefaultpaymentmethod-00016-lax","maxInstanceRequestConcurrency":80,"availableCpu":"1"},"state":"ACTIVE","updateTime":"2026-06-08T19:13:31.801228623Z","labels":{"deployment-callable":"true","firebase-functions-hash":"4de99a886713ecd58bcf1acd75f0735e944b8935","deployment-tool":"cli-firebase"},"environment":"GEN_2","url":"https://us-central1-mi-catalogo-de61a.cloudfunctions.net/mcBillingSetDefaultPaymentMethod","createTime":"2026-05-20T05:16:12.658469351Z","satisfiesPzi":true},{"name":"projects/mi-catalogo-de61a/locations/us-central1/functions/mcOnepayMicatalogoSetupPayout","buildConfig":{"build":"projects/126482806042/locations/us-central1/builds/8a506186-117d-40ff-9958-2fef0c3694d5","runtime":"nodejs22","entryPoint":"mcOnepayMicatalogoSetupPayout","source":{"storageSource":{"bucket":"gcf-v2-sources-126482806042-us-central1","object":"mcOnepayMicatalogoSetupPayout/function-source.zip","generation":"1780944595370233"}},"environmentVariables":{"GOOGLE_NODE_RUN_SCRIPTS":""},"dockerRepository":"projects/mi-catalogo-de61a/locations/us-central1/repositories/gcf-artifacts","sourceProvenance":{"resolvedStorageSource":{"bucket":"gcf-v2-sources-126482806042-us-central1","object":"mcOnepayMicatalogoSetupPayout/function-source.zip","generation":"1780944595370233"}},"dockerRegistry":"ARTIFACT_REGISTRY","serviceAccount":"projects/mi-catalogo-de61a/serviceAccounts/126482806042-compute@developer.gserviceaccount.com","automaticUpdatePolicy":{}},"serviceConfig":{"service":"projects/mi-catalogo-de61a/locations/us-central1/services/mconepaymicatalogosetuppayout","timeoutSeconds":60,"environmentVariables":{"MC_PUBLIC_ORIGIN":"https://micatalogo.io","FIREBASE_CONFIG":"{\"projectId\":\"mi-catalogo-de61a\",\"storageBucket\":\"mi-catalogo-de61a.firebasestorage.app\"}","GCLOUD_PROJECT":"mi-catalogo-de61a","EVENTARC_CLOUD_EVENT_SOURCE":"projects/mi-catalogo-de61a/locations/us-central1/services/mcOnepayMicatalogoSetupPayout","FUNCTION_TARGET":"mcOnepayMicatalogoSetupPayout","LOG_EXECUTION_ID":"true","FUNCTION_SIGNATURE_TYPE":"http"},"maxInstanceCount":20,"ingressSettings":"ALLOW_ALL","uri":"https://mconepaymicatalogosetuppayout-wl6hcej5xa-uc.a.run.app","serviceAccountEmail":"126482806042-compute@developer.gserviceaccount.com","availableMemory":"256Mi","allTrafficOnLatestRevision":true,"secretEnvironmentVariables":[{"key":"ONEPAY_PLATFORM_SK","projectId":"mi-catalogo-de61a","secret":"ONEPAY_PLATFORM_SK","version":"1"}],"revision":"mconepaymicatalogosetuppayout-00014-hoc","maxInstanceRequestConcurrency":80,"availableCpu":"1"},"state":"ACTIVE","updateTime":"2026-06-08T19:13:43.580948612Z","labels":{"deployment-tool":"cli-firebase","deployment-callable":"true","firebase-functions-hash":"ffdddbbebabf5c95a6b5e04f32b358da5993e72d"},"environment":"GEN_2","url":"https://us-central1-mi-catalogo-de61a.cloudfunctions.net/mcOnepayMicatalogoSetupPayout","createTime":"2026-05-20T06:06:07.205910177Z","satisfiesPzi":true},{"name":"projects/mi-catalogo-de61a/locations/us-central1/functions/mcBillingAddNequi","buildConfig":{"build":"projects/126482806042/locations/us-central1/builds/8a506186-117d-40ff-9958-2fef0c3694d5","runtime":"nodejs22","entryPoint":"mcBillingAddNequi","source":{"storageSource":{"bucket":"gcf-v2-sources-126482806042-us-central1","object":"mcBillingAddNequi/function-source.zip","generation":"1780944595485581"}},"environmentVariables":{"GOOGLE_NODE_RUN_SCRIPTS":""},"dockerRepository":"projects/mi-catalogo-de61a/locations/us-central1/repositories/gcf-artifacts","sourceProvenance":{"resolvedStorageSource":{"bucket":"gcf-v2-sources-126482806042-us-central1","object":"mcBillingAddNequi/function-source.zip","generation":"1780944595485581"}},"dockerRegistry":"ARTIFACT_REGISTRY","serviceAccount":"projects/mi-catalogo-de61a/serviceAccounts/126482806042-compute@developer.gserviceaccount.com","automaticUpdatePolicy":{}},"serviceConfig":{"service":"projects/mi-catalogo-de61a/locations/us-central1/services/mcbillingaddnequi","timeoutSeconds":60,"environmentVariables":{"MC_PUBLIC_ORIGIN":"https://micatalogo.io","FIREBASE_CONFIG":"{\"projectId\":\"mi-catalogo-de61a\",\"storageBucket\":\"mi-catalogo-de61a.firebasestorage.app\"}","GCLOUD_PROJECT":"mi-catalogo-de61a","EVENTARC_CLOUD_EVENT_SOURCE":"projects/mi-catalogo-de61a/locations/us-central1/services/mcBillingAddNequi","FUNCTION_TARGET":"mcBillingAddNequi","LOG_EXECUTION_ID":"true","FUNCTION_SIGNATURE_TYPE":"http"},"maxInstanceCount":20,"ingressSettings":"ALLOW_ALL","uri":"https://mcbillingaddnequi-wl6hcej5xa-uc.a.run.app","serviceAccountEmail":"126482806042-compute@developer.gserviceaccount.com","availableMemory":"256Mi","allTrafficOnLatestRevision":true,"revision":"mcbillingaddnequi-00019-soc","maxInstanceRequestConcurrency":80,"availableCpu":"1"},"state":"ACTIVE","updateTime":"2026-06-08T19:13:16.364278155Z","labels":{"deployment-tool":"cli-firebase","deployment-callable":"true","firebase-functions-hash":"4de99a886713ecd58bcf1acd75f0735e944b8935"},"environment":"GEN_2","url":"https://us-central1-mi-catalogo-de61a.cloudfunctions.net/mcBillingAddNequi","createTime":"2026-05-20T04:13:07.898705076Z","satisfiesPzi":true},{"name":"projects/mi-catalogo-de61a/locations/us-central1/functions/mcBillingGetSubscriptionState","buildConfig":{"build":"projects/126482806042/locations/us-central1/builds/8a506186-117d-40ff-9958-2fef0c3694d5","runtime":"nodejs22","entryPoint":"mcBillingGetSubscriptionState","source":{"storageSource":{"bucket":"gcf-v2-sources-126482806042-us-central1","object":"mcBillingGetSubscriptionState/function-source.zip","generation":"1780944595354803"}},"environmentVariables":{"GOOGLE_NODE_RUN_SCRIPTS":""},"dockerRepository":"projects/mi-catalogo-de61a/locations/us-central1/repositories/gcf-artifacts","sourceProvenance":{"resolvedStorageSource":{"bucket":"gcf-v2-sources-126482806042-us-central1","object":"mcBillingGetSubscriptionState/function-source.zip","generation":"1780944595354803"}},"dockerRegistry":"ARTIFACT_REGISTRY","serviceAccount":"projects/mi-catalogo-de61a/serviceAccounts/126482806042-compute@developer.gserviceaccount.com","automaticUpdatePolicy":{}},"serviceConfig":{"service":"projects/mi-catalogo-de61a/locations/us-central1/services/mcbillinggetsubscriptionstate","timeoutSeconds":60,"environmentVariables":{"MC_PUBLIC_ORIGIN":"https://micatalogo.io","FIREBASE_CONFIG":"{\"projectId\":\"mi-catalogo-de61a\",\"storageBucket\":\"mi-catalogo-de61a.firebasestorage.app\"}","GCLOUD_PROJECT":"mi-catalogo-de61a","EVENTARC_CLOUD_EVENT_SOURCE":"projects/mi-catalogo-de61a/locations/us-central1/services/mcBillingGetSubscriptionState","FUNCTION_TARGET":"mcBillingGetSubscriptionState","LOG_EXECUTION_ID":"true","FUNCTION_SIGNATURE_TYPE":"http"},"maxInstanceCount":20,"ingressSettings":"ALLOW_ALL","uri":"https://mcbillinggetsubscriptionstate-wl6hcej5xa-uc.a.run.app","serviceAccountEmail":"126482806042-compute@developer.gserviceaccount.com","availableMemory":"256Mi","allTrafficOnLatestRevision":true,"revision":"mcbillinggetsubscriptionstate-00016-doh","maxInstanceRequestConcurrency":80,"availableCpu":"1"},"state":"ACTIVE","updateTime":"2026-06-08T19:13:21.949656650Z","labels":{"firebase-functions-hash":"4de99a886713ecd58bcf1acd75f0735e944b8935","deployment-tool":"cli-firebase","deployment-callable":"true"},"environment":"GEN_2","url":"https://us-central1-mi-catalogo-de61a.cloudfunctions.net/mcBillingGetSubscriptionState","createTime":"2026-05-20T05:16:12.377408937Z","satisfiesPzi":true},{"name":"projects/mi-catalogo-de61a/locations/us-central1/functions/mcOnepayListStatesForKyb","buildConfig":{"build":"projects/126482806042/locations/us-central1/builds/8a506186-117d-40ff-9958-2fef0c3694d5","runtime":"nodejs22","entryPoint":"mcOnepayListStatesForKyb","source":{"storageSource":{"bucket":"gcf-v2-sources-126482806042-us-central1","object":"mcOnepayListStatesForKyb/function-source.zip","generation":"1780944595261249"}},"environmentVariables":{"GOOGLE_NODE_RUN_SCRIPTS":""},"dockerRepository":"projects/mi-catalogo-de61a/locations/us-central1/repositories/gcf-artifacts","sourceProvenance":{"resolvedStorageSource":{"bucket":"gcf-v2-sources-126482806042-us-central1","object":"mcOnepayListStatesForKyb/function-source.zip","generation":"1780944595261249"}},"dockerRegistry":"ARTIFACT_REGISTRY","serviceAccount":"projects/mi-catalogo-de61a/serviceAccounts/126482806042-compute@developer.gserviceaccount.com","automaticUpdatePolicy":{}},"serviceConfig":{"service":"projects/mi-catalogo-de61a/locations/us-central1/services/mconepayliststatesforkyb","timeoutSeconds":60,"environmentVariables":{"MC_PUBLIC_ORIGIN":"https://micatalogo.io","FIREBASE_CONFIG":"{\"projectId\":\"mi-catalogo-de61a\",\"storageBucket\":\"mi-catalogo-de61a.firebasestorage.app\"}","GCLOUD_PROJECT":"mi-catalogo-de61a","EVENTARC_CLOUD_EVENT_SOURCE":"projects/mi-catalogo-de61a/locations/us-central1/services/mcOnepayListStatesForKyb","FUNCTION_TARGET":"mcOnepayListStatesForKyb","LOG_EXECUTION_ID":"true","FUNCTION_SIGNATURE_TYPE":"http"},"maxInstanceCount":20,"ingressSettings":"ALLOW_ALL","uri":"https://mconepayliststatesforkyb-wl6hcej5xa-uc.a.run.app","serviceAccountEmail":"126482806042-compute@developer.gserviceaccount.com","availableMemory":"256Mi","allTrafficOnLatestRevision":true,"secretEnvironmentVariables":[{"key":"ONEPAY_PLATFORM_SK","projectId":"mi-catalogo-de61a","secret":"ONEPAY_PLATFORM_SK","version":"1"}],"revision":"mconepayliststatesforkyb-00002-viy","maxInstanceRequestConcurrency":80,"availableCpu":"1"},"state":"ACTIVE","updateTime":"2026-06-08T19:13:31.451452928Z","labels":{"deployment-tool":"cli-firebase","deployment-callable":"true","firebase-functions-hash":"ffdddbbebabf5c95a6b5e04f32b358da5993e72d"},"environment":"GEN_2","url":"https://us-central1-mi-catalogo-de61a.cloudfunctions.net/mcOnepayListStatesForKyb","createTime":"2026-06-06T18:04:31.449717491Z","satisfiesPzi":true},{"name":"projects/mi-catalogo-de61a/locations/us-central1/functions/mcCatalogOrderTracking","buildConfig":{"build":"projects/126482806042/locations/us-central1/builds/8a506186-117d-40ff-9958-2fef0c3694d5","runtime":"nodejs22","entryPoint":"mcCatalogOrderTracking","source":{"storageSource":{"bucket":"gcf-v2-sources-126482806042-us-central1","object":"mcCatalogOrderTracking/function-source.zip","generation":"1780944595912982"}},"environmentVariables":{"GOOGLE_NODE_RUN_SCRIPTS":""},"dockerRepository":"projects/mi-catalogo-de61a/locations/us-central1/repositories/gcf-artifacts","sourceProvenance":{"resolvedStorageSource":{"bucket":"gcf-v2-sources-126482806042-us-central1","object":"mcCatalogOrderTracking/function-source.zip","generation":"1780944595912982"}},"dockerRegistry":"ARTIFACT_REGISTRY","serviceAccount":"projects/mi-catalogo-de61a/serviceAccounts/126482806042-compute@developer.gserviceaccount.com","automaticUpdatePolicy":{}},"serviceConfig":{"service":"projects/mi-catalogo-de61a/locations/us-central1/services/mccatalogordertracking","timeoutSeconds":60,"environmentVariables":{"MC_PUBLIC_ORIGIN":"https://micatalogo.io","FIREBASE_CONFIG":"{\"projectId\":\"mi-catalogo-de61a\",\"storageBucket\":\"mi-catalogo-de61a.firebasestorage.app\"}","GCLOUD_PROJECT":"mi-catalogo-de61a","EVENTARC_CLOUD_EVENT_SOURCE":"projects/mi-catalogo-de61a/locations/us-central1/services/mcCatalogOrderTracking","FUNCTION_TARGET":"mcCatalogOrderTracking","LOG_EXECUTION_ID":"true","FUNCTION_SIGNATURE_TYPE":"http"},"maxInstanceCount":20,"ingressSettings":"ALLOW_ALL","uri":"https://mccatalogordertracking-wl6hcej5xa-uc.a.run.app","serviceAccountEmail":"126482806042-compute@developer.gserviceaccount.com","availableMemory":"256Mi","allTrafficOnLatestRevision":true,"revision":"mccatalogordertracking-00022-van","maxInstanceRequestConcurrency":80,"availableCpu":"1"},"state":"ACTIVE","updateTime":"2026-06-08T19:13:46.571287363Z","labels":{"deployment-tool":"cli-firebase","deployment-callable":"true","firebase-functions-hash":"4de99a886713ecd58bcf1acd75f0735e944b8935"},"environment":"GEN_2","url":"https://us-central1-mi-catalogo-de61a.cloudfunctions.net/mcCatalogOrderTracking","createTime":"2026-05-18T20:38:56.518138278Z","satisfiesPzi":true},{"name":"projects/mi-catalogo-de61a/locations/us-central1/functions/mcOnTenantCreatedNotify","buildConfig":{"build":"projects/126482806042/locations/us-central1/builds/8a506186-117d-40ff-9958-2fef0c3694d5","runtime":"nodejs22","entryPoint":"mcOnTenantCreatedNotify","source":{"storageSource":{"bucket":"gcf-v2-sources-126482806042-us-central1","object":"mcOnTenantCreatedNotify/function-source.zip","generation":"1780944595508336"}},"environmentVariables":{"GOOGLE_NODE_RUN_SCRIPTS":""},"dockerRepository":"projects/mi-catalogo-de61a/locations/us-central1/repositories/gcf-artifacts","sourceProvenance":{"resolvedStorageSource":{"bucket":"gcf-v2-sources-126482806042-us-central1","object":"mcOnTenantCreatedNotify/function-source.zip","generation":"1780944595508336"}},"dockerRegistry":"ARTIFACT_REGISTRY","serviceAccount":"projects/mi-catalogo-de61a/serviceAccounts/126482806042-compute@developer.gserviceaccount.com","automaticUpdatePolicy":{}},"serviceConfig":{"service":"projects/mi-catalogo-de61a/locations/us-central1/services/mcontenantcreatednotify","timeoutSeconds":60,"environmentVariables":{"MC_PUBLIC_ORIGIN":"https://micatalogo.io","FIREBASE_CONFIG":"{\"projectId\":\"mi-catalogo-de61a\",\"storageBucket\":\"mi-catalogo-de61a.firebasestorage.app\"}","GCLOUD_PROJECT":"mi-catalogo-de61a","EVENTARC_CLOUD_EVENT_SOURCE":"projects/mi-catalogo-de61a/locations/us-central1/services/mcOnTenantCreatedNotify","FUNCTION_SIGNATURE_TYPE":"cloudevent","FUNCTION_TARGET":"mcOnTenantCreatedNotify","LOG_EXECUTION_ID":"true"},"maxInstanceCount":20,"ingressSettings":"ALLOW_ALL","uri":"https://mcontenantcreatednotify-wl6hcej5xa-uc.a.run.app","serviceAccountEmail":"126482806042-compute@developer.gserviceaccount.com","availableMemory":"256Mi","allTrafficOnLatestRevision":true,"secretEnvironmentVariables":[{"key":"RESEND_API_KEY","projectId":"mi-catalogo-de61a","secret":"RESEND_API_KEY","version":"1"}],"revision":"mcontenantcreatednotify-00013-biy","maxInstanceRequestConcurrency":80,"availableCpu":"1"},"eventTrigger":{"trigger":"projects/mi-catalogo-de61a/locations/nam5/triggers/mcontenantcreatednotify-697598","triggerRegion":"nam5","eventType":"google.cloud.firestore.document.v1.created","eventFilters":[{"attribute":"namespace","value":"(default)"},{"attribute":"document","value":"mc_tenants/{tenantId}","operator":"match-path-pattern"},{"attribute":"database","value":"(default)"}],"pubsubTopic":"projects/mi-catalogo-de61a/topics/eventarc-nam5-mcontenantcreatednotify-697598-077","serviceAccountEmail":"126482806042-compute@developer.gserviceaccount.com","retryPolicy":"RETRY_POLICY_DO_NOT_RETRY"},"state":"ACTIVE","updateTime":"2026-06-08T19:13:47.863783461Z","labels":{"deployment-tool":"cli-firebase","firebase-functions-hash":"8f6ec07019288fc339fbdaa8c67f48c40ade5154"},"environment":"GEN_2","url":"https://us-central1-mi-catalogo-de61a.cloudfunctions.net/mcOnTenantCreatedNotify","createTime":"2026-05-23T23:26:24.659028749Z","satisfiesPzi":true},{"name":"projects/mi-catalogo-de61a/locations/us-central1/functions/mcBillingCancelAutoRenewCallable","buildConfig":{"build":"projects/126482806042/locations/us-central1/builds/8a506186-117d-40ff-9958-2fef0c3694d5","runtime":"nodejs22","entryPoint":"mcBillingCancelAutoRenewCallable","source":{"storageSource":{"bucket":"gcf-v2-sources-126482806042-us-central1","object":"mcBillingCancelAutoRenewCallable/function-source.zip","generation":"1780944595637248"}},"environmentVariables":{"GOOGLE_NODE_RUN_SCRIPTS":""},"dockerRepository":"projects/mi-catalogo-de61a/locations/us-central1/repositories/gcf-artifacts","sourceProvenance":{"resolvedStorageSource":{"bucket":"gcf-v2-sources-126482806042-us-central1","object":"mcBillingCancelAutoRenewCallable/function-source.zip","generation":"1780944595637248"}},"dockerRegistry":"ARTIFACT_REGISTRY","serviceAccount":"projects/mi-catalogo-de61a/serviceAccounts/126482806042-compute@developer.gserviceaccount.com","automaticUpdatePolicy":{}},"serviceConfig":{"service":"projects/mi-catalogo-de61a/locations/us-central1/services/mcbillingcancelautorenewcallable","timeoutSeconds":60,"environmentVariables":{"MC_PUBLIC_ORIGIN":"https://micatalogo.io","FIREBASE_CONFIG":"{\"projectId\":\"mi-catalogo-de61a\",\"storageBucket\":\"mi-catalogo-de61a.firebasestorage.app\"}","GCLOUD_PROJECT":"mi-catalogo-de61a","EVENTARC_CLOUD_EVENT_SOURCE":"projects/mi-catalogo-de61a/locations/us-central1/services/mcBillingCancelAutoRenewCallable","FUNCTION_TARGET":"mcBillingCancelAutoRenewCallable","LOG_EXECUTION_ID":"true","FUNCTION_SIGNATURE_TYPE":"http"},"maxInstanceCount":20,"ingressSettings":"ALLOW_ALL","uri":"https://mcbillingcancelautorenewcallable-wl6hcej5xa-uc.a.run.app","serviceAccountEmail":"126482806042-compute@developer.gserviceaccount.com","availableMemory":"256Mi","allTrafficOnLatestRevision":true,"revision":"mcbillingcancelautorenewcallable-00016-xaj","maxInstanceRequestConcurrency":80,"availableCpu":"1"},"state":"ACTIVE","updateTime":"2026-06-08T19:13:17.202773350Z","labels":{"firebase-functions-hash":"4de99a886713ecd58bcf1acd75f0735e944b8935","deployment-tool":"cli-firebase","deployment-callable":"true"},"environment":"GEN_2","url":"https://us-central1-mi-catalogo-de61a.cloudfunctions.net/mcBillingCancelAutoRenewCallable","createTime":"2026-05-20T05:15:01.693912626Z","satisfiesPzi":true},{"name":"projects/mi-catalogo-de61a/locations/us-central1/functions/mcStartStoreImpersonation","buildConfig":{"build":"projects/126482806042/locations/us-central1/builds/8a506186-117d-40ff-9958-2fef0c3694d5","runtime":"nodejs22","entryPoint":"mcStartStoreImpersonation","source":{"storageSource":{"bucket":"gcf-v2-sources-126482806042-us-central1","object":"mcStartStoreImpersonation/function-source.zip","generation":"1780944612747922"}},"environmentVariables":{"GOOGLE_NODE_RUN_SCRIPTS":""},"dockerRepository":"projects/mi-catalogo-de61a/locations/us-central1/repositories/gcf-artifacts","sourceProvenance":{"resolvedStorageSource":{"bucket":"gcf-v2-sources-126482806042-us-central1","object":"mcStartStoreImpersonation/function-source.zip","generation":"1780944612747922"}},"dockerRegistry":"ARTIFACT_REGISTRY","serviceAccount":"projects/mi-catalogo-de61a/serviceAccounts/126482806042-compute@developer.gserviceaccount.com","automaticUpdatePolicy":{}},"serviceConfig":{"service":"projects/mi-catalogo-de61a/locations/us-central1/services/mcstartstoreimpersonation","timeoutSeconds":60,"environmentVariables":{"MC_PUBLIC_ORIGIN":"https://micatalogo.io","FIREBASE_CONFIG":"{\"projectId\":\"mi-catalogo-de61a\",\"storageBucket\":\"mi-catalogo-de61a.firebasestorage.app\"}","GCLOUD_PROJECT":"mi-catalogo-de61a","EVENTARC_CLOUD_EVENT_SOURCE":"projects/mi-catalogo-de61a/locations/us-central1/services/mcStartStoreImpersonation","FUNCTION_TARGET":"mcStartStoreImpersonation","LOG_EXECUTION_ID":"true","FUNCTION_SIGNATURE_TYPE":"http"},"maxInstanceCount":20,"ingressSettings":"ALLOW_ALL","uri":"https://mcstartstoreimpersonation-wl6hcej5xa-uc.a.run.app","serviceAccountEmail":"126482806042-compute@developer.gserviceaccount.com","availableMemory":"256Mi","allTrafficOnLatestRevision":true,"revision":"mcstartstoreimpersonation-00003-xef","maxInstanceRequestConcurrency":80,"availableCpu":"1"},"state":"ACTIVE","updateTime":"2026-06-08T19:14:00.375334514Z","labels":{"deployment-tool":"cli-firebase","deployment-callable":"true","firebase-functions-hash":"4de99a886713ecd58bcf1acd75f0735e944b8935"},"environment":"GEN_2","url":"https://us-central1-mi-catalogo-de61a.cloudfunctions.net/mcStartStoreImpersonation","createTime":"2026-06-06T18:02:00.738287507Z","satisfiesPzi":true},{"name":"projects/mi-catalogo-de61a/locations/us-central1/functions/mcOnepayMicatalogoRequestCashout","buildConfig":{"build":"projects/126482806042/locations/us-central1/builds/8a506186-117d-40ff-9958-2fef0c3694d5","runtime":"nodejs22","entryPoint":"mcOnepayMicatalogoRequestCashout","source":{"storageSource":{"bucket":"gcf-v2-sources-126482806042-us-central1","object":"mcOnepayMicatalogoRequestCashout/function-source.zip","generation":"1780944595350882"}},"environmentVariables":{"GOOGLE_NODE_RUN_SCRIPTS":""},"dockerRepository":"projects/mi-catalogo-de61a/locations/us-central1/repositories/gcf-artifacts","sourceProvenance":{"resolvedStorageSource":{"bucket":"gcf-v2-sources-126482806042-us-central1","object":"mcOnepayMicatalogoRequestCashout/function-source.zip","generation":"1780944595350882"}},"dockerRegistry":"ARTIFACT_REGISTRY","serviceAccount":"projects/mi-catalogo-de61a/serviceAccounts/126482806042-compute@developer.gserviceaccount.com","automaticUpdatePolicy":{}},"serviceConfig":{"service":"projects/mi-catalogo-de61a/locations/us-central1/services/mconepaymicatalogorequestcashout","timeoutSeconds":60,"environmentVariables":{"MC_PUBLIC_ORIGIN":"https://micatalogo.io","FIREBASE_CONFIG":"{\"projectId\":\"mi-catalogo-de61a\",\"storageBucket\":\"mi-catalogo-de61a.firebasestorage.app\"}","GCLOUD_PROJECT":"mi-catalogo-de61a","EVENTARC_CLOUD_EVENT_SOURCE":"projects/mi-catalogo-de61a/locations/us-central1/services/mcOnepayMicatalogoRequestCashout","FUNCTION_TARGET":"mcOnepayMicatalogoRequestCashout","LOG_EXECUTION_ID":"true","FUNCTION_SIGNATURE_TYPE":"http"},"maxInstanceCount":20,"ingressSettings":"ALLOW_ALL","uri":"https://mconepaymicatalogorequestcashout-wl6hcej5xa-uc.a.run.app","serviceAccountEmail":"126482806042-compute@developer.gserviceaccount.com","availableMemory":"256Mi","allTrafficOnLatestRevision":true,"secretEnvironmentVariables":[{"key":"ONEPAY_PLATFORM_SK","projectId":"mi-catalogo-de61a","secret":"ONEPAY_PLATFORM_SK","version":"1"}],"revision":"mconepaymicatalogorequestcashout-00014-qez","maxInstanceRequestConcurrency":80,"availableCpu":"1"},"state":"ACTIVE","updateTime":"2026-06-08T19:13:29.813615215Z","labels":{"deployment-tool":"cli-firebase","deployment-callable":"true","firebase-functions-hash":"ffdddbbebabf5c95a6b5e04f32b358da5993e72d"},"environment":"GEN_2","url":"https://us-central1-mi-catalogo-de61a.cloudfunctions.net/mcOnepayMicatalogoRequestCashout","createTime":"2026-05-20T06:05:06.558143549Z","satisfiesPzi":true},{"name":"projects/mi-catalogo-de61a/locations/us-central1/functions/mcOnepayListBanksForKyb","buildConfig":{"build":"projects/126482806042/locations/us-central1/builds/8a506186-117d-40ff-9958-2fef0c3694d5","runtime":"nodejs22","entryPoint":"mcOnepayListBanksForKyb","source":{"storageSource":{"bucket":"gcf-v2-sources-126482806042-us-central1","object":"mcOnepayListBanksForKyb/function-source.zip","generation":"1780944595421787"}},"environmentVariables":{"GOOGLE_NODE_RUN_SCRIPTS":""},"dockerRepository":"projects/mi-catalogo-de61a/locations/us-central1/repositories/gcf-artifacts","sourceProvenance":{"resolvedStorageSource":{"bucket":"gcf-v2-sources-126482806042-us-central1","object":"mcOnepayListBanksForKyb/function-source.zip","generation":"1780944595421787"}},"dockerRegistry":"ARTIFACT_REGISTRY","serviceAccount":"projects/mi-catalogo-de61a/serviceAccounts/126482806042-compute@developer.gserviceaccount.com","automaticUpdatePolicy":{}},"serviceConfig":{"service":"projects/mi-catalogo-de61a/locations/us-central1/services/mconepaylistbanksforkyb","timeoutSeconds":60,"environmentVariables":{"MC_PUBLIC_ORIGIN":"https://micatalogo.io","FIREBASE_CONFIG":"{\"projectId\":\"mi-catalogo-de61a\",\"storageBucket\":\"mi-catalogo-de61a.firebasestorage.app\"}","GCLOUD_PROJECT":"mi-catalogo-de61a","EVENTARC_CLOUD_EVENT_SOURCE":"projects/mi-catalogo-de61a/locations/us-central1/services/mcOnepayListBanksForKyb","FUNCTION_TARGET":"mcOnepayListBanksForKyb","LOG_EXECUTION_ID":"true","FUNCTION_SIGNATURE_TYPE":"http"},"maxInstanceCount":20,"ingressSettings":"ALLOW_ALL","uri":"https://mconepaylistbanksforkyb-wl6hcej5xa-uc.a.run.app","serviceAccountEmail":"126482806042-compute@developer.gserviceaccount.com","availableMemory":"256Mi","allTrafficOnLatestRevision":true,"secretEnvironmentVariables":[{"key":"ONEPAY_PLATFORM_SK","projectId":"mi-catalogo-de61a","secret":"ONEPAY_PLATFORM_SK","version":"1"}],"revision":"mconepaylistbanksforkyb-00032-kob","maxInstanceRequestConcurrency":80,"availableCpu":"1"},"state":"ACTIVE","updateTime":"2026-06-08T19:13:13.050989249Z","labels":{"deployment-tool":"cli-firebase","deployment-callable":"true","firebase-functions-hash":"ffdddbbebabf5c95a6b5e04f32b358da5993e72d"},"environment":"GEN_2","url":"https://us-central1-mi-catalogo-de61a.cloudfunctions.net/mcOnepayListBanksForKyb","createTime":"2026-05-18T04:50:52.300788307Z","satisfiesPzi":true},{"name":"projects/mi-catalogo-de61a/locations/us-central1/functions/mcBillingCron","buildConfig":{"build":"projects/126482806042/locations/us-central1/builds/8a506186-117d-40ff-9958-2fef0c3694d5","runtime":"nodejs22","entryPoint":"mcBillingCron","source":{"storageSource":{"bucket":"gcf-v2-sources-126482806042-us-central1","object":"mcBillingCron/function-source.zip","generation":"1780944595577860"}},"environmentVariables":{"GOOGLE_NODE_RUN_SCRIPTS":""},"dockerRepository":"projects/mi-catalogo-de61a/locations/us-central1/repositories/gcf-artifacts","sourceProvenance":{"resolvedStorageSource":{"bucket":"gcf-v2-sources-126482806042-us-central1","object":"mcBillingCron/function-source.zip","generation":"1780944595577860"}},"dockerRegistry":"ARTIFACT_REGISTRY","serviceAccount":"projects/mi-catalogo-de61a/serviceAccounts/126482806042-compute@developer.gserviceaccount.com","automaticUpdatePolicy":{}},"serviceConfig":{"service":"projects/mi-catalogo-de61a/locations/us-central1/services/mcbillingcron","timeoutSeconds":60,"environmentVariables":{"MC_PUBLIC_ORIGIN":"https://micatalogo.io","FIREBASE_CONFIG":"{\"projectId\":\"mi-catalogo-de61a\",\"storageBucket\":\"mi-catalogo-de61a.firebasestorage.app\"}","GCLOUD_PROJECT":"mi-catalogo-de61a","EVENTARC_CLOUD_EVENT_SOURCE":"projects/mi-catalogo-de61a/locations/us-central1/services/mcBillingCron","FUNCTION_TARGET":"mcBillingCron","LOG_EXECUTION_ID":"true","FUNCTION_SIGNATURE_TYPE":"http"},"maxInstanceCount":20,"ingressSettings":"ALLOW_ALL","uri":"https://mcbillingcron-wl6hcej5xa-uc.a.run.app","serviceAccountEmail":"126482806042-compute@developer.gserviceaccount.com","availableMemory":"256Mi","allTrafficOnLatestRevision":true,"revision":"mcbillingcron-00019-qiz","maxInstanceRequestConcurrency":80,"availableCpu":"1"},"state":"ACTIVE","updateTime":"2026-06-08T19:13:29.041629870Z","labels":{"deployment-tool":"cli-firebase","deployment-scheduled":"true","firebase-functions-hash":"4de99a886713ecd58bcf1acd75f0735e944b8935"},"environment":"GEN_2","url":"https://us-central1-mi-catalogo-de61a.cloudfunctions.net/mcBillingCron","createTime":"2026-05-20T04:13:08.183237813Z","satisfiesPzi":true},{"name":"projects/mi-catalogo-de61a/locations/us-central1/functions/mcOnepaySubmitCompanyKyb","buildConfig":{"build":"projects/126482806042/locations/us-central1/builds/8a506186-117d-40ff-9958-2fef0c3694d5","runtime":"nodejs22","entryPoint":"mcOnepaySubmitCompanyKyb","source":{"storageSource":{"bucket":"gcf-v2-sources-126482806042-us-central1","object":"mcOnepaySubmitCompanyKyb/function-source.zip","generation":"1780944595345817"}},"environmentVariables":{"GOOGLE_NODE_RUN_SCRIPTS":""},"dockerRepository":"projects/mi-catalogo-de61a/locations/us-central1/repositories/gcf-artifacts","sourceProvenance":{"resolvedStorageSource":{"bucket":"gcf-v2-sources-126482806042-us-central1","object":"mcOnepaySubmitCompanyKyb/function-source.zip","generation":"1780944595345817"}},"dockerRegistry":"ARTIFACT_REGISTRY","serviceAccount":"projects/mi-catalogo-de61a/serviceAccounts/126482806042-compute@developer.gserviceaccount.com","automaticUpdatePolicy":{}},"serviceConfig":{"service":"projects/mi-catalogo-de61a/locations/us-central1/services/mconepaysubmitcompanykyb","timeoutSeconds":60,"environmentVariables":{"MC_PUBLIC_ORIGIN":"https://micatalogo.io","FIREBASE_CONFIG":"{\"projectId\":\"mi-catalogo-de61a\",\"storageBucket\":\"mi-catalogo-de61a.firebasestorage.app\"}","GCLOUD_PROJECT":"mi-catalogo-de61a","EVENTARC_CLOUD_EVENT_SOURCE":"projects/mi-catalogo-de61a/locations/us-central1/services/mcOnepaySubmitCompanyKyb","FUNCTION_TARGET":"mcOnepaySubmitCompanyKyb","LOG_EXECUTION_ID":"true","FUNCTION_SIGNATURE_TYPE":"http"},"maxInstanceCount":20,"ingressSettings":"ALLOW_ALL","uri":"https://mconepaysubmitcompanykyb-wl6hcej5xa-uc.a.run.app","serviceAccountEmail":"126482806042-compute@developer.gserviceaccount.com","availableMemory":"256Mi","allTrafficOnLatestRevision":true,"secretEnvironmentVariables":[{"key":"ONEPAY_PLATFORM_SK","projectId":"mi-catalogo-de61a","secret":"ONEPAY_PLATFORM_SK","version":"1"}],"revision":"mconepaysubmitcompanykyb-00036-nar","maxInstanceRequestConcurrency":80,"availableCpu":"1"},"state":"ACTIVE","updateTime":"2026-06-08T19:13:50.681782172Z","labels":{"deployment-tool":"cli-firebase","deployment-callable":"true","firebase-functions-hash":"ffdddbbebabf5c95a6b5e04f32b358da5993e72d"},"environment":"GEN_2","url":"https://us-central1-mi-catalogo-de61a.cloudfunctions.net/mcOnepaySubmitCompanyKyb","createTime":"2026-05-17T19:39:17.403261051Z","satisfiesPzi":true},{"name":"projects/mi-catalogo-de61a/locations/us-central1/functions/mcSendEmailVerification","buildConfig":{"build":"projects/126482806042/locations/us-central1/builds/8a506186-117d-40ff-9958-2fef0c3694d5","runtime":"nodejs22","entryPoint":"mcSendEmailVerification","source":{"storageSource":{"bucket":"gcf-v2-sources-126482806042-us-central1","object":"mcSendEmailVerification/function-source.zip","generation":"1780944612415478"}},"environmentVariables":{"GOOGLE_NODE_RUN_SCRIPTS":""},"dockerRepository":"projects/mi-catalogo-de61a/locations/us-central1/repositories/gcf-artifacts","sourceProvenance":{"resolvedStorageSource":{"bucket":"gcf-v2-sources-126482806042-us-central1","object":"mcSendEmailVerification/function-source.zip","generation":"1780944612415478"}},"dockerRegistry":"ARTIFACT_REGISTRY","serviceAccount":"projects/mi-catalogo-de61a/serviceAccounts/126482806042-compute@developer.gserviceaccount.com","automaticUpdatePolicy":{}},"serviceConfig":{"service":"projects/mi-catalogo-de61a/locations/us-central1/services/mcsendemailverification","timeoutSeconds":60,"environmentVariables":{"MC_PUBLIC_ORIGIN":"https://micatalogo.io","FIREBASE_CONFIG":"{\"projectId\":\"mi-catalogo-de61a\",\"storageBucket\":\"mi-catalogo-de61a.firebasestorage.app\"}","GCLOUD_PROJECT":"mi-catalogo-de61a","EVENTARC_CLOUD_EVENT_SOURCE":"projects/mi-catalogo-de61a/locations/us-central1/services/mcSendEmailVerification","FUNCTION_TARGET":"mcSendEmailVerification","LOG_EXECUTION_ID":"true","FUNCTION_SIGNATURE_TYPE":"http"},"maxInstanceCount":20,"ingressSettings":"ALLOW_ALL","uri":"https://mcsendemailverification-wl6hcej5xa-uc.a.run.app","serviceAccountEmail":"126482806042-compute@developer.gserviceaccount.com","availableMemory":"256Mi","allTrafficOnLatestRevision":true,"secretEnvironmentVariables":[{"key":"RESEND_API_KEY","projectId":"mi-catalogo-de61a","secret":"RESEND_API_KEY","version":"1"}],"revision":"mcsendemailverification-00027-vat","maxInstanceRequestConcurrency":80,"availableCpu":"1"},"state":"ACTIVE","updateTime":"2026-06-08T19:13:21.012106361Z","labels":{"firebase-functions-hash":"8f6ec07019288fc339fbdaa8c67f48c40ade5154","deployment-tool":"cli-firebase","deployment-callable":"true"},"environment":"GEN_2","url":"https://us-central1-mi-catalogo-de61a.cloudfunctions.net/mcSendEmailVerification","createTime":"2026-05-18T17:26:05.562525361Z","satisfiesPzi":true},{"name":"projects/mi-catalogo-de61a/locations/us-central1/functions/mcFinalizeNewStoreOnboarding","buildConfig":{"build":"projects/126482806042/locations/us-central1/builds/8a506186-117d-40ff-9958-2fef0c3694d5","runtime":"nodejs22","entryPoint":"mcFinalizeNewStoreOnboarding","source":{"storageSource":{"bucket":"gcf-v2-sources-126482806042-us-central1","object":"mcFinalizeNewStoreOnboarding/function-source.zip","generation":"1780944595346312"}},"environmentVariables":{"GOOGLE_NODE_RUN_SCRIPTS":""},"dockerRepository":"projects/mi-catalogo-de61a/locations/us-central1/repositories/gcf-artifacts","sourceProvenance":{"resolvedStorageSource":{"bucket":"gcf-v2-sources-126482806042-us-central1","object":"mcFinalizeNewStoreOnboarding/function-source.zip","generation":"1780944595346312"}},"dockerRegistry":"ARTIFACT_REGISTRY","serviceAccount":"projects/mi-catalogo-de61a/serviceAccounts/126482806042-compute@developer.gserviceaccount.com","automaticUpdatePolicy":{}},"serviceConfig":{"service":"projects/mi-catalogo-de61a/locations/us-central1/services/mcfinalizenewstoreonboarding","timeoutSeconds":60,"environmentVariables":{"MC_PUBLIC_ORIGIN":"https://micatalogo.io","FIREBASE_CONFIG":"{\"projectId\":\"mi-catalogo-de61a\",\"storageBucket\":\"mi-catalogo-de61a.firebasestorage.app\"}","GCLOUD_PROJECT":"mi-catalogo-de61a","EVENTARC_CLOUD_EVENT_SOURCE":"projects/mi-catalogo-de61a/locations/us-central1/services/mcFinalizeNewStoreOnboarding","FUNCTION_TARGET":"mcFinalizeNewStoreOnboarding","LOG_EXECUTION_ID":"true","FUNCTION_SIGNATURE_TYPE":"http"},"maxInstanceCount":20,"ingressSettings":"ALLOW_ALL","uri":"https://mcfinalizenewstoreonboarding-wl6hcej5xa-uc.a.run.app","serviceAccountEmail":"126482806042-compute@developer.gserviceaccount.com","availableMemory":"256Mi","allTrafficOnLatestRevision":true,"revision":"mcfinalizenewstoreonboarding-00013-biy","maxInstanceRequestConcurrency":80,"availableCpu":"1"},"state":"ACTIVE","updateTime":"2026-06-08T19:13:29.793521065Z","labels":{"deployment-tool":"cli-firebase","deployment-callable":"true","firebase-functions-hash":"4de99a886713ecd58bcf1acd75f0735e944b8935"},"environment":"GEN_2","url":"https://us-central1-mi-catalogo-de61a.cloudfunctions.net/mcFinalizeNewStoreOnboarding","createTime":"2026-05-23T23:22:50.631700798Z","satisfiesPzi":true},{"name":"projects/mi-catalogo-de61a/locations/us-central1/functions/mcOnepaySetWebhookSecret","buildConfig":{"build":"projects/126482806042/locations/us-central1/builds/8a506186-117d-40ff-9958-2fef0c3694d5","runtime":"nodejs22","entryPoint":"mcOnepaySetWebhookSecret","source":{"storageSource":{"bucket":"gcf-v2-sources-126482806042-us-central1","object":"mcOnepaySetWebhookSecret/function-source.zip","generation":"1780944595453988"}},"environmentVariables":{"GOOGLE_NODE_RUN_SCRIPTS":""},"dockerRepository":"projects/mi-catalogo-de61a/locations/us-central1/repositories/gcf-artifacts","sourceProvenance":{"resolvedStorageSource":{"bucket":"gcf-v2-sources-126482806042-us-central1","object":"mcOnepaySetWebhookSecret/function-source.zip","generation":"1780944595453988"}},"dockerRegistry":"ARTIFACT_REGISTRY","serviceAccount":"projects/mi-catalogo-de61a/serviceAccounts/126482806042-compute@developer.gserviceaccount.com","automaticUpdatePolicy":{}},"serviceConfig":{"service":"projects/mi-catalogo-de61a/locations/us-central1/services/mconepaysetwebhooksecret","timeoutSeconds":60,"environmentVariables":{"MC_PUBLIC_ORIGIN":"https://micatalogo.io","FIREBASE_CONFIG":"{\"projectId\":\"mi-catalogo-de61a\",\"storageBucket\":\"mi-catalogo-de61a.firebasestorage.app\"}","GCLOUD_PROJECT":"mi-catalogo-de61a","EVENTARC_CLOUD_EVENT_SOURCE":"projects/mi-catalogo-de61a/locations/us-central1/services/mcOnepaySetWebhookSecret","FUNCTION_TARGET":"mcOnepaySetWebhookSecret","LOG_EXECUTION_ID":"true","FUNCTION_SIGNATURE_TYPE":"http"},"maxInstanceCount":20,"ingressSettings":"ALLOW_ALL","uri":"https://mconepaysetwebhooksecret-wl6hcej5xa-uc.a.run.app","serviceAccountEmail":"126482806042-compute@developer.gserviceaccount.com","availableMemory":"256Mi","allTrafficOnLatestRevision":true,"revision":"mconepaysetwebhooksecret-00037-jeg","maxInstanceRequestConcurrency":80,"availableCpu":"1"},"state":"ACTIVE","updateTime":"2026-06-08T19:13:34.437971074Z","labels":{"deployment-tool":"cli-firebase","deployment-callable":"true","firebase-functions-hash":"4de99a886713ecd58bcf1acd75f0735e944b8935"},"environment":"GEN_2","url":"https://us-central1-mi-catalogo-de61a.cloudfunctions.net/mcOnepaySetWebhookSecret","createTime":"2026-04-23T04:48:57.650030802Z","satisfiesPzi":true},{"name":"projects/mi-catalogo-de61a/locations/us-central1/functions/mcOnepayUnlinkMerchant","buildConfig":{"build":"projects/126482806042/locations/us-central1/builds/8a506186-117d-40ff-9958-2fef0c3694d5","runtime":"nodejs22","entryPoint":"mcOnepayUnlinkMerchant","source":{"storageSource":{"bucket":"gcf-v2-sources-126482806042-us-central1","object":"mcOnepayUnlinkMerchant/function-source.zip","generation":"1780944595451557"}},"environmentVariables":{"GOOGLE_NODE_RUN_SCRIPTS":""},"dockerRepository":"projects/mi-catalogo-de61a/locations/us-central1/repositories/gcf-artifacts","sourceProvenance":{"resolvedStorageSource":{"bucket":"gcf-v2-sources-126482806042-us-central1","object":"mcOnepayUnlinkMerchant/function-source.zip","generation":"1780944595451557"}},"dockerRegistry":"ARTIFACT_REGISTRY","serviceAccount":"projects/mi-catalogo-de61a/serviceAccounts/126482806042-compute@developer.gserviceaccount.com","automaticUpdatePolicy":{}},"serviceConfig":{"service":"projects/mi-catalogo-de61a/locations/us-central1/services/mconepayunlinkmerchant","timeoutSeconds":60,"environmentVariables":{"MC_PUBLIC_ORIGIN":"https://micatalogo.io","FIREBASE_CONFIG":"{\"projectId\":\"mi-catalogo-de61a\",\"storageBucket\":\"mi-catalogo-de61a.firebasestorage.app\"}","GCLOUD_PROJECT":"mi-catalogo-de61a","EVENTARC_CLOUD_EVENT_SOURCE":"projects/mi-catalogo-de61a/locations/us-central1/services/mcOnepayUnlinkMerchant","FUNCTION_TARGET":"mcOnepayUnlinkMerchant","LOG_EXECUTION_ID":"true","FUNCTION_SIGNATURE_TYPE":"http"},"maxInstanceCount":20,"ingressSettings":"ALLOW_ALL","uri":"https://mconepayunlinkmerchant-wl6hcej5xa-uc.a.run.app","serviceAccountEmail":"126482806042-compute@developer.gserviceaccount.com","availableMemory":"256Mi","allTrafficOnLatestRevision":true,"revision":"mconepayunlinkmerchant-00038-gur","maxInstanceRequestConcurrency":80,"availableCpu":"1"},"state":"ACTIVE","updateTime":"2026-06-08T19:13:17.441946140Z","labels":{"deployment-tool":"cli-firebase","deployment-callable":"true","firebase-functions-hash":"4de99a886713ecd58bcf1acd75f0735e944b8935"},"environment":"GEN_2","url":"https://us-central1-mi-catalogo-de61a.cloudfunctions.net/mcOnepayUnlinkMerchant","createTime":"2026-04-23T03:47:56.187741582Z","satisfiesPzi":true},{"name":"projects/mi-catalogo-de61a/locations/us-central1/functions/mcBillingCompleteActivation","buildConfig":{"build":"projects/126482806042/locations/us-central1/builds/8a506186-117d-40ff-9958-2fef0c3694d5","runtime":"nodejs22","entryPoint":"mcBillingCompleteActivation","source":{"storageSource":{"bucket":"gcf-v2-sources-126482806042-us-central1","object":"mcBillingCompleteActivation/function-source.zip","generation":"1780944595613682"}},"environmentVariables":{"GOOGLE_NODE_RUN_SCRIPTS":""},"dockerRepository":"projects/mi-catalogo-de61a/locations/us-central1/repositories/gcf-artifacts","sourceProvenance":{"resolvedStorageSource":{"bucket":"gcf-v2-sources-126482806042-us-central1","object":"mcBillingCompleteActivation/function-source.zip","generation":"1780944595613682"}},"dockerRegistry":"ARTIFACT_REGISTRY","serviceAccount":"projects/mi-catalogo-de61a/serviceAccounts/126482806042-compute@developer.gserviceaccount.com","automaticUpdatePolicy":{}},"serviceConfig":{"service":"projects/mi-catalogo-de61a/locations/us-central1/services/mcbillingcompleteactivation","timeoutSeconds":60,"environmentVariables":{"MC_PUBLIC_ORIGIN":"https://micatalogo.io","FIREBASE_CONFIG":"{\"projectId\":\"mi-catalogo-de61a\",\"storageBucket\":\"mi-catalogo-de61a.firebasestorage.app\"}","GCLOUD_PROJECT":"mi-catalogo-de61a","EVENTARC_CLOUD_EVENT_SOURCE":"projects/mi-catalogo-de61a/locations/us-central1/services/mcBillingCompleteActivation","FUNCTION_TARGET":"mcBillingCompleteActivation","LOG_EXECUTION_ID":"true","FUNCTION_SIGNATURE_TYPE":"http"},"maxInstanceCount":20,"ingressSettings":"ALLOW_ALL","uri":"https://mcbillingcompleteactivation-wl6hcej5xa-uc.a.run.app","serviceAccountEmail":"126482806042-compute@developer.gserviceaccount.com","availableMemory":"256Mi","allTrafficOnLatestRevision":true,"revision":"mcbillingcompleteactivation-00019-kow","maxInstanceRequestConcurrency":80,"availableCpu":"1"},"state":"ACTIVE","updateTime":"2026-06-08T19:13:16.157925793Z","labels":{"deployment-tool":"cli-firebase","deployment-callable":"true","firebase-functions-hash":"4de99a886713ecd58bcf1acd75f0735e944b8935"},"environment":"GEN_2","url":"https://us-central1-mi-catalogo-de61a.cloudfunctions.net/mcBillingCompleteActivation","createTime":"2026-05-20T04:13:08.034280749Z","satisfiesPzi":true},{"name":"projects/mi-catalogo-de61a/locations/us-central1/functions/mcBillingAddCard","buildConfig":{"build":"projects/126482806042/locations/us-central1/builds/8a506186-117d-40ff-9958-2fef0c3694d5","runtime":"nodejs22","entryPoint":"mcBillingAddCard","source":{"storageSource":{"bucket":"gcf-v2-sources-126482806042-us-central1","object":"mcBillingAddCard/function-source.zip","generation":"1780944595343713"}},"environmentVariables":{"GOOGLE_NODE_RUN_SCRIPTS":""},"dockerRepository":"projects/mi-catalogo-de61a/locations/us-central1/repositories/gcf-artifacts","sourceProvenance":{"resolvedStorageSource":{"bucket":"gcf-v2-sources-126482806042-us-central1","object":"mcBillingAddCard/function-source.zip","generation":"1780944595343713"}},"dockerRegistry":"ARTIFACT_REGISTRY","serviceAccount":"projects/mi-catalogo-de61a/serviceAccounts/126482806042-compute@developer.gserviceaccount.com","automaticUpdatePolicy":{}},"serviceConfig":{"service":"projects/mi-catalogo-de61a/locations/us-central1/services/mcbillingaddcard","timeoutSeconds":60,"environmentVariables":{"MC_PUBLIC_ORIGIN":"https://micatalogo.io","FIREBASE_CONFIG":"{\"projectId\":\"mi-catalogo-de61a\",\"storageBucket\":\"mi-catalogo-de61a.firebasestorage.app\"}","GCLOUD_PROJECT":"mi-catalogo-de61a","EVENTARC_CLOUD_EVENT_SOURCE":"projects/mi-catalogo-de61a/locations/us-central1/services/mcBillingAddCard","FUNCTION_TARGET":"mcBillingAddCard","LOG_EXECUTION_ID":"true","FUNCTION_SIGNATURE_TYPE":"http"},"maxInstanceCount":20,"ingressSettings":"ALLOW_ALL","uri":"https://mcbillingaddcard-wl6hcej5xa-uc.a.run.app","serviceAccountEmail":"126482806042-compute@developer.gserviceaccount.com","availableMemory":"256Mi","allTrafficOnLatestRevision":true,"revision":"mcbillingaddcard-00019-tod","maxInstanceRequestConcurrency":80,"availableCpu":"1"},"state":"ACTIVE","updateTime":"2026-06-08T19:12:35.763389919Z","labels":{"deployment-callable":"true","firebase-functions-hash":"4de99a886713ecd58bcf1acd75f0735e944b8935","deployment-tool":"cli-firebase"},"environment":"GEN_2","url":"https://us-central1-mi-catalogo-de61a.cloudfunctions.net/mcBillingAddCard","createTime":"2026-05-20T04:12:08.235524619Z","satisfiesPzi":true},{"name":"projects/mi-catalogo-de61a/locations/us-central1/functions/mcOnepayMerchantBalance","buildConfig":{"build":"projects/126482806042/locations/us-central1/builds/8a506186-117d-40ff-9958-2fef0c3694d5","runtime":"nodejs22","entryPoint":"mcOnepayMerchantBalance","source":{"storageSource":{"bucket":"gcf-v2-sources-126482806042-us-central1","object":"mcOnepayMerchantBalance/function-source.zip","generation":"1780944595436878"}},"environmentVariables":{"GOOGLE_NODE_RUN_SCRIPTS":""},"dockerRepository":"projects/mi-catalogo-de61a/locations/us-central1/repositories/gcf-artifacts","sourceProvenance":{"resolvedStorageSource":{"bucket":"gcf-v2-sources-126482806042-us-central1","object":"mcOnepayMerchantBalance/function-source.zip","generation":"1780944595436878"}},"dockerRegistry":"ARTIFACT_REGISTRY","serviceAccount":"projects/mi-catalogo-de61a/serviceAccounts/126482806042-compute@developer.gserviceaccount.com","automaticUpdatePolicy":{}},"serviceConfig":{"service":"projects/mi-catalogo-de61a/locations/us-central1/services/mconepaymerchantbalance","timeoutSeconds":60,"environmentVariables":{"MC_PUBLIC_ORIGIN":"https://micatalogo.io","FIREBASE_CONFIG":"{\"projectId\":\"mi-catalogo-de61a\",\"storageBucket\":\"mi-catalogo-de61a.firebasestorage.app\"}","GCLOUD_PROJECT":"mi-catalogo-de61a","EVENTARC_CLOUD_EVENT_SOURCE":"projects/mi-catalogo-de61a/locations/us-central1/services/mcOnepayMerchantBalance","FUNCTION_TARGET":"mcOnepayMerchantBalance","LOG_EXECUTION_ID":"true","FUNCTION_SIGNATURE_TYPE":"http"},"maxInstanceCount":20,"ingressSettings":"ALLOW_ALL","uri":"https://mconepaymerchantbalance-wl6hcej5xa-uc.a.run.app","serviceAccountEmail":"126482806042-compute@developer.gserviceaccount.com","availableMemory":"256Mi","allTrafficOnLatestRevision":true,"revision":"mconepaymerchantbalance-00035-cop","maxInstanceRequestConcurrency":80,"availableCpu":"1"},"state":"ACTIVE","updateTime":"2026-06-08T19:13:22.245117663Z","labels":{"firebase-functions-hash":"4de99a886713ecd58bcf1acd75f0735e944b8935","deployment-tool":"cli-firebase","deployment-callable":"true"},"environment":"GEN_2","url":"https://us-central1-mi-catalogo-de61a.cloudfunctions.net/mcOnepayMerchantBalance","createTime":"2026-05-17T21:42:03.267076374Z","satisfiesPzi":true},{"name":"projects/mi-catalogo-de61a/locations/us-central1/functions/mcBillingEnsureCustomer","buildConfig":{"build":"projects/126482806042/locations/us-central1/builds/8a506186-117d-40ff-9958-2fef0c3694d5","runtime":"nodejs22","entryPoint":"mcBillingEnsureCustomer","source":{"storageSource":{"bucket":"gcf-v2-sources-126482806042-us-central1","object":"mcBillingEnsureCustomer/function-source.zip","generation":"1780944595594845"}},"environmentVariables":{"GOOGLE_NODE_RUN_SCRIPTS":""},"dockerRepository":"projects/mi-catalogo-de61a/locations/us-central1/repositories/gcf-artifacts","sourceProvenance":{"resolvedStorageSource":{"bucket":"gcf-v2-sources-126482806042-us-central1","object":"mcBillingEnsureCustomer/function-source.zip","generation":"1780944595594845"}},"dockerRegistry":"ARTIFACT_REGISTRY","serviceAccount":"projects/mi-catalogo-de61a/serviceAccounts/126482806042-compute@developer.gserviceaccount.com","automaticUpdatePolicy":{}},"serviceConfig":{"service":"projects/mi-catalogo-de61a/locations/us-central1/services/mcbillingensurecustomer","timeoutSeconds":60,"environmentVariables":{"MC_PUBLIC_ORIGIN":"https://micatalogo.io","FIREBASE_CONFIG":"{\"projectId\":\"mi-catalogo-de61a\",\"storageBucket\":\"mi-catalogo-de61a.firebasestorage.app\"}","GCLOUD_PROJECT":"mi-catalogo-de61a","EVENTARC_CLOUD_EVENT_SOURCE":"projects/mi-catalogo-de61a/locations/us-central1/services/mcBillingEnsureCustomer","FUNCTION_TARGET":"mcBillingEnsureCustomer","LOG_EXECUTION_ID":"true","FUNCTION_SIGNATURE_TYPE":"http"},"maxInstanceCount":20,"ingressSettings":"ALLOW_ALL","uri":"https://mcbillingensurecustomer-wl6hcej5xa-uc.a.run.app","serviceAccountEmail":"126482806042-compute@developer.gserviceaccount.com","availableMemory":"256Mi","allTrafficOnLatestRevision":true,"revision":"mcbillingensurecustomer-00019-faq","maxInstanceRequestConcurrency":80,"availableCpu":"1"},"state":"ACTIVE","updateTime":"2026-06-08T19:13:16.986335370Z","labels":{"deployment-tool":"cli-firebase","deployment-callable":"true","firebase-functions-hash":"4de99a886713ecd58bcf1acd75f0735e944b8935"},"environment":"GEN_2","url":"https://us-central1-mi-catalogo-de61a.cloudfunctions.net/mcBillingEnsureCustomer","createTime":"2026-05-20T04:13:07.974588122Z","satisfiesPzi":true},{"name":"projects/mi-catalogo-de61a/locations/us-central1/functions/mcCreateSalesRep","buildConfig":{"build":"projects/126482806042/locations/us-central1/builds/8a506186-117d-40ff-9958-2fef0c3694d5","runtime":"nodejs22","entryPoint":"mcCreateSalesRep","source":{"storageSource":{"bucket":"gcf-v2-sources-126482806042-us-central1","object":"mcCreateSalesRep/function-source.zip","generation":"1780944544373384"}},"environmentVariables":{"GOOGLE_NODE_RUN_SCRIPTS":""},"dockerRepository":"projects/mi-catalogo-de61a/locations/us-central1/repositories/gcf-artifacts","sourceProvenance":{"resolvedStorageSource":{"bucket":"gcf-v2-sources-126482806042-us-central1","object":"mcCreateSalesRep/function-source.zip","generation":"1780944544373384"}},"dockerRegistry":"ARTIFACT_REGISTRY","serviceAccount":"projects/mi-catalogo-de61a/serviceAccounts/126482806042-compute@developer.gserviceaccount.com","automaticUpdatePolicy":{}},"serviceConfig":{"service":"projects/mi-catalogo-de61a/locations/us-central1/services/mccreatesalesrep","timeoutSeconds":60,"environmentVariables":{"MC_PUBLIC_ORIGIN":"https://micatalogo.io","FIREBASE_CONFIG":"{\"projectId\":\"mi-catalogo-de61a\",\"storageBucket\":\"mi-catalogo-de61a.firebasestorage.app\"}","GCLOUD_PROJECT":"mi-catalogo-de61a","EVENTARC_CLOUD_EVENT_SOURCE":"projects/mi-catalogo-de61a/locations/us-central1/services/mcCreateSalesRep","FUNCTION_TARGET":"mcCreateSalesRep","LOG_EXECUTION_ID":"true"},"ingressSettings":"ALLOW_ALL","uri":"https://mccreatesalesrep-wl6hcej5xa-uc.a.run.app","serviceAccountEmail":"126482806042-compute@developer.gserviceaccount.com","availableMemory":"256Mi","allTrafficOnLatestRevision":true,"revision":"mccreatesalesrep-00001-yar","maxInstanceRequestConcurrency":80,"availableCpu":"1"},"state":"ACTIVE","updateTime":"2026-06-08T19:13:46.164401199Z","labels":{"firebase-functions-hash":"4de99a886713ecd58bcf1acd75f0735e944b8935","deployment-tool":"cli-firebase","deployment-callable":"true"},"environment":"GEN_2","url":"https://us-central1-mi-catalogo-de61a.cloudfunctions.net/mcCreateSalesRep","createTime":"2026-06-08T18:49:04.896207815Z","satisfiesPzi":true},{"name":"projects/mi-catalogo-de61a/locations/us-central1/functions/mcBillingCheckNequiReady","buildConfig":{"build":"projects/126482806042/locations/us-central1/builds/8a506186-117d-40ff-9958-2fef0c3694d5","runtime":"nodejs22","entryPoint":"mcBillingCheckNequiReady","source":{"storageSource":{"bucket":"gcf-v2-sources-126482806042-us-central1","object":"mcBillingCheckNequiReady/function-source.zip","generation":"1780944595680816"}},"environmentVariables":{"GOOGLE_NODE_RUN_SCRIPTS":""},"dockerRepository":"projects/mi-catalogo-de61a/locations/us-central1/repositories/gcf-artifacts","sourceProvenance":{"resolvedStorageSource":{"bucket":"gcf-v2-sources-126482806042-us-central1","object":"mcBillingCheckNequiReady/function-source.zip","generation":"1780944595680816"}},"dockerRegistry":"ARTIFACT_REGISTRY","serviceAccount":"projects/mi-catalogo-de61a/serviceAccounts/126482806042-compute@developer.gserviceaccount.com","automaticUpdatePolicy":{}},"serviceConfig":{"service":"projects/mi-catalogo-de61a/locations/us-central1/services/mcbillingchecknequiready","timeoutSeconds":60,"environmentVariables":{"MC_PUBLIC_ORIGIN":"https://micatalogo.io","FIREBASE_CONFIG":"{\"projectId\":\"mi-catalogo-de61a\",\"storageBucket\":\"mi-catalogo-de61a.firebasestorage.app\"}","GCLOUD_PROJECT":"mi-catalogo-de61a","EVENTARC_CLOUD_EVENT_SOURCE":"projects/mi-catalogo-de61a/locations/us-central1/services/mcBillingCheckNequiReady","FUNCTION_TARGET":"mcBillingCheckNequiReady","LOG_EXECUTION_ID":"true","FUNCTION_SIGNATURE_TYPE":"http"},"maxInstanceCount":20,"ingressSettings":"ALLOW_ALL","uri":"https://mcbillingchecknequiready-wl6hcej5xa-uc.a.run.app","serviceAccountEmail":"126482806042-compute@developer.gserviceaccount.com","availableMemory":"256Mi","allTrafficOnLatestRevision":true,"revision":"mcbillingchecknequiready-00004-fod","maxInstanceRequestConcurrency":80,"availableCpu":"1"},"state":"ACTIVE","updateTime":"2026-06-08T19:13:35.124176897Z","labels":{"deployment-callable":"true","firebase-functions-hash":"4de99a886713ecd58bcf1acd75f0735e944b8935","deployment-tool":"cli-firebase"},"environment":"GEN_2","url":"https://us-central1-mi-catalogo-de61a.cloudfunctions.net/mcBillingCheckNequiReady","createTime":"2026-05-24T21:09:24.193530156Z","satisfiesPzi":true},{"name":"projects/mi-catalogo-de61a/locations/us-central1/functions/mcBillingValidateNequi","buildConfig":{"build":"projects/126482806042/locations/us-central1/builds/8a506186-117d-40ff-9958-2fef0c3694d5","runtime":"nodejs22","entryPoint":"mcBillingValidateNequi","source":{"storageSource":{"bucket":"gcf-v2-sources-126482806042-us-central1","object":"mcBillingValidateNequi/function-source.zip","generation":"1780944595341271"}},"environmentVariables":{"GOOGLE_NODE_RUN_SCRIPTS":""},"dockerRepository":"projects/mi-catalogo-de61a/locations/us-central1/repositories/gcf-artifacts","sourceProvenance":{"resolvedStorageSource":{"bucket":"gcf-v2-sources-126482806042-us-central1","object":"mcBillingValidateNequi/function-source.zip","generation":"1780944595341271"}},"dockerRegistry":"ARTIFACT_REGISTRY","serviceAccount":"projects/mi-catalogo-de61a/serviceAccounts/126482806042-compute@developer.gserviceaccount.com","automaticUpdatePolicy":{}},"serviceConfig":{"service":"projects/mi-catalogo-de61a/locations/us-central1/services/mcbillingvalidatenequi","timeoutSeconds":60,"environmentVariables":{"MC_PUBLIC_ORIGIN":"https://micatalogo.io","FIREBASE_CONFIG":"{\"projectId\":\"mi-catalogo-de61a\",\"storageBucket\":\"mi-catalogo-de61a.firebasestorage.app\"}","GCLOUD_PROJECT":"mi-catalogo-de61a","EVENTARC_CLOUD_EVENT_SOURCE":"projects/mi-catalogo-de61a/locations/us-central1/services/mcBillingValidateNequi","FUNCTION_TARGET":"mcBillingValidateNequi","LOG_EXECUTION_ID":"true","FUNCTION_SIGNATURE_TYPE":"http"},"maxInstanceCount":20,"ingressSettings":"ALLOW_ALL","uri":"https://mcbillingvalidatenequi-wl6hcej5xa-uc.a.run.app","serviceAccountEmail":"126482806042-compute@developer.gserviceaccount.com","availableMemory":"256Mi","allTrafficOnLatestRevision":true,"revision":"mcbillingvalidatenequi-00019-tis","maxInstanceRequestConcurrency":80,"availableCpu":"1"},"state":"ACTIVE","updateTime":"2026-06-08T19:13:23.841348663Z","labels":{"deployment-callable":"true","firebase-functions-hash":"4de99a886713ecd58bcf1acd75f0735e944b8935","deployment-tool":"cli-firebase"},"environment":"GEN_2","url":"https://us-central1-mi-catalogo-de61a.cloudfunctions.net/mcBillingValidateNequi","createTime":"2026-05-20T04:13:08.070867249Z","satisfiesPzi":true},{"name":"projects/mi-catalogo-de61a/locations/us-central1/functions/mcOnepayLinkPlatformPasarela","buildConfig":{"build":"projects/126482806042/locations/us-central1/builds/8a506186-117d-40ff-9958-2fef0c3694d5","runtime":"nodejs22","entryPoint":"mcOnepayLinkPlatformPasarela","source":{"storageSource":{"bucket":"gcf-v2-sources-126482806042-us-central1","object":"mcOnepayLinkPlatformPasarela/function-source.zip","generation":"1780944595950082"}},"environmentVariables":{"GOOGLE_NODE_RUN_SCRIPTS":""},"dockerRepository":"projects/mi-catalogo-de61a/locations/us-central1/repositories/gcf-artifacts","sourceProvenance":{"resolvedStorageSource":{"bucket":"gcf-v2-sources-126482806042-us-central1","object":"mcOnepayLinkPlatformPasarela/function-source.zip","generation":"1780944595950082"}},"dockerRegistry":"ARTIFACT_REGISTRY","serviceAccount":"projects/mi-catalogo-de61a/serviceAccounts/126482806042-compute@developer.gserviceaccount.com","automaticUpdatePolicy":{}},"serviceConfig":{"service":"projects/mi-catalogo-de61a/locations/us-central1/services/mconepaylinkplatformpasarela","timeoutSeconds":60,"environmentVariables":{"MC_PUBLIC_ORIGIN":"https://micatalogo.io","FIREBASE_CONFIG":"{\"projectId\":\"mi-catalogo-de61a\",\"storageBucket\":\"mi-catalogo-de61a.firebasestorage.app\"}","GCLOUD_PROJECT":"mi-catalogo-de61a","EVENTARC_CLOUD_EVENT_SOURCE":"projects/mi-catalogo-de61a/locations/us-central1/services/mcOnepayLinkPlatformPasarela","FUNCTION_TARGET":"mcOnepayLinkPlatformPasarela","LOG_EXECUTION_ID":"true","FUNCTION_SIGNATURE_TYPE":"http"},"maxInstanceCount":20,"ingressSettings":"ALLOW_ALL","uri":"https://mconepaylinkplatformpasarela-wl6hcej5xa-uc.a.run.app","serviceAccountEmail":"126482806042-compute@developer.gserviceaccount.com","availableMemory":"256Mi","allTrafficOnLatestRevision":true,"revision":"mconepaylinkplatformpasarela-00032-neb","maxInstanceRequestConcurrency":80,"availableCpu":"1"},"state":"ACTIVE","updateTime":"2026-06-08T19:13:12.064611120Z","labels":{"firebase-functions-hash":"4de99a886713ecd58bcf1acd75f0735e944b8935","deployment-tool":"cli-firebase","deployment-callable":"true"},"environment":"GEN_2","url":"https://us-central1-mi-catalogo-de61a.cloudfunctions.net/mcOnepayLinkPlatformPasarela","createTime":"2026-05-18T04:50:01.808795820Z","satisfiesPzi":true},{"name":"projects/mi-catalogo-de61a/locations/us-central1/functions/mcBillingGetSdkContext","buildConfig":{"build":"projects/126482806042/locations/us-central1/builds/8a506186-117d-40ff-9958-2fef0c3694d5","runtime":"nodejs22","entryPoint":"mcBillingGetSdkContext","source":{"storageSource":{"bucket":"gcf-v2-sources-126482806042-us-central1","object":"mcBillingGetSdkContext/function-source.zip","generation":"1780944595679728"}},"environmentVariables":{"GOOGLE_NODE_RUN_SCRIPTS":""},"dockerRepository":"projects/mi-catalogo-de61a/locations/us-central1/repositories/gcf-artifacts","sourceProvenance":{"resolvedStorageSource":{"bucket":"gcf-v2-sources-126482806042-us-central1","object":"mcBillingGetSdkContext/function-source.zip","generation":"1780944595679728"}},"dockerRegistry":"ARTIFACT_REGISTRY","serviceAccount":"projects/mi-catalogo-de61a/serviceAccounts/126482806042-compute@developer.gserviceaccount.com","automaticUpdatePolicy":{}},"serviceConfig":{"service":"projects/mi-catalogo-de61a/locations/us-central1/services/mcbillinggetsdkcontext","timeoutSeconds":60,"environmentVariables":{"MC_PUBLIC_ORIGIN":"https://micatalogo.io","FIREBASE_CONFIG":"{\"projectId\":\"mi-catalogo-de61a\",\"storageBucket\":\"mi-catalogo-de61a.firebasestorage.app\"}","GCLOUD_PROJECT":"mi-catalogo-de61a","EVENTARC_CLOUD_EVENT_SOURCE":"projects/mi-catalogo-de61a/locations/us-central1/services/mcBillingGetSdkContext","FUNCTION_TARGET":"mcBillingGetSdkContext","LOG_EXECUTION_ID":"true","FUNCTION_SIGNATURE_TYPE":"http"},"maxInstanceCount":20,"ingressSettings":"ALLOW_ALL","uri":"https://mcbillinggetsdkcontext-wl6hcej5xa-uc.a.run.app","serviceAccountEmail":"126482806042-compute@developer.gserviceaccount.com","availableMemory":"256Mi","allTrafficOnLatestRevision":true,"revision":"mcbillinggetsdkcontext-00019-viv","maxInstanceRequestConcurrency":80,"availableCpu":"1"},"state":"ACTIVE","updateTime":"2026-06-08T19:13:37.031336067Z","labels":{"deployment-callable":"true","firebase-functions-hash":"4de99a886713ecd58bcf1acd75f0735e944b8935","deployment-tool":"cli-firebase"},"environment":"GEN_2","url":"https://us-central1-mi-catalogo-de61a.cloudfunctions.net/mcBillingGetSdkContext","createTime":"2026-05-20T04:13:08.087443537Z","satisfiesPzi":true},{"name":"projects/mi-catalogo-de61a/locations/us-central1/functions/mcOnepayListCitiesForKyb","buildConfig":{"build":"projects/126482806042/locations/us-central1/builds/8a506186-117d-40ff-9958-2fef0c3694d5","runtime":"nodejs22","entryPoint":"mcOnepayListCitiesForKyb","source":{"storageSource":{"bucket":"gcf-v2-sources-126482806042-us-central1","object":"mcOnepayListCitiesForKyb/function-source.zip","generation":"1780944595262344"}},"environmentVariables":{"GOOGLE_NODE_RUN_SCRIPTS":""},"dockerRepository":"projects/mi-catalogo-de61a/locations/us-central1/repositories/gcf-artifacts","sourceProvenance":{"resolvedStorageSource":{"bucket":"gcf-v2-sources-126482806042-us-central1","object":"mcOnepayListCitiesForKyb/function-source.zip","generation":"1780944595262344"}},"dockerRegistry":"ARTIFACT_REGISTRY","serviceAccount":"projects/mi-catalogo-de61a/serviceAccounts/126482806042-compute@developer.gserviceaccount.com","automaticUpdatePolicy":{}},"serviceConfig":{"service":"projects/mi-catalogo-de61a/locations/us-central1/services/mconepaylistcitiesforkyb","timeoutSeconds":60,"environmentVariables":{"MC_PUBLIC_ORIGIN":"https://micatalogo.io","FIREBASE_CONFIG":"{\"projectId\":\"mi-catalogo-de61a\",\"storageBucket\":\"mi-catalogo-de61a.firebasestorage.app\"}","GCLOUD_PROJECT":"mi-catalogo-de61a","EVENTARC_CLOUD_EVENT_SOURCE":"projects/mi-catalogo-de61a/locations/us-central1/services/mcOnepayListCitiesForKyb","FUNCTION_TARGET":"mcOnepayListCitiesForKyb","LOG_EXECUTION_ID":"true","FUNCTION_SIGNATURE_TYPE":"http"},"maxInstanceCount":20,"ingressSettings":"ALLOW_ALL","uri":"https://mconepaylistcitiesforkyb-wl6hcej5xa-uc.a.run.app","serviceAccountEmail":"126482806042-compute@developer.gserviceaccount.com","availableMemory":"256Mi","allTrafficOnLatestRevision":true,"secretEnvironmentVariables":[{"key":"ONEPAY_PLATFORM_SK","projectId":"mi-catalogo-de61a","secret":"ONEPAY_PLATFORM_SK","version":"1"}],"revision":"mconepaylistcitiesforkyb-00002-kof","maxInstanceRequestConcurrency":80,"availableCpu":"1"},"state":"ACTIVE","updateTime":"2026-06-08T19:13:31.453211355Z","labels":{"deployment-tool":"cli-firebase","deployment-callable":"true","firebase-functions-hash":"ffdddbbebabf5c95a6b5e04f32b358da5993e72d"},"environment":"GEN_2","url":"https://us-central1-mi-catalogo-de61a.cloudfunctions.net/mcOnepayListCitiesForKyb","createTime":"2026-06-06T18:03:42.075440787Z","satisfiesPzi":true}]}

winston:file: logged 984261 [debug] [2026-06-08T20:38:57.576Z] Checked if tokens are valid: true, expires at: 1780953737220

winston:file: logged 984357 [debug] [2026-06-08T20:38:57.576Z] Checked if tokens are valid: true, expires at: 1780953737220

winston:file: logged 984505 [debug] [2026-06-08T20:38:57.576Z] >>> [apiv2][query] GET https://firestore.googleapis.com/v1/projects/mi-catalogo-de61a/databases/(default) [none]

winston:file: written true false
[2026-06-08T20:38:58.286Z] <<< [apiv2][status] GET https://firestore.googleapis.com/v1/projects/mi-catalogo-de61a/databases/(default) 200
winston:file: written true false
[2026-06-08T20:38:58.286Z] <<< [apiv2][body] GET https://firestore.googleapis.com/v1/projects/mi-catalogo-de61a/databases/(default) {"name":"projects/mi-catalogo-de61a/databases/(default)","uid":"3d5804af-a7a3-4dfc-8556-a964c847c4cc","createTime":"2026-03-28T16:02:24.688786Z","updateTime":"2026-03-28T16:02:24.688786Z","locationId":"nam5","type":"FIRESTORE_NATIVE","concurrencyMode":"PESSIMISTIC","versionRetentionPeriod":"3600s","earliestVersionTime":"2026-06-08T19:38:58.335298Z","appEngineIntegrationMode":"DISABLED","keyPrefix":"s","pointInTimeRecoveryEnablement":"POINT_IN_TIME_RECOVERY_DISABLED","deleteProtectionState":"DELETE_PROTECTION_DISABLED","databaseEdition":"STANDARD","freeTier":true,"realtimeUpdatesMode":"REALTIME_UPDATES_MODE_ENABLED","etag":"IP3u2f+/+JQDMNS7zZD+wpMD"}
winston:file: written true false
i  functions: ensuring required API cloudscheduler.googleapis.com is enabled... 
winston:file: written true false
i  functions: ensuring required API run.googleapis.com is enabled... 
winston:file: written true false
i  functions: ensuring required API eventarc.googleapis.com is enabled... 
winston:file: written true false
i  functions: ensuring required API pubsub.googleapis.com is enabled... 
winston:file: written true false
i  functions: ensuring required API storage.googleapis.com is enabled... 
winston:file: written true false
i  functions: generating the service identity for pubsub.googleapis.com... 
winston:file: written true false
[2026-06-08T20:38:58.293Z] Checked if tokens are valid: true, expires at: 1780953737220
winston:file: written true false
[2026-06-08T20:38:58.293Z] Checked if tokens are valid: true, expires at: 1780953737220
winston:file: written true false
i  functions: generating the service identity for eventarc.googleapis.com... 
winston:file: written true false
[2026-06-08T20:38:58.293Z] Checked if tokens are valid: true, expires at: 1780953737220
winston:file: written true false
[2026-06-08T20:38:58.293Z] Checked if tokens are valid: true, expires at: 1780953737220
winston:file: written true false
[2026-06-08T20:38:58.293Z] >>> [apiv2][query] POST https://serviceusage.googleapis.com/v1beta1/projects/126482806042/services/pubsub.googleapis.com:generateServiceIdentity [none]
winston:file: written true false
[2026-06-08T20:38:58.293Z] >>> [apiv2][(partial)header] POST https://serviceusage.googleapis.com/v1beta1/projects/126482806042/services/pubsub.googleapis.com:generateServiceIdentity  x-goog-user-project=126482806042
winston:file: written true false
[2026-06-08T20:38:58.293Z] >>> [apiv2][body] POST https://serviceusage.googleapis.com/v1beta1/projects/126482806042/services/pubsub.googleapis.com:generateServiceIdentity {}
winston:file: written true false
[2026-06-08T20:38:58.295Z] >>> [apiv2][query] POST https://serviceusage.googleapis.com/v1beta1/projects/126482806042/services/eventarc.googleapis.com:generateServiceIdentity [none]
winston:file: written true false
[2026-06-08T20:38:58.295Z] >>> [apiv2][(partial)header] POST https://serviceusage.googleapis.com/v1beta1/projects/126482806042/services/eventarc.googleapis.com:generateServiceIdentity  x-goog-user-project=126482806042
winston:file: written true false
[2026-06-08T20:38:58.295Z] >>> [apiv2][body] POST https://serviceusage.googleapis.com/v1beta1/projects/126482806042/services/eventarc.googleapis.com:generateServiceIdentity {}
winston:file: logged 984651 [debug] [2026-06-08T20:38:58.286Z] <<< [apiv2][status] GET https://firestore.googleapis.com/v1/projects/mi-catalogo-de61a/databases/(default) 200

winston:file: logged 985449 [debug] [2026-06-08T20:38:58.286Z] <<< [apiv2][body] GET https://firestore.googleapis.com/v1/projects/mi-catalogo-de61a/databases/(default) {"name":"projects/mi-catalogo-de61a/databases/(default)","uid":"3d5804af-a7a3-4dfc-8556-a964c847c4cc","createTime":"2026-03-28T16:02:24.688786Z","updateTime":"2026-03-28T16:02:24.688786Z","locationId":"nam5","type":"FIRESTORE_NATIVE","concurrencyMode":"PESSIMISTIC","versionRetentionPeriod":"3600s","earliestVersionTime":"2026-06-08T19:38:58.335298Z","appEngineIntegrationMode":"DISABLED","keyPrefix":"s","pointInTimeRecoveryEnablement":"POINT_IN_TIME_RECOVERY_DISABLED","deleteProtectionState":"DELETE_PROTECTION_DISABLED","databaseEdition":"STANDARD","freeTier":true,"realtimeUpdatesMode":"REALTIME_UPDATES_MODE_ENABLED","etag":"IP3u2f+/+JQDMNS7zZD+wpMD"}

winston:file: logged 985537 [info] i  functions: ensuring required API cloudscheduler.googleapis.com is enabled... 

winston:file: logged 985614 [info] i  functions: ensuring required API run.googleapis.com is enabled... 

winston:file: logged 985696 [info] i  functions: ensuring required API eventarc.googleapis.com is enabled... 

winston:file: logged 985776 [info] i  functions: ensuring required API pubsub.googleapis.com is enabled... 

winston:file: logged 985857 [info] i  functions: ensuring required API storage.googleapis.com is enabled... 

winston:file: logged 985940 [info] i  functions: generating the service identity for pubsub.googleapis.com... 

winston:file: logged 986036 [debug] [2026-06-08T20:38:58.293Z] Checked if tokens are valid: true, expires at: 1780953737220

winston:file: logged 986132 [debug] [2026-06-08T20:38:58.293Z] Checked if tokens are valid: true, expires at: 1780953737220

winston:file: logged 986217 [info] i  functions: generating the service identity for eventarc.googleapis.com... 

winston:file: logged 986313 [debug] [2026-06-08T20:38:58.293Z] Checked if tokens are valid: true, expires at: 1780953737220

winston:file: logged 986409 [debug] [2026-06-08T20:38:58.293Z] Checked if tokens are valid: true, expires at: 1780953737220

winston:file: logged 986596 [debug] [2026-06-08T20:38:58.293Z] >>> [apiv2][query] POST https://serviceusage.googleapis.com/v1beta1/projects/126482806042/services/pubsub.googleapis.com:generateServiceIdentity [none]

winston:file: logged 986820 [debug] [2026-06-08T20:38:58.293Z] >>> [apiv2][(partial)header] POST https://serviceusage.googleapis.com/v1beta1/projects/126482806042/services/pubsub.googleapis.com:generateServiceIdentity  x-goog-user-project=126482806042

winston:file: logged 987002 [debug] [2026-06-08T20:38:58.293Z] >>> [apiv2][body] POST https://serviceusage.googleapis.com/v1beta1/projects/126482806042/services/pubsub.googleapis.com:generateServiceIdentity {}

winston:file: logged 987191 [debug] [2026-06-08T20:38:58.295Z] >>> [apiv2][query] POST https://serviceusage.googleapis.com/v1beta1/projects/126482806042/services/eventarc.googleapis.com:generateServiceIdentity [none]

winston:file: logged 987417 [debug] [2026-06-08T20:38:58.295Z] >>> [apiv2][(partial)header] POST https://serviceusage.googleapis.com/v1beta1/projects/126482806042/services/eventarc.googleapis.com:generateServiceIdentity  x-goog-user-project=126482806042

winston:file: logged 987601 [debug] [2026-06-08T20:38:58.295Z] >>> [apiv2][body] POST https://serviceusage.googleapis.com/v1beta1/projects/126482806042/services/eventarc.googleapis.com:generateServiceIdentity {}

winston:file: written true false
[2026-06-08T20:38:58.939Z] <<< [apiv2][status] POST https://serviceusage.googleapis.com/v1beta1/projects/126482806042/services/pubsub.googleapis.com:generateServiceIdentity 200
winston:file: written true false
[2026-06-08T20:38:58.940Z] <<< [apiv2][body] POST https://serviceusage.googleapis.com/v1beta1/projects/126482806042/services/pubsub.googleapis.com:generateServiceIdentity {"name":"operations/finished.DONE_OPERATION","done":true,"response":{"@type":"type.googleapis.com/google.api.serviceusage.v1beta1.ServiceIdentity","email":"service-126482806042@gcp-sa-pubsub.iam.gserviceaccount.com","uniqueId":"102738791767336108061"}}
winston:file: logged 987786 [debug] [2026-06-08T20:38:58.939Z] <<< [apiv2][status] POST https://serviceusage.googleapis.com/v1beta1/projects/126482806042/services/pubsub.googleapis.com:generateServiceIdentity 200

winston:file: logged 988218 [debug] [2026-06-08T20:38:58.940Z] <<< [apiv2][body] POST https://serviceusage.googleapis.com/v1beta1/projects/126482806042/services/pubsub.googleapis.com:generateServiceIdentity {"name":"operations/finished.DONE_OPERATION","done":true,"response":{"@type":"type.googleapis.com/google.api.serviceusage.v1beta1.ServiceIdentity","email":"service-126482806042@gcp-sa-pubsub.iam.gserviceaccount.com","uniqueId":"102738791767336108061"}}

winston:file: written true false
[2026-06-08T20:38:58.944Z] <<< [apiv2][status] POST https://serviceusage.googleapis.com/v1beta1/projects/126482806042/services/eventarc.googleapis.com:generateServiceIdentity 200
winston:file: written true false
[2026-06-08T20:38:58.944Z] <<< [apiv2][body] POST https://serviceusage.googleapis.com/v1beta1/projects/126482806042/services/eventarc.googleapis.com:generateServiceIdentity {"name":"operations/finished.DONE_OPERATION","done":true,"response":{"@type":"type.googleapis.com/google.api.serviceusage.v1beta1.ServiceIdentity","email":"service-126482806042@gcp-sa-eventarc.iam.gserviceaccount.com","uniqueId":"114479760964589354135"}}
winston:file: written true false
i  functions: ensuring required API secretmanager.googleapis.com is enabled... 
winston:file: written true false
[2026-06-08T20:38:58.946Z] Checked if tokens are valid: true, expires at: 1780953737220
winston:file: written true false
[2026-06-08T20:38:58.946Z] Checked if tokens are valid: true, expires at: 1780953737220
winston:file: written true false
[2026-06-08T20:38:58.946Z] Checked if tokens are valid: true, expires at: 1780953737220
winston:file: written true false
[2026-06-08T20:38:58.946Z] Checked if tokens are valid: true, expires at: 1780953737220
winston:file: written true false
[2026-06-08T20:38:58.946Z] Checked if tokens are valid: true, expires at: 1780953737220
winston:file: written true false
[2026-06-08T20:38:58.947Z] Checked if tokens are valid: true, expires at: 1780953737220
winston:file: written true false
[2026-06-08T20:38:58.947Z] >>> [apiv2][query] GET https://secretmanager.googleapis.com/v1/projects/mi-catalogo-de61a/secrets/RESEND_API_KEY/versions/latest [none]
winston:file: written true false
[2026-06-08T20:38:58.947Z] >>> [apiv2][query] GET https://secretmanager.googleapis.com/v1/projects/mi-catalogo-de61a/secrets/ONEPAY_PLATFORM_SK/versions/latest [none]
winston:file: written true false
[2026-06-08T20:38:58.948Z] >>> [apiv2][query] GET https://secretmanager.googleapis.com/v1/projects/mi-catalogo-de61a/secrets/ENVIA_API_TOKEN/versions/latest [none]
winston:file: logged 988405 [debug] [2026-06-08T20:38:58.944Z] <<< [apiv2][status] POST https://serviceusage.googleapis.com/v1beta1/projects/126482806042/services/eventarc.googleapis.com:generateServiceIdentity 200

winston:file: logged 988841 [debug] [2026-06-08T20:38:58.944Z] <<< [apiv2][body] POST https://serviceusage.googleapis.com/v1beta1/projects/126482806042/services/eventarc.googleapis.com:generateServiceIdentity {"name":"operations/finished.DONE_OPERATION","done":true,"response":{"@type":"type.googleapis.com/google.api.serviceusage.v1beta1.ServiceIdentity","email":"service-126482806042@gcp-sa-eventarc.iam.gserviceaccount.com","uniqueId":"114479760964589354135"}}

winston:file: logged 988928 [info] i  functions: ensuring required API secretmanager.googleapis.com is enabled... 

winston:file: logged 989024 [debug] [2026-06-08T20:38:58.946Z] Checked if tokens are valid: true, expires at: 1780953737220

winston:file: logged 989120 [debug] [2026-06-08T20:38:58.946Z] Checked if tokens are valid: true, expires at: 1780953737220

winston:file: logged 989216 [debug] [2026-06-08T20:38:58.946Z] Checked if tokens are valid: true, expires at: 1780953737220

winston:file: logged 989312 [debug] [2026-06-08T20:38:58.946Z] Checked if tokens are valid: true, expires at: 1780953737220

winston:file: logged 989408 [debug] [2026-06-08T20:38:58.946Z] Checked if tokens are valid: true, expires at: 1780953737220

winston:file: logged 989504 [debug] [2026-06-08T20:38:58.947Z] Checked if tokens are valid: true, expires at: 1780953737220

winston:file: logged 989675 [debug] [2026-06-08T20:38:58.947Z] >>> [apiv2][query] GET https://secretmanager.googleapis.com/v1/projects/mi-catalogo-de61a/secrets/RESEND_API_KEY/versions/latest [none]

winston:file: logged 989850 [debug] [2026-06-08T20:38:58.947Z] >>> [apiv2][query] GET https://secretmanager.googleapis.com/v1/projects/mi-catalogo-de61a/secrets/ONEPAY_PLATFORM_SK/versions/latest [none]

winston:file: logged 990022 [debug] [2026-06-08T20:38:58.948Z] >>> [apiv2][query] GET https://secretmanager.googleapis.com/v1/projects/mi-catalogo-de61a/secrets/ENVIA_API_TOKEN/versions/latest [none]

winston:file: written true false
[2026-06-08T20:38:59.102Z] <<< [apiv2][status] GET https://secretmanager.googleapis.com/v1/projects/mi-catalogo-de61a/secrets/RESEND_API_KEY/versions/latest 200
winston:file: written true false
[2026-06-08T20:38:59.102Z] <<< [apiv2][body] GET https://secretmanager.googleapis.com/v1/projects/mi-catalogo-de61a/secrets/RESEND_API_KEY/versions/latest {"name":"projects/126482806042/secrets/RESEND_API_KEY/versions/1","createTime":"2026-05-18T16:31:02.385705Z","state":"ENABLED","replicationStatus":{"automatic":{}},"etag":"\"16521a169ea029\""}
winston:file: written true false
[2026-06-08T20:38:59.103Z] Resolved secret version of RESEND_API_KEY to 1.
winston:file: logged 990191 [debug] [2026-06-08T20:38:59.102Z] <<< [apiv2][status] GET https://secretmanager.googleapis.com/v1/projects/mi-catalogo-de61a/secrets/RESEND_API_KEY/versions/latest 200

winston:file: logged 990547 [debug] [2026-06-08T20:38:59.102Z] <<< [apiv2][body] GET https://secretmanager.googleapis.com/v1/projects/mi-catalogo-de61a/secrets/RESEND_API_KEY/versions/latest {"name":"projects/126482806042/secrets/RESEND_API_KEY/versions/1","createTime":"2026-05-18T16:31:02.385705Z","state":"ENABLED","replicationStatus":{"automatic":{}},"etag":"\"16521a169ea029\""}

winston:file: logged 990630 [debug] [2026-06-08T20:38:59.103Z] Resolved secret version of RESEND_API_KEY to 1.

winston:file: written true false
[2026-06-08T20:38:59.462Z] <<< [apiv2][status] GET https://secretmanager.googleapis.com/v1/projects/mi-catalogo-de61a/secrets/ENVIA_API_TOKEN/versions/latest 200
winston:file: written true false
[2026-06-08T20:38:59.462Z] <<< [apiv2][body] GET https://secretmanager.googleapis.com/v1/projects/mi-catalogo-de61a/secrets/ENVIA_API_TOKEN/versions/latest {"name":"projects/126482806042/secrets/ENVIA_API_TOKEN/versions/1","createTime":"2026-05-23T20:47:18.118169Z","state":"ENABLED","replicationStatus":{"automatic":{}},"etag":"\"165282404a8f19\""}
winston:file: written true false
[2026-06-08T20:38:59.463Z] Resolved secret version of ENVIA_API_TOKEN to 1.
winston:file: logged 990800 [debug] [2026-06-08T20:38:59.462Z] <<< [apiv2][status] GET https://secretmanager.googleapis.com/v1/projects/mi-catalogo-de61a/secrets/ENVIA_API_TOKEN/versions/latest 200

winston:file: logged 991158 [debug] [2026-06-08T20:38:59.462Z] <<< [apiv2][body] GET https://secretmanager.googleapis.com/v1/projects/mi-catalogo-de61a/secrets/ENVIA_API_TOKEN/versions/latest {"name":"projects/126482806042/secrets/ENVIA_API_TOKEN/versions/1","createTime":"2026-05-23T20:47:18.118169Z","state":"ENABLED","replicationStatus":{"automatic":{}},"etag":"\"165282404a8f19\""}

winston:file: logged 991242 [debug] [2026-06-08T20:38:59.463Z] Resolved secret version of ENVIA_API_TOKEN to 1.

winston:file: written true false
[2026-06-08T20:38:59.508Z] <<< [apiv2][status] GET https://secretmanager.googleapis.com/v1/projects/mi-catalogo-de61a/secrets/ONEPAY_PLATFORM_SK/versions/latest 200
winston:file: written true false
[2026-06-08T20:38:59.508Z] <<< [apiv2][body] GET https://secretmanager.googleapis.com/v1/projects/mi-catalogo-de61a/secrets/ONEPAY_PLATFORM_SK/versions/latest {"name":"projects/126482806042/secrets/ONEPAY_PLATFORM_SK/versions/1","createTime":"2026-05-17T19:39:09.194232Z","state":"ENABLED","replicationStatus":{"automatic":{}},"etag":"\"165208998647f8\""}
winston:file: written true false
[2026-06-08T20:38:59.509Z] Resolved secret version of ONEPAY_PLATFORM_SK to 1.
winston:file: written true false
[2026-06-08T20:38:59.511Z] Checked if tokens are valid: true, expires at: 1780953737220
winston:file: written true false
[2026-06-08T20:38:59.512Z] Checked if tokens are valid: true, expires at: 1780953737220
winston:file: written true false
[2026-06-08T20:38:59.512Z] >>> [apiv2][query] GET https://cloudresourcemanager.googleapis.com/v1/projects/mi-catalogo-de61a [none]
winston:file: logged 991415 [debug] [2026-06-08T20:38:59.508Z] <<< [apiv2][status] GET https://secretmanager.googleapis.com/v1/projects/mi-catalogo-de61a/secrets/ONEPAY_PLATFORM_SK/versions/latest 200

winston:file: logged 991779 [debug] [2026-06-08T20:38:59.508Z] <<< [apiv2][body] GET https://secretmanager.googleapis.com/v1/projects/mi-catalogo-de61a/secrets/ONEPAY_PLATFORM_SK/versions/latest {"name":"projects/126482806042/secrets/ONEPAY_PLATFORM_SK/versions/1","createTime":"2026-05-17T19:39:09.194232Z","state":"ENABLED","replicationStatus":{"automatic":{}},"etag":"\"165208998647f8\""}

winston:file: logged 991866 [debug] [2026-06-08T20:38:59.509Z] Resolved secret version of ONEPAY_PLATFORM_SK to 1.

winston:file: logged 991962 [debug] [2026-06-08T20:38:59.511Z] Checked if tokens are valid: true, expires at: 1780953737220

winston:file: logged 992058 [debug] [2026-06-08T20:38:59.512Z] Checked if tokens are valid: true, expires at: 1780953737220

winston:file: logged 992197 [debug] [2026-06-08T20:38:59.512Z] >>> [apiv2][query] GET https://cloudresourcemanager.googleapis.com/v1/projects/mi-catalogo-de61a [none]

winston:file: written true false
[2026-06-08T20:38:59.796Z] <<< [apiv2][status] GET https://cloudresourcemanager.googleapis.com/v1/projects/mi-catalogo-de61a 200
winston:file: written true false
[2026-06-08T20:38:59.796Z] <<< [apiv2][body] GET https://cloudresourcemanager.googleapis.com/v1/projects/mi-catalogo-de61a {"projectNumber":"126482806042","projectId":"mi-catalogo-de61a","lifecycleState":"ACTIVE","name":"Mi Catalogo","labels":{"firebase":"enabled","firebase-core":"disabled"},"createTime":"2026-03-28T15:59:48.230Z"}
winston:file: written true false
[2026-06-08T20:38:59.797Z] Checked if tokens are valid: true, expires at: 1780953737220
winston:file: written true false
[2026-06-08T20:38:59.797Z] Checked if tokens are valid: true, expires at: 1780953737220
winston:file: written true false
[2026-06-08T20:38:59.797Z] >>> [apiv2][query] GET https://compute.googleapis.com/compute/v1/projects/126482806042 [none]
winston:file: logged 992334 [debug] [2026-06-08T20:38:59.796Z] <<< [apiv2][status] GET https://cloudresourcemanager.googleapis.com/v1/projects/mi-catalogo-de61a 200

winston:file: logged 992676 [debug] [2026-06-08T20:38:59.796Z] <<< [apiv2][body] GET https://cloudresourcemanager.googleapis.com/v1/projects/mi-catalogo-de61a {"projectNumber":"126482806042","projectId":"mi-catalogo-de61a","lifecycleState":"ACTIVE","name":"Mi Catalogo","labels":{"firebase":"enabled","firebase-core":"disabled"},"createTime":"2026-03-28T15:59:48.230Z"}

winston:file: logged 992772 [debug] [2026-06-08T20:38:59.797Z] Checked if tokens are valid: true, expires at: 1780953737220

winston:file: logged 992868 [debug] [2026-06-08T20:38:59.797Z] Checked if tokens are valid: true, expires at: 1780953737220

winston:file: logged 992997 [debug] [2026-06-08T20:38:59.797Z] >>> [apiv2][query] GET https://compute.googleapis.com/compute/v1/projects/126482806042 [none]

winston:file: written true false
[2026-06-08T20:39:00.060Z] <<< [apiv2][status] GET https://compute.googleapis.com/compute/v1/projects/126482806042 403
winston:file: written true false
[2026-06-08T20:39:00.060Z] <<< [apiv2][body] GET https://compute.googleapis.com/compute/v1/projects/126482806042 {"error":{"code":403,"message":"Compute Engine API has not been used in project 126482806042 before or it is disabled. Enable it by visiting https://console.developers.google.com/apis/api/compute.googleapis.com/overview?project=126482806042 then retry. If you enabled this API recently, wait a few minutes for the action to propagate to our systems and retry.","errors":[{"message":"Compute Engine API has not been used in project 126482806042 before or it is disabled. Enable it by visiting https://console.developers.google.com/apis/api/compute.googleapis.com/overview?project=126482806042 then retry. If you enabled this API recently, wait a few minutes for the action to propagate to our systems and retry.","domain":"usageLimits","reason":"accessNotConfigured","extendedHelp":"https://console.developers.google.com"}],"status":"PERMISSION_DENIED","details":[{"@type":"type.googleapis.com/google.rpc.ErrorInfo","reason":"SERVICE_DISABLED","domain":"googleapis.com","metadata":{"consumer":"projects/126482806042","containerInfo":"126482806042","activationUrl":"https://console.developers.google.com/apis/api/compute.googleapis.com/overview?project=126482806042","serviceTitle":"Compute Engine API","service":"compute.googleapis.com"}},{"@type":"type.googleapis.com/google.rpc.LocalizedMessage","locale":"en-US","message":"Compute Engine API has not been used in project 126482806042 before or it is disabled. Enable it by visiting https://console.developers.google.com/apis/api/compute.googleapis.com/overview?project=126482806042 then retry. If you enabled this API recently, wait a few minutes for the action to propagate to our systems and retry."},{"@type":"type.googleapis.com/google.rpc.Help","links":[{"description":"Google developers console API activation","url":"https://console.developers.google.com/apis/api/compute.googleapis.com/overview?project=126482806042"}]}]}}
winston:file: written true false
[2026-06-08T20:39:00.061Z] unable to look up default compute service account. Falling back to 126482806042-compute@developer.gserviceaccount.com. Error: {"name":"FirebaseError","children":[],"context":{"body":{"error":{"code":403,"message":"Compute Engine API has not been used in project 126482806042 before or it is disabled. Enable it by visiting https://console.developers.google.com/apis/api/compute.googleapis.com/overview?project=126482806042 then retry. If you enabled this API recently, wait a few minutes for the action to propagate to our systems and retry.","errors":[{"message":"Compute Engine API has not been used in project 126482806042 before or it is disabled. Enable it by visiting https://console.developers.google.com/apis/api/compute.googleapis.com/overview?project=126482806042 then retry. If you enabled this API recently, wait a few minutes for the action to propagate to our systems and retry.","domain":"usageLimits","reason":"accessNotConfigured","extendedHelp":"https://console.developers.google.com"}],"status":"PERMISSION_DENIED","details":[{"@type":"type.googleapis.com/google.rpc.ErrorInfo","reason":"SERVICE_DISABLED","domain":"googleapis.com","metadata":{"consumer":"projects/126482806042","containerInfo":"126482806042","activationUrl":"https://console.developers.google.com/apis/api/compute.googleapis.com/overview?project=126482806042","serviceTitle":"Compute Engine API","service":"compute.googleapis.com"}},{"@type":"type.googleapis.com/google.rpc.LocalizedMessage","locale":"en-US","message":"Compute Engine API has not been used in project 126482806042 before or it is disabled. Enable it by visiting https://console.developers.google.com/apis/api/compute.googleapis.com/overview?project=126482806042 then retry. If you enabled this API recently, wait a few minutes for the action to propagate to our systems and retry."},{"@type":"type.googleapis.com/google.rpc.Help","links":[{"description":"Google developers console API activation","url":"https://console.developers.google.com/apis/api/compute.googleapis.com/overview?project=126482806042"}]}]}},"response":{"statusCode":403}},"exit":1,"message":"Request to https://compute.googleapis.com/compute/v1/projects/126482806042 had HTTP Error: 403, Compute Engine API has not been used in project 126482806042 before or it is disabled. Enable it by visiting https://console.developers.google.com/apis/api/compute.googleapis.com/overview?project=126482806042 then retry. If you enabled this API recently, wait a few minutes for the action to propagate to our systems and retry.","status":403}
winston:file: written true false
[2026-06-08T20:39:00.061Z] Checked if tokens are valid: true, expires at: 1780953737220
winston:file: written true false
[2026-06-08T20:39:00.061Z] Checked if tokens are valid: true, expires at: 1780953737220
winston:file: written true false
[2026-06-08T20:39:00.061Z] >>> [apiv2][query] GET https://compute.googleapis.com/compute/v1/projects/126482806042 [none]
winston:file: logged 993124 [debug] [2026-06-08T20:39:00.060Z] <<< [apiv2][status] GET https://compute.googleapis.com/compute/v1/projects/126482806042 403

winston:file: logged 995128 [debug] [2026-06-08T20:39:00.060Z] <<< [apiv2][body] GET https://compute.googleapis.com/compute/v1/projects/126482806042 {"error":{"code":403,"message":"Compute Engine API has not been used in project 126482806042 before or it is disabled. Enable it by visiting https://console.developers.google.com/apis/api/compute.googleapis.com/overview?project=126482806042 then retry. If you enabled this API recently, wait a few minutes for the action to propagate to our systems and retry.","errors":[{"message":"Compute Engine API has not been used in project 126482806042 before or it is disabled. Enable it by visiting https://console.developers.google.com/apis/api/compute.googleapis.com/overview?project=126482806042 then retry. If you enabled this API recently, wait a few minutes for the action to propagate to our systems and retry.","domain":"usageLimits","reason":"accessNotConfigured","extendedHelp":"https://console.developers.google.com"}],"status":"PERMISSION_DENIED","details":[{"@type":"type.googleapis.com/google.rpc.ErrorInfo","reason":"SERVICE_DISABLED","domain":"googleapis.com","metadata":{"consumer":"projects/126482806042","containerInfo":"126482806042","activationUrl":"https://console.developers.google.com/apis/api/compute.googleapis.com/overview?project=126482806042","serviceTitle":"Compute Engine API","service":"compute.googleapis.com"}},{"@type":"type.googleapis.com/google.rpc.LocalizedMessage","locale":"en-US","message":"Compute Engine API has not been used in project 126482806042 before or it is disabled. Enable it by visiting https://console.developers.google.com/apis/api/compute.googleapis.com/overview?project=126482806042 then retry. If you enabled this API recently, wait a few minutes for the action to propagate to our systems and retry."},{"@type":"type.googleapis.com/google.rpc.Help","links":[{"description":"Google developers console API activation","url":"https://console.developers.google.com/apis/api/compute.googleapis.com/overview?project=126482806042"}]}]}}

winston:file: logged 997718 [debug] [2026-06-08T20:39:00.061Z] unable to look up default compute service account. Falling back to 126482806042-compute@developer.gserviceaccount.com. Error: {"name":"FirebaseError","children":[],"context":{"body":{"error":{"code":403,"message":"Compute Engine API has not been used in project 126482806042 before or it is disabled. Enable it by visiting https://console.developers.google.com/apis/api/compute.googleapis.com/overview?project=126482806042 then retry. If you enabled this API recently, wait a few minutes for the action to propagate to our systems and retry.","errors":[{"message":"Compute Engine API has not been used in project 126482806042 before or it is disabled. Enable it by visiting https://console.developers.google.com/apis/api/compute.googleapis.com/overview?project=126482806042 then retry. If you enabled this API recently, wait a few minutes for the action to propagate to our systems and retry.","domain":"usageLimits","reason":"accessNotConfigured","extendedHelp":"https://console.developers.google.com"}],"status":"PERMISSION_DENIED","details":[{"@type":"type.googleapis.com/google.rpc.ErrorInfo","reason":"SERVICE_DISABLED","domain":"googleapis.com","metadata":{"consumer":"projects/126482806042","containerInfo":"126482806042","activationUrl":"https://console.developers.google.com/apis/api/compute.googleapis.com/overview?project=126482806042","serviceTitle":"Compute Engine API","service":"compute.googleapis.com"}},{"@type":"type.googleapis.com/google.rpc.LocalizedMessage","locale":"en-US","message":"Compute Engine API has not been used in project 126482806042 before or it is disabled. Enable it by visiting https://console.developers.google.com/apis/api/compute.googleapis.com/overview?project=126482806042 then retry. If you enabled this API recently, wait a few minutes for the action to propagate to our systems and retry."},{"@type":"type.googleapis.com/google.rpc.Help","links":[{"description":"Google developers console API activation","url":"https://console.developers.google.com/apis/api/compute.googleapis.com/overview?project=126482806042"}]}]}},"response":{"statusCode":403}},"exit":1,"message":"Request to https://compute.googleapis.com/compute/v1/projects/126482806042 had HTTP Error: 403, Compute Engine API has not been used in project 126482806042 before or it is disabled. Enable it by visiting https://console.developers.google.com/apis/api/compute.googleapis.com/overview?project=126482806042 then retry. If you enabled this API recently, wait a few minutes for the action to propagate to our systems and retry.","status":403}

winston:file: logged 997814 [debug] [2026-06-08T20:39:00.061Z] Checked if tokens are valid: true, expires at: 1780953737220

winston:file: logged 997910 [debug] [2026-06-08T20:39:00.061Z] Checked if tokens are valid: true, expires at: 1780953737220

winston:file: logged 998039 [debug] [2026-06-08T20:39:00.061Z] >>> [apiv2][query] GET https://compute.googleapis.com/compute/v1/projects/126482806042 [none]

winston:file: written true false
[2026-06-08T20:39:00.188Z] <<< [apiv2][status] GET https://compute.googleapis.com/compute/v1/projects/126482806042 403
winston:file: written true false
[2026-06-08T20:39:00.189Z] <<< [apiv2][body] GET https://compute.googleapis.com/compute/v1/projects/126482806042 {"error":{"code":403,"message":"Compute Engine API has not been used in project 126482806042 before or it is disabled. Enable it by visiting https://console.developers.google.com/apis/api/compute.googleapis.com/overview?project=126482806042 then retry. If you enabled this API recently, wait a few minutes for the action to propagate to our systems and retry.","errors":[{"message":"Compute Engine API has not been used in project 126482806042 before or it is disabled. Enable it by visiting https://console.developers.google.com/apis/api/compute.googleapis.com/overview?project=126482806042 then retry. If you enabled this API recently, wait a few minutes for the action to propagate to our systems and retry.","domain":"usageLimits","reason":"accessNotConfigured","extendedHelp":"https://console.developers.google.com"}],"status":"PERMISSION_DENIED","details":[{"@type":"type.googleapis.com/google.rpc.ErrorInfo","reason":"SERVICE_DISABLED","domain":"googleapis.com","metadata":{"service":"compute.googleapis.com","containerInfo":"126482806042","activationUrl":"https://console.developers.google.com/apis/api/compute.googleapis.com/overview?project=126482806042","serviceTitle":"Compute Engine API","consumer":"projects/126482806042"}},{"@type":"type.googleapis.com/google.rpc.LocalizedMessage","locale":"en-US","message":"Compute Engine API has not been used in project 126482806042 before or it is disabled. Enable it by visiting https://console.developers.google.com/apis/api/compute.googleapis.com/overview?project=126482806042 then retry. If you enabled this API recently, wait a few minutes for the action to propagate to our systems and retry."},{"@type":"type.googleapis.com/google.rpc.Help","links":[{"description":"Google developers console API activation","url":"https://console.developers.google.com/apis/api/compute.googleapis.com/overview?project=126482806042"}]}]}}
winston:file: written true false
[2026-06-08T20:39:00.189Z] unable to look up default compute service account. Falling back to 126482806042-compute@developer.gserviceaccount.com. Error: {"name":"FirebaseError","children":[],"context":{"body":{"error":{"code":403,"message":"Compute Engine API has not been used in project 126482806042 before or it is disabled. Enable it by visiting https://console.developers.google.com/apis/api/compute.googleapis.com/overview?project=126482806042 then retry. If you enabled this API recently, wait a few minutes for the action to propagate to our systems and retry.","errors":[{"message":"Compute Engine API has not been used in project 126482806042 before or it is disabled. Enable it by visiting https://console.developers.google.com/apis/api/compute.googleapis.com/overview?project=126482806042 then retry. If you enabled this API recently, wait a few minutes for the action to propagate to our systems and retry.","domain":"usageLimits","reason":"accessNotConfigured","extendedHelp":"https://console.developers.google.com"}],"status":"PERMISSION_DENIED","details":[{"@type":"type.googleapis.com/google.rpc.ErrorInfo","reason":"SERVICE_DISABLED","domain":"googleapis.com","metadata":{"service":"compute.googleapis.com","containerInfo":"126482806042","activationUrl":"https://console.developers.google.com/apis/api/compute.googleapis.com/overview?project=126482806042","serviceTitle":"Compute Engine API","consumer":"projects/126482806042"}},{"@type":"type.googleapis.com/google.rpc.LocalizedMessage","locale":"en-US","message":"Compute Engine API has not been used in project 126482806042 before or it is disabled. Enable it by visiting https://console.developers.google.com/apis/api/compute.googleapis.com/overview?project=126482806042 then retry. If you enabled this API recently, wait a few minutes for the action to propagate to our systems and retry."},{"@type":"type.googleapis.com/google.rpc.Help","links":[{"description":"Google developers console API activation","url":"https://console.developers.google.com/apis/api/compute.googleapis.com/overview?project=126482806042"}]}]}},"response":{"statusCode":403}},"exit":1,"message":"Request to https://compute.googleapis.com/compute/v1/projects/126482806042 had HTTP Error: 403, Compute Engine API has not been used in project 126482806042 before or it is disabled. Enable it by visiting https://console.developers.google.com/apis/api/compute.googleapis.com/overview?project=126482806042 then retry. If you enabled this API recently, wait a few minutes for the action to propagate to our systems and retry.","status":403}
winston:file: written true false
[2026-06-08T20:39:00.190Z] Checked if tokens are valid: true, expires at: 1780953737220
winston:file: written true false
[2026-06-08T20:39:00.190Z] Checked if tokens are valid: true, expires at: 1780953737220
winston:file: written true false
[2026-06-08T20:39:00.190Z] >>> [apiv2][query] GET https://compute.googleapis.com/compute/v1/projects/126482806042 [none]
winston:file: logged 998166 [debug] [2026-06-08T20:39:00.188Z] <<< [apiv2][status] GET https://compute.googleapis.com/compute/v1/projects/126482806042 403

winston:file: logged 1000170 [debug] [2026-06-08T20:39:00.189Z] <<< [apiv2][body] GET https://compute.googleapis.com/compute/v1/projects/126482806042 {"error":{"code":403,"message":"Compute Engine API has not been used in project 126482806042 before or it is disabled. Enable it by visiting https://console.developers.google.com/apis/api/compute.googleapis.com/overview?project=126482806042 then retry. If you enabled this API recently, wait a few minutes for the action to propagate to our systems and retry.","errors":[{"message":"Compute Engine API has not been used in project 126482806042 before or it is disabled. Enable it by visiting https://console.developers.google.com/apis/api/compute.googleapis.com/overview?project=126482806042 then retry. If you enabled this API recently, wait a few minutes for the action to propagate to our systems and retry.","domain":"usageLimits","reason":"accessNotConfigured","extendedHelp":"https://console.developers.google.com"}],"status":"PERMISSION_DENIED","details":[{"@type":"type.googleapis.com/google.rpc.ErrorInfo","reason":"SERVICE_DISABLED","domain":"googleapis.com","metadata":{"service":"compute.googleapis.com","containerInfo":"126482806042","activationUrl":"https://console.developers.google.com/apis/api/compute.googleapis.com/overview?project=126482806042","serviceTitle":"Compute Engine API","consumer":"projects/126482806042"}},{"@type":"type.googleapis.com/google.rpc.LocalizedMessage","locale":"en-US","message":"Compute Engine API has not been used in project 126482806042 before or it is disabled. Enable it by visiting https://console.developers.google.com/apis/api/compute.googleapis.com/overview?project=126482806042 then retry. If you enabled this API recently, wait a few minutes for the action to propagate to our systems and retry."},{"@type":"type.googleapis.com/google.rpc.Help","links":[{"description":"Google developers console API activation","url":"https://console.developers.google.com/apis/api/compute.googleapis.com/overview?project=126482806042"}]}]}}

winston:file: logged 1002760 [debug] [2026-06-08T20:39:00.189Z] unable to look up default compute service account. Falling back to 126482806042-compute@developer.gserviceaccount.com. Error: {"name":"FirebaseError","children":[],"context":{"body":{"error":{"code":403,"message":"Compute Engine API has not been used in project 126482806042 before or it is disabled. Enable it by visiting https://console.developers.google.com/apis/api/compute.googleapis.com/overview?project=126482806042 then retry. If you enabled this API recently, wait a few minutes for the action to propagate to our systems and retry.","errors":[{"message":"Compute Engine API has not been used in project 126482806042 before or it is disabled. Enable it by visiting https://console.developers.google.com/apis/api/compute.googleapis.com/overview?project=126482806042 then retry. If you enabled this API recently, wait a few minutes for the action to propagate to our systems and retry.","domain":"usageLimits","reason":"accessNotConfigured","extendedHelp":"https://console.developers.google.com"}],"status":"PERMISSION_DENIED","details":[{"@type":"type.googleapis.com/google.rpc.ErrorInfo","reason":"SERVICE_DISABLED","domain":"googleapis.com","metadata":{"service":"compute.googleapis.com","containerInfo":"126482806042","activationUrl":"https://console.developers.google.com/apis/api/compute.googleapis.com/overview?project=126482806042","serviceTitle":"Compute Engine API","consumer":"projects/126482806042"}},{"@type":"type.googleapis.com/google.rpc.LocalizedMessage","locale":"en-US","message":"Compute Engine API has not been used in project 126482806042 before or it is disabled. Enable it by visiting https://console.developers.google.com/apis/api/compute.googleapis.com/overview?project=126482806042 then retry. If you enabled this API recently, wait a few minutes for the action to propagate to our systems and retry."},{"@type":"type.googleapis.com/google.rpc.Help","links":[{"description":"Google developers console API activation","url":"https://console.developers.google.com/apis/api/compute.googleapis.com/overview?project=126482806042"}]}]}},"response":{"statusCode":403}},"exit":1,"message":"Request to https://compute.googleapis.com/compute/v1/projects/126482806042 had HTTP Error: 403, Compute Engine API has not been used in project 126482806042 before or it is disabled. Enable it by visiting https://console.developers.google.com/apis/api/compute.googleapis.com/overview?project=126482806042 then retry. If you enabled this API recently, wait a few minutes for the action to propagate to our systems and retry.","status":403}

winston:file: logged 1002856 [debug] [2026-06-08T20:39:00.190Z] Checked if tokens are valid: true, expires at: 1780953737220

winston:file: logged 1002952 [debug] [2026-06-08T20:39:00.190Z] Checked if tokens are valid: true, expires at: 1780953737220

winston:file: logged 1003081 [debug] [2026-06-08T20:39:00.190Z] >>> [apiv2][query] GET https://compute.googleapis.com/compute/v1/projects/126482806042 [none]

winston:file: written true false
[2026-06-08T20:39:00.321Z] <<< [apiv2][status] GET https://compute.googleapis.com/compute/v1/projects/126482806042 403
winston:file: written true false
[2026-06-08T20:39:00.322Z] <<< [apiv2][body] GET https://compute.googleapis.com/compute/v1/projects/126482806042 {"error":{"code":403,"message":"Compute Engine API has not been used in project 126482806042 before or it is disabled. Enable it by visiting https://console.developers.google.com/apis/api/compute.googleapis.com/overview?project=126482806042 then retry. If you enabled this API recently, wait a few minutes for the action to propagate to our systems and retry.","errors":[{"message":"Compute Engine API has not been used in project 126482806042 before or it is disabled. Enable it by visiting https://console.developers.google.com/apis/api/compute.googleapis.com/overview?project=126482806042 then retry. If you enabled this API recently, wait a few minutes for the action to propagate to our systems and retry.","domain":"usageLimits","reason":"accessNotConfigured","extendedHelp":"https://console.developers.google.com"}],"status":"PERMISSION_DENIED","details":[{"@type":"type.googleapis.com/google.rpc.ErrorInfo","reason":"SERVICE_DISABLED","domain":"googleapis.com","metadata":{"activationUrl":"https://console.developers.google.com/apis/api/compute.googleapis.com/overview?project=126482806042","service":"compute.googleapis.com","consumer":"projects/126482806042","serviceTitle":"Compute Engine API","containerInfo":"126482806042"}},{"@type":"type.googleapis.com/google.rpc.LocalizedMessage","locale":"en-US","message":"Compute Engine API has not been used in project 126482806042 before or it is disabled. Enable it by visiting https://console.developers.google.com/apis/api/compute.googleapis.com/overview?project=126482806042 then retry. If you enabled this API recently, wait a few minutes for the action to propagate to our systems and retry."},{"@type":"type.googleapis.com/google.rpc.Help","links":[{"description":"Google developers console API activation","url":"https://console.developers.google.com/apis/api/compute.googleapis.com/overview?project=126482806042"}]}]}}
winston:file: written true false
[2026-06-08T20:39:00.323Z] unable to look up default compute service account. Falling back to 126482806042-compute@developer.gserviceaccount.com. Error: {"name":"FirebaseError","children":[],"context":{"body":{"error":{"code":403,"message":"Compute Engine API has not been used in project 126482806042 before or it is disabled. Enable it by visiting https://console.developers.google.com/apis/api/compute.googleapis.com/overview?project=126482806042 then retry. If you enabled this API recently, wait a few minutes for the action to propagate to our systems and retry.","errors":[{"message":"Compute Engine API has not been used in project 126482806042 before or it is disabled. Enable it by visiting https://console.developers.google.com/apis/api/compute.googleapis.com/overview?project=126482806042 then retry. If you enabled this API recently, wait a few minutes for the action to propagate to our systems and retry.","domain":"usageLimits","reason":"accessNotConfigured","extendedHelp":"https://console.developers.google.com"}],"status":"PERMISSION_DENIED","details":[{"@type":"type.googleapis.com/google.rpc.ErrorInfo","reason":"SERVICE_DISABLED","domain":"googleapis.com","metadata":{"activationUrl":"https://console.developers.google.com/apis/api/compute.googleapis.com/overview?project=126482806042","service":"compute.googleapis.com","consumer":"projects/126482806042","serviceTitle":"Compute Engine API","containerInfo":"126482806042"}},{"@type":"type.googleapis.com/google.rpc.LocalizedMessage","locale":"en-US","message":"Compute Engine API has not been used in project 126482806042 before or it is disabled. Enable it by visiting https://console.developers.google.com/apis/api/compute.googleapis.com/overview?project=126482806042 then retry. If you enabled this API recently, wait a few minutes for the action to propagate to our systems and retry."},{"@type":"type.googleapis.com/google.rpc.Help","links":[{"description":"Google developers console API activation","url":"https://console.developers.google.com/apis/api/compute.googleapis.com/overview?project=126482806042"}]}]}},"response":{"statusCode":403}},"exit":1,"message":"Request to https://compute.googleapis.com/compute/v1/projects/126482806042 had HTTP Error: 403, Compute Engine API has not been used in project 126482806042 before or it is disabled. Enable it by visiting https://console.developers.google.com/apis/api/compute.googleapis.com/overview?project=126482806042 then retry. If you enabled this API recently, wait a few minutes for the action to propagate to our systems and retry.","status":403}
winston:file: written true false
[2026-06-08T20:39:00.324Z] Checked if tokens are valid: true, expires at: 1780953737220
winston:file: written true false
[2026-06-08T20:39:00.324Z] Checked if tokens are valid: true, expires at: 1780953737220
winston:file: written true false
[2026-06-08T20:39:00.324Z] >>> [apiv2][query] GET https://compute.googleapis.com/compute/v1/projects/126482806042 [none]
winston:file: logged 1003208 [debug] [2026-06-08T20:39:00.321Z] <<< [apiv2][status] GET https://compute.googleapis.com/compute/v1/projects/126482806042 403

winston:file: logged 1005212 [debug] [2026-06-08T20:39:00.322Z] <<< [apiv2][body] GET https://compute.googleapis.com/compute/v1/projects/126482806042 {"error":{"code":403,"message":"Compute Engine API has not been used in project 126482806042 before or it is disabled. Enable it by visiting https://console.developers.google.com/apis/api/compute.googleapis.com/overview?project=126482806042 then retry. If you enabled this API recently, wait a few minutes for the action to propagate to our systems and retry.","errors":[{"message":"Compute Engine API has not been used in project 126482806042 before or it is disabled. Enable it by visiting https://console.developers.google.com/apis/api/compute.googleapis.com/overview?project=126482806042 then retry. If you enabled this API recently, wait a few minutes for the action to propagate to our systems and retry.","domain":"usageLimits","reason":"accessNotConfigured","extendedHelp":"https://console.developers.google.com"}],"status":"PERMISSION_DENIED","details":[{"@type":"type.googleapis.com/google.rpc.ErrorInfo","reason":"SERVICE_DISABLED","domain":"googleapis.com","metadata":{"activationUrl":"https://console.developers.google.com/apis/api/compute.googleapis.com/overview?project=126482806042","service":"compute.googleapis.com","consumer":"projects/126482806042","serviceTitle":"Compute Engine API","containerInfo":"126482806042"}},{"@type":"type.googleapis.com/google.rpc.LocalizedMessage","locale":"en-US","message":"Compute Engine API has not been used in project 126482806042 before or it is disabled. Enable it by visiting https://console.developers.google.com/apis/api/compute.googleapis.com/overview?project=126482806042 then retry. If you enabled this API recently, wait a few minutes for the action to propagate to our systems and retry."},{"@type":"type.googleapis.com/google.rpc.Help","links":[{"description":"Google developers console API activation","url":"https://console.developers.google.com/apis/api/compute.googleapis.com/overview?project=126482806042"}]}]}}

winston:file: logged 1007802 [debug] [2026-06-08T20:39:00.323Z] unable to look up default compute service account. Falling back to 126482806042-compute@developer.gserviceaccount.com. Error: {"name":"FirebaseError","children":[],"context":{"body":{"error":{"code":403,"message":"Compute Engine API has not been used in project 126482806042 before or it is disabled. Enable it by visiting https://console.developers.google.com/apis/api/compute.googleapis.com/overview?project=126482806042 then retry. If you enabled this API recently, wait a few minutes for the action to propagate to our systems and retry.","errors":[{"message":"Compute Engine API has not been used in project 126482806042 before or it is disabled. Enable it by visiting https://console.developers.google.com/apis/api/compute.googleapis.com/overview?project=126482806042 then retry. If you enabled this API recently, wait a few minutes for the action to propagate to our systems and retry.","domain":"usageLimits","reason":"accessNotConfigured","extendedHelp":"https://console.developers.google.com"}],"status":"PERMISSION_DENIED","details":[{"@type":"type.googleapis.com/google.rpc.ErrorInfo","reason":"SERVICE_DISABLED","domain":"googleapis.com","metadata":{"activationUrl":"https://console.developers.google.com/apis/api/compute.googleapis.com/overview?project=126482806042","service":"compute.googleapis.com","consumer":"projects/126482806042","serviceTitle":"Compute Engine API","containerInfo":"126482806042"}},{"@type":"type.googleapis.com/google.rpc.LocalizedMessage","locale":"en-US","message":"Compute Engine API has not been used in project 126482806042 before or it is disabled. Enable it by visiting https://console.developers.google.com/apis/api/compute.googleapis.com/overview?project=126482806042 then retry. If you enabled this API recently, wait a few minutes for the action to propagate to our systems and retry."},{"@type":"type.googleapis.com/google.rpc.Help","links":[{"description":"Google developers console API activation","url":"https://console.developers.google.com/apis/api/compute.googleapis.com/overview?project=126482806042"}]}]}},"response":{"statusCode":403}},"exit":1,"message":"Request to https://compute.googleapis.com/compute/v1/projects/126482806042 had HTTP Error: 403, Compute Engine API has not been used in project 126482806042 before or it is disabled. Enable it by visiting https://console.developers.google.com/apis/api/compute.googleapis.com/overview?project=126482806042 then retry. If you enabled this API recently, wait a few minutes for the action to propagate to our systems and retry.","status":403}

winston:file: logged 1007898 [debug] [2026-06-08T20:39:00.324Z] Checked if tokens are valid: true, expires at: 1780953737220

winston:file: logged 1007994 [debug] [2026-06-08T20:39:00.324Z] Checked if tokens are valid: true, expires at: 1780953737220

winston:file: logged 1008123 [debug] [2026-06-08T20:39:00.324Z] >>> [apiv2][query] GET https://compute.googleapis.com/compute/v1/projects/126482806042 [none]

winston:file: written true false
[2026-06-08T20:39:00.460Z] <<< [apiv2][status] GET https://compute.googleapis.com/compute/v1/projects/126482806042 403
winston:file: written true false
[2026-06-08T20:39:00.460Z] <<< [apiv2][body] GET https://compute.googleapis.com/compute/v1/projects/126482806042 {"error":{"code":403,"message":"Compute Engine API has not been used in project 126482806042 before or it is disabled. Enable it by visiting https://console.developers.google.com/apis/api/compute.googleapis.com/overview?project=126482806042 then retry. If you enabled this API recently, wait a few minutes for the action to propagate to our systems and retry.","errors":[{"message":"Compute Engine API has not been used in project 126482806042 before or it is disabled. Enable it by visiting https://console.developers.google.com/apis/api/compute.googleapis.com/overview?project=126482806042 then retry. If you enabled this API recently, wait a few minutes for the action to propagate to our systems and retry.","domain":"usageLimits","reason":"accessNotConfigured","extendedHelp":"https://console.developers.google.com"}],"status":"PERMISSION_DENIED","details":[{"@type":"type.googleapis.com/google.rpc.ErrorInfo","reason":"SERVICE_DISABLED","domain":"googleapis.com","metadata":{"serviceTitle":"Compute Engine API","service":"compute.googleapis.com","containerInfo":"126482806042","activationUrl":"https://console.developers.google.com/apis/api/compute.googleapis.com/overview?project=126482806042","consumer":"projects/126482806042"}},{"@type":"type.googleapis.com/google.rpc.LocalizedMessage","locale":"en-US","message":"Compute Engine API has not been used in project 126482806042 before or it is disabled. Enable it by visiting https://console.developers.google.com/apis/api/compute.googleapis.com/overview?project=126482806042 then retry. If you enabled this API recently, wait a few minutes for the action to propagate to our systems and retry."},{"@type":"type.googleapis.com/google.rpc.Help","links":[{"description":"Google developers console API activation","url":"https://console.developers.google.com/apis/api/compute.googleapis.com/overview?project=126482806042"}]}]}}
winston:file: written true false
[2026-06-08T20:39:00.461Z] unable to look up default compute service account. Falling back to 126482806042-compute@developer.gserviceaccount.com. Error: {"name":"FirebaseError","children":[],"context":{"body":{"error":{"code":403,"message":"Compute Engine API has not been used in project 126482806042 before or it is disabled. Enable it by visiting https://console.developers.google.com/apis/api/compute.googleapis.com/overview?project=126482806042 then retry. If you enabled this API recently, wait a few minutes for the action to propagate to our systems and retry.","errors":[{"message":"Compute Engine API has not been used in project 126482806042 before or it is disabled. Enable it by visiting https://console.developers.google.com/apis/api/compute.googleapis.com/overview?project=126482806042 then retry. If you enabled this API recently, wait a few minutes for the action to propagate to our systems and retry.","domain":"usageLimits","reason":"accessNotConfigured","extendedHelp":"https://console.developers.google.com"}],"status":"PERMISSION_DENIED","details":[{"@type":"type.googleapis.com/google.rpc.ErrorInfo","reason":"SERVICE_DISABLED","domain":"googleapis.com","metadata":{"serviceTitle":"Compute Engine API","service":"compute.googleapis.com","containerInfo":"126482806042","activationUrl":"https://console.developers.google.com/apis/api/compute.googleapis.com/overview?project=126482806042","consumer":"projects/126482806042"}},{"@type":"type.googleapis.com/google.rpc.LocalizedMessage","locale":"en-US","message":"Compute Engine API has not been used in project 126482806042 before or it is disabled. Enable it by visiting https://console.developers.google.com/apis/api/compute.googleapis.com/overview?project=126482806042 then retry. If you enabled this API recently, wait a few minutes for the action to propagate to our systems and retry."},{"@type":"type.googleapis.com/google.rpc.Help","links":[{"description":"Google developers console API activation","url":"https://console.developers.google.com/apis/api/compute.googleapis.com/overview?project=126482806042"}]}]}},"response":{"statusCode":403}},"exit":1,"message":"Request to https://compute.googleapis.com/compute/v1/projects/126482806042 had HTTP Error: 403, Compute Engine API has not been used in project 126482806042 before or it is disabled. Enable it by visiting https://console.developers.google.com/apis/api/compute.googleapis.com/overview?project=126482806042 then retry. If you enabled this API recently, wait a few minutes for the action to propagate to our systems and retry.","status":403}
winston:file: written true false
[2026-06-08T20:39:00.461Z] Checked if tokens are valid: true, expires at: 1780953737220
winston:file: written true false
[2026-06-08T20:39:00.461Z] Checked if tokens are valid: true, expires at: 1780953737220
winston:file: written true false
[2026-06-08T20:39:00.461Z] >>> [apiv2][query] GET https://compute.googleapis.com/compute/v1/projects/126482806042 [none]
winston:file: logged 1008250 [debug] [2026-06-08T20:39:00.460Z] <<< [apiv2][status] GET https://compute.googleapis.com/compute/v1/projects/126482806042 403

winston:file: logged 1010254 [debug] [2026-06-08T20:39:00.460Z] <<< [apiv2][body] GET https://compute.googleapis.com/compute/v1/projects/126482806042 {"error":{"code":403,"message":"Compute Engine API has not been used in project 126482806042 before or it is disabled. Enable it by visiting https://console.developers.google.com/apis/api/compute.googleapis.com/overview?project=126482806042 then retry. If you enabled this API recently, wait a few minutes for the action to propagate to our systems and retry.","errors":[{"message":"Compute Engine API has not been used in project 126482806042 before or it is disabled. Enable it by visiting https://console.developers.google.com/apis/api/compute.googleapis.com/overview?project=126482806042 then retry. If you enabled this API recently, wait a few minutes for the action to propagate to our systems and retry.","domain":"usageLimits","reason":"accessNotConfigured","extendedHelp":"https://console.developers.google.com"}],"status":"PERMISSION_DENIED","details":[{"@type":"type.googleapis.com/google.rpc.ErrorInfo","reason":"SERVICE_DISABLED","domain":"googleapis.com","metadata":{"serviceTitle":"Compute Engine API","service":"compute.googleapis.com","containerInfo":"126482806042","activationUrl":"https://console.developers.google.com/apis/api/compute.googleapis.com/overview?project=126482806042","consumer":"projects/126482806042"}},{"@type":"type.googleapis.com/google.rpc.LocalizedMessage","locale":"en-US","message":"Compute Engine API has not been used in project 126482806042 before or it is disabled. Enable it by visiting https://console.developers.google.com/apis/api/compute.googleapis.com/overview?project=126482806042 then retry. If you enabled this API recently, wait a few minutes for the action to propagate to our systems and retry."},{"@type":"type.googleapis.com/google.rpc.Help","links":[{"description":"Google developers console API activation","url":"https://console.developers.google.com/apis/api/compute.googleapis.com/overview?project=126482806042"}]}]}}

winston:file: logged 1012844 [debug] [2026-06-08T20:39:00.461Z] unable to look up default compute service account. Falling back to 126482806042-compute@developer.gserviceaccount.com. Error: {"name":"FirebaseError","children":[],"context":{"body":{"error":{"code":403,"message":"Compute Engine API has not been used in project 126482806042 before or it is disabled. Enable it by visiting https://console.developers.google.com/apis/api/compute.googleapis.com/overview?project=126482806042 then retry. If you enabled this API recently, wait a few minutes for the action to propagate to our systems and retry.","errors":[{"message":"Compute Engine API has not been used in project 126482806042 before or it is disabled. Enable it by visiting https://console.developers.google.com/apis/api/compute.googleapis.com/overview?project=126482806042 then retry. If you enabled this API recently, wait a few minutes for the action to propagate to our systems and retry.","domain":"usageLimits","reason":"accessNotConfigured","extendedHelp":"https://console.developers.google.com"}],"status":"PERMISSION_DENIED","details":[{"@type":"type.googleapis.com/google.rpc.ErrorInfo","reason":"SERVICE_DISABLED","domain":"googleapis.com","metadata":{"serviceTitle":"Compute Engine API","service":"compute.googleapis.com","containerInfo":"126482806042","activationUrl":"https://console.developers.google.com/apis/api/compute.googleapis.com/overview?project=126482806042","consumer":"projects/126482806042"}},{"@type":"type.googleapis.com/google.rpc.LocalizedMessage","locale":"en-US","message":"Compute Engine API has not been used in project 126482806042 before or it is disabled. Enable it by visiting https://console.developers.google.com/apis/api/compute.googleapis.com/overview?project=126482806042 then retry. If you enabled this API recently, wait a few minutes for the action to propagate to our systems and retry."},{"@type":"type.googleapis.com/google.rpc.Help","links":[{"description":"Google developers console API activation","url":"https://console.developers.google.com/apis/api/compute.googleapis.com/overview?project=126482806042"}]}]}},"response":{"statusCode":403}},"exit":1,"message":"Request to https://compute.googleapis.com/compute/v1/projects/126482806042 had HTTP Error: 403, Compute Engine API has not been used in project 126482806042 before or it is disabled. Enable it by visiting https://console.developers.google.com/apis/api/compute.googleapis.com/overview?project=126482806042 then retry. If you enabled this API recently, wait a few minutes for the action to propagate to our systems and retry.","status":403}

winston:file: logged 1012940 [debug] [2026-06-08T20:39:00.461Z] Checked if tokens are valid: true, expires at: 1780953737220

winston:file: logged 1013036 [debug] [2026-06-08T20:39:00.461Z] Checked if tokens are valid: true, expires at: 1780953737220

winston:file: logged 1013165 [debug] [2026-06-08T20:39:00.461Z] >>> [apiv2][query] GET https://compute.googleapis.com/compute/v1/projects/126482806042 [none]

winston:file: written true false
[2026-06-08T20:39:00.619Z] <<< [apiv2][status] GET https://compute.googleapis.com/compute/v1/projects/126482806042 403
winston:file: written true false
[2026-06-08T20:39:00.619Z] <<< [apiv2][body] GET https://compute.googleapis.com/compute/v1/projects/126482806042 {"error":{"code":403,"message":"Compute Engine API has not been used in project 126482806042 before or it is disabled. Enable it by visiting https://console.developers.google.com/apis/api/compute.googleapis.com/overview?project=126482806042 then retry. If you enabled this API recently, wait a few minutes for the action to propagate to our systems and retry.","errors":[{"message":"Compute Engine API has not been used in project 126482806042 before or it is disabled. Enable it by visiting https://console.developers.google.com/apis/api/compute.googleapis.com/overview?project=126482806042 then retry. If you enabled this API recently, wait a few minutes for the action to propagate to our systems and retry.","domain":"usageLimits","reason":"accessNotConfigured","extendedHelp":"https://console.developers.google.com"}],"status":"PERMISSION_DENIED","details":[{"@type":"type.googleapis.com/google.rpc.ErrorInfo","reason":"SERVICE_DISABLED","domain":"googleapis.com","metadata":{"service":"compute.googleapis.com","activationUrl":"https://console.developers.google.com/apis/api/compute.googleapis.com/overview?project=126482806042","consumer":"projects/126482806042","serviceTitle":"Compute Engine API","containerInfo":"126482806042"}},{"@type":"type.googleapis.com/google.rpc.LocalizedMessage","locale":"en-US","message":"Compute Engine API has not been used in project 126482806042 before or it is disabled. Enable it by visiting https://console.developers.google.com/apis/api/compute.googleapis.com/overview?project=126482806042 then retry. If you enabled this API recently, wait a few minutes for the action to propagate to our systems and retry."},{"@type":"type.googleapis.com/google.rpc.Help","links":[{"description":"Google developers console API activation","url":"https://console.developers.google.com/apis/api/compute.googleapis.com/overview?project=126482806042"}]}]}}
winston:file: written true false
[2026-06-08T20:39:00.620Z] unable to look up default compute service account. Falling back to 126482806042-compute@developer.gserviceaccount.com. Error: {"name":"FirebaseError","children":[],"context":{"body":{"error":{"code":403,"message":"Compute Engine API has not been used in project 126482806042 before or it is disabled. Enable it by visiting https://console.developers.google.com/apis/api/compute.googleapis.com/overview?project=126482806042 then retry. If you enabled this API recently, wait a few minutes for the action to propagate to our systems and retry.","errors":[{"message":"Compute Engine API has not been used in project 126482806042 before or it is disabled. Enable it by visiting https://console.developers.google.com/apis/api/compute.googleapis.com/overview?project=126482806042 then retry. If you enabled this API recently, wait a few minutes for the action to propagate to our systems and retry.","domain":"usageLimits","reason":"accessNotConfigured","extendedHelp":"https://console.developers.google.com"}],"status":"PERMISSION_DENIED","details":[{"@type":"type.googleapis.com/google.rpc.ErrorInfo","reason":"SERVICE_DISABLED","domain":"googleapis.com","metadata":{"service":"compute.googleapis.com","activationUrl":"https://console.developers.google.com/apis/api/compute.googleapis.com/overview?project=126482806042","consumer":"projects/126482806042","serviceTitle":"Compute Engine API","containerInfo":"126482806042"}},{"@type":"type.googleapis.com/google.rpc.LocalizedMessage","locale":"en-US","message":"Compute Engine API has not been used in project 126482806042 before or it is disabled. Enable it by visiting https://console.developers.google.com/apis/api/compute.googleapis.com/overview?project=126482806042 then retry. If you enabled this API recently, wait a few minutes for the action to propagate to our systems and retry."},{"@type":"type.googleapis.com/google.rpc.Help","links":[{"description":"Google developers console API activation","url":"https://console.developers.google.com/apis/api/compute.googleapis.com/overview?project=126482806042"}]}]}},"response":{"statusCode":403}},"exit":1,"message":"Request to https://compute.googleapis.com/compute/v1/projects/126482806042 had HTTP Error: 403, Compute Engine API has not been used in project 126482806042 before or it is disabled. Enable it by visiting https://console.developers.google.com/apis/api/compute.googleapis.com/overview?project=126482806042 then retry. If you enabled this API recently, wait a few minutes for the action to propagate to our systems and retry.","status":403}
winston:file: written true false
[2026-06-08T20:39:00.620Z] Checked if tokens are valid: true, expires at: 1780953737220
winston:file: written true false
[2026-06-08T20:39:00.621Z] Checked if tokens are valid: true, expires at: 1780953737220
winston:file: written true false
[2026-06-08T20:39:00.621Z] >>> [apiv2][query] GET https://compute.googleapis.com/compute/v1/projects/126482806042 [none]
winston:file: logged 1013292 [debug] [2026-06-08T20:39:00.619Z] <<< [apiv2][status] GET https://compute.googleapis.com/compute/v1/projects/126482806042 403

winston:file: logged 1015296 [debug] [2026-06-08T20:39:00.619Z] <<< [apiv2][body] GET https://compute.googleapis.com/compute/v1/projects/126482806042 {"error":{"code":403,"message":"Compute Engine API has not been used in project 126482806042 before or it is disabled. Enable it by visiting https://console.developers.google.com/apis/api/compute.googleapis.com/overview?project=126482806042 then retry. If you enabled this API recently, wait a few minutes for the action to propagate to our systems and retry.","errors":[{"message":"Compute Engine API has not been used in project 126482806042 before or it is disabled. Enable it by visiting https://console.developers.google.com/apis/api/compute.googleapis.com/overview?project=126482806042 then retry. If you enabled this API recently, wait a few minutes for the action to propagate to our systems and retry.","domain":"usageLimits","reason":"accessNotConfigured","extendedHelp":"https://console.developers.google.com"}],"status":"PERMISSION_DENIED","details":[{"@type":"type.googleapis.com/google.rpc.ErrorInfo","reason":"SERVICE_DISABLED","domain":"googleapis.com","metadata":{"service":"compute.googleapis.com","activationUrl":"https://console.developers.google.com/apis/api/compute.googleapis.com/overview?project=126482806042","consumer":"projects/126482806042","serviceTitle":"Compute Engine API","containerInfo":"126482806042"}},{"@type":"type.googleapis.com/google.rpc.LocalizedMessage","locale":"en-US","message":"Compute Engine API has not been used in project 126482806042 before or it is disabled. Enable it by visiting https://console.developers.google.com/apis/api/compute.googleapis.com/overview?project=126482806042 then retry. If you enabled this API recently, wait a few minutes for the action to propagate to our systems and retry."},{"@type":"type.googleapis.com/google.rpc.Help","links":[{"description":"Google developers console API activation","url":"https://console.developers.google.com/apis/api/compute.googleapis.com/overview?project=126482806042"}]}]}}

winston:file: logged 1017886 [debug] [2026-06-08T20:39:00.620Z] unable to look up default compute service account. Falling back to 126482806042-compute@developer.gserviceaccount.com. Error: {"name":"FirebaseError","children":[],"context":{"body":{"error":{"code":403,"message":"Compute Engine API has not been used in project 126482806042 before or it is disabled. Enable it by visiting https://console.developers.google.com/apis/api/compute.googleapis.com/overview?project=126482806042 then retry. If you enabled this API recently, wait a few minutes for the action to propagate to our systems and retry.","errors":[{"message":"Compute Engine API has not been used in project 126482806042 before or it is disabled. Enable it by visiting https://console.developers.google.com/apis/api/compute.googleapis.com/overview?project=126482806042 then retry. If you enabled this API recently, wait a few minutes for the action to propagate to our systems and retry.","domain":"usageLimits","reason":"accessNotConfigured","extendedHelp":"https://console.developers.google.com"}],"status":"PERMISSION_DENIED","details":[{"@type":"type.googleapis.com/google.rpc.ErrorInfo","reason":"SERVICE_DISABLED","domain":"googleapis.com","metadata":{"service":"compute.googleapis.com","activationUrl":"https://console.developers.google.com/apis/api/compute.googleapis.com/overview?project=126482806042","consumer":"projects/126482806042","serviceTitle":"Compute Engine API","containerInfo":"126482806042"}},{"@type":"type.googleapis.com/google.rpc.LocalizedMessage","locale":"en-US","message":"Compute Engine API has not been used in project 126482806042 before or it is disabled. Enable it by visiting https://console.developers.google.com/apis/api/compute.googleapis.com/overview?project=126482806042 then retry. If you enabled this API recently, wait a few minutes for the action to propagate to our systems and retry."},{"@type":"type.googleapis.com/google.rpc.Help","links":[{"description":"Google developers console API activation","url":"https://console.developers.google.com/apis/api/compute.googleapis.com/overview?project=126482806042"}]}]}},"response":{"statusCode":403}},"exit":1,"message":"Request to https://compute.googleapis.com/compute/v1/projects/126482806042 had HTTP Error: 403, Compute Engine API has not been used in project 126482806042 before or it is disabled. Enable it by visiting https://console.developers.google.com/apis/api/compute.googleapis.com/overview?project=126482806042 then retry. If you enabled this API recently, wait a few minutes for the action to propagate to our systems and retry.","status":403}

winston:file: logged 1017982 [debug] [2026-06-08T20:39:00.620Z] Checked if tokens are valid: true, expires at: 1780953737220

winston:file: logged 1018078 [debug] [2026-06-08T20:39:00.621Z] Checked if tokens are valid: true, expires at: 1780953737220

winston:file: logged 1018207 [debug] [2026-06-08T20:39:00.621Z] >>> [apiv2][query] GET https://compute.googleapis.com/compute/v1/projects/126482806042 [none]

winston:file: written true false
[2026-06-08T20:39:00.788Z] <<< [apiv2][status] GET https://compute.googleapis.com/compute/v1/projects/126482806042 403
winston:file: written true false
[2026-06-08T20:39:00.788Z] <<< [apiv2][body] GET https://compute.googleapis.com/compute/v1/projects/126482806042 {"error":{"code":403,"message":"Compute Engine API has not been used in project 126482806042 before or it is disabled. Enable it by visiting https://console.developers.google.com/apis/api/compute.googleapis.com/overview?project=126482806042 then retry. If you enabled this API recently, wait a few minutes for the action to propagate to our systems and retry.","errors":[{"message":"Compute Engine API has not been used in project 126482806042 before or it is disabled. Enable it by visiting https://console.developers.google.com/apis/api/compute.googleapis.com/overview?project=126482806042 then retry. If you enabled this API recently, wait a few minutes for the action to propagate to our systems and retry.","domain":"usageLimits","reason":"accessNotConfigured","extendedHelp":"https://console.developers.google.com"}],"status":"PERMISSION_DENIED","details":[{"@type":"type.googleapis.com/google.rpc.ErrorInfo","reason":"SERVICE_DISABLED","domain":"googleapis.com","metadata":{"consumer":"projects/126482806042","containerInfo":"126482806042","service":"compute.googleapis.com","activationUrl":"https://console.developers.google.com/apis/api/compute.googleapis.com/overview?project=126482806042","serviceTitle":"Compute Engine API"}},{"@type":"type.googleapis.com/google.rpc.LocalizedMessage","locale":"en-US","message":"Compute Engine API has not been used in project 126482806042 before or it is disabled. Enable it by visiting https://console.developers.google.com/apis/api/compute.googleapis.com/overview?project=126482806042 then retry. If you enabled this API recently, wait a few minutes for the action to propagate to our systems and retry."},{"@type":"type.googleapis.com/google.rpc.Help","links":[{"description":"Google developers console API activation","url":"https://console.developers.google.com/apis/api/compute.googleapis.com/overview?project=126482806042"}]}]}}
winston:file: written true false
[2026-06-08T20:39:00.788Z] unable to look up default compute service account. Falling back to 126482806042-compute@developer.gserviceaccount.com. Error: {"name":"FirebaseError","children":[],"context":{"body":{"error":{"code":403,"message":"Compute Engine API has not been used in project 126482806042 before or it is disabled. Enable it by visiting https://console.developers.google.com/apis/api/compute.googleapis.com/overview?project=126482806042 then retry. If you enabled this API recently, wait a few minutes for the action to propagate to our systems and retry.","errors":[{"message":"Compute Engine API has not been used in project 126482806042 before or it is disabled. Enable it by visiting https://console.developers.google.com/apis/api/compute.googleapis.com/overview?project=126482806042 then retry. If you enabled this API recently, wait a few minutes for the action to propagate to our systems and retry.","domain":"usageLimits","reason":"accessNotConfigured","extendedHelp":"https://console.developers.google.com"}],"status":"PERMISSION_DENIED","details":[{"@type":"type.googleapis.com/google.rpc.ErrorInfo","reason":"SERVICE_DISABLED","domain":"googleapis.com","metadata":{"consumer":"projects/126482806042","containerInfo":"126482806042","service":"compute.googleapis.com","activationUrl":"https://console.developers.google.com/apis/api/compute.googleapis.com/overview?project=126482806042","serviceTitle":"Compute Engine API"}},{"@type":"type.googleapis.com/google.rpc.LocalizedMessage","locale":"en-US","message":"Compute Engine API has not been used in project 126482806042 before or it is disabled. Enable it by visiting https://console.developers.google.com/apis/api/compute.googleapis.com/overview?project=126482806042 then retry. If you enabled this API recently, wait a few minutes for the action to propagate to our systems and retry."},{"@type":"type.googleapis.com/google.rpc.Help","links":[{"description":"Google developers console API activation","url":"https://console.developers.google.com/apis/api/compute.googleapis.com/overview?project=126482806042"}]}]}},"response":{"statusCode":403}},"exit":1,"message":"Request to https://compute.googleapis.com/compute/v1/projects/126482806042 had HTTP Error: 403, Compute Engine API has not been used in project 126482806042 before or it is disabled. Enable it by visiting https://console.developers.google.com/apis/api/compute.googleapis.com/overview?project=126482806042 then retry. If you enabled this API recently, wait a few minutes for the action to propagate to our systems and retry.","status":403}
winston:file: written true false
[2026-06-08T20:39:00.789Z] Checked if tokens are valid: true, expires at: 1780953737220
winston:file: written true false
[2026-06-08T20:39:00.789Z] Checked if tokens are valid: true, expires at: 1780953737220
winston:file: written true false
[2026-06-08T20:39:00.789Z] >>> [apiv2][query] GET https://compute.googleapis.com/compute/v1/projects/126482806042 [none]
winston:file: logged 1018334 [debug] [2026-06-08T20:39:00.788Z] <<< [apiv2][status] GET https://compute.googleapis.com/compute/v1/projects/126482806042 403

winston:file: logged 1020338 [debug] [2026-06-08T20:39:00.788Z] <<< [apiv2][body] GET https://compute.googleapis.com/compute/v1/projects/126482806042 {"error":{"code":403,"message":"Compute Engine API has not been used in project 126482806042 before or it is disabled. Enable it by visiting https://console.developers.google.com/apis/api/compute.googleapis.com/overview?project=126482806042 then retry. If you enabled this API recently, wait a few minutes for the action to propagate to our systems and retry.","errors":[{"message":"Compute Engine API has not been used in project 126482806042 before or it is disabled. Enable it by visiting https://console.developers.google.com/apis/api/compute.googleapis.com/overview?project=126482806042 then retry. If you enabled this API recently, wait a few minutes for the action to propagate to our systems and retry.","domain":"usageLimits","reason":"accessNotConfigured","extendedHelp":"https://console.developers.google.com"}],"status":"PERMISSION_DENIED","details":[{"@type":"type.googleapis.com/google.rpc.ErrorInfo","reason":"SERVICE_DISABLED","domain":"googleapis.com","metadata":{"consumer":"projects/126482806042","containerInfo":"126482806042","service":"compute.googleapis.com","activationUrl":"https://console.developers.google.com/apis/api/compute.googleapis.com/overview?project=126482806042","serviceTitle":"Compute Engine API"}},{"@type":"type.googleapis.com/google.rpc.LocalizedMessage","locale":"en-US","message":"Compute Engine API has not been used in project 126482806042 before or it is disabled. Enable it by visiting https://console.developers.google.com/apis/api/compute.googleapis.com/overview?project=126482806042 then retry. If you enabled this API recently, wait a few minutes for the action to propagate to our systems and retry."},{"@type":"type.googleapis.com/google.rpc.Help","links":[{"description":"Google developers console API activation","url":"https://console.developers.google.com/apis/api/compute.googleapis.com/overview?project=126482806042"}]}]}}

winston:file: logged 1022928 [debug] [2026-06-08T20:39:00.788Z] unable to look up default compute service account. Falling back to 126482806042-compute@developer.gserviceaccount.com. Error: {"name":"FirebaseError","children":[],"context":{"body":{"error":{"code":403,"message":"Compute Engine API has not been used in project 126482806042 before or it is disabled. Enable it by visiting https://console.developers.google.com/apis/api/compute.googleapis.com/overview?project=126482806042 then retry. If you enabled this API recently, wait a few minutes for the action to propagate to our systems and retry.","errors":[{"message":"Compute Engine API has not been used in project 126482806042 before or it is disabled. Enable it by visiting https://console.developers.google.com/apis/api/compute.googleapis.com/overview?project=126482806042 then retry. If you enabled this API recently, wait a few minutes for the action to propagate to our systems and retry.","domain":"usageLimits","reason":"accessNotConfigured","extendedHelp":"https://console.developers.google.com"}],"status":"PERMISSION_DENIED","details":[{"@type":"type.googleapis.com/google.rpc.ErrorInfo","reason":"SERVICE_DISABLED","domain":"googleapis.com","metadata":{"consumer":"projects/126482806042","containerInfo":"126482806042","service":"compute.googleapis.com","activationUrl":"https://console.developers.google.com/apis/api/compute.googleapis.com/overview?project=126482806042","serviceTitle":"Compute Engine API"}},{"@type":"type.googleapis.com/google.rpc.LocalizedMessage","locale":"en-US","message":"Compute Engine API has not been used in project 126482806042 before or it is disabled. Enable it by visiting https://console.developers.google.com/apis/api/compute.googleapis.com/overview?project=126482806042 then retry. If you enabled this API recently, wait a few minutes for the action to propagate to our systems and retry."},{"@type":"type.googleapis.com/google.rpc.Help","links":[{"description":"Google developers console API activation","url":"https://console.developers.google.com/apis/api/compute.googleapis.com/overview?project=126482806042"}]}]}},"response":{"statusCode":403}},"exit":1,"message":"Request to https://compute.googleapis.com/compute/v1/projects/126482806042 had HTTP Error: 403, Compute Engine API has not been used in project 126482806042 before or it is disabled. Enable it by visiting https://console.developers.google.com/apis/api/compute.googleapis.com/overview?project=126482806042 then retry. If you enabled this API recently, wait a few minutes for the action to propagate to our systems and retry.","status":403}

winston:file: logged 1023024 [debug] [2026-06-08T20:39:00.789Z] Checked if tokens are valid: true, expires at: 1780953737220

winston:file: logged 1023120 [debug] [2026-06-08T20:39:00.789Z] Checked if tokens are valid: true, expires at: 1780953737220

winston:file: logged 1023249 [debug] [2026-06-08T20:39:00.789Z] >>> [apiv2][query] GET https://compute.googleapis.com/compute/v1/projects/126482806042 [none]

winston:file: written true false
[2026-06-08T20:39:00.949Z] <<< [apiv2][status] GET https://compute.googleapis.com/compute/v1/projects/126482806042 403
winston:file: written true false
[2026-06-08T20:39:00.949Z] <<< [apiv2][body] GET https://compute.googleapis.com/compute/v1/projects/126482806042 {"error":{"code":403,"message":"Compute Engine API has not been used in project 126482806042 before or it is disabled. Enable it by visiting https://console.developers.google.com/apis/api/compute.googleapis.com/overview?project=126482806042 then retry. If you enabled this API recently, wait a few minutes for the action to propagate to our systems and retry.","errors":[{"message":"Compute Engine API has not been used in project 126482806042 before or it is disabled. Enable it by visiting https://console.developers.google.com/apis/api/compute.googleapis.com/overview?project=126482806042 then retry. If you enabled this API recently, wait a few minutes for the action to propagate to our systems and retry.","domain":"usageLimits","reason":"accessNotConfigured","extendedHelp":"https://console.developers.google.com"}],"status":"PERMISSION_DENIED","details":[{"@type":"type.googleapis.com/google.rpc.ErrorInfo","reason":"SERVICE_DISABLED","domain":"googleapis.com","metadata":{"containerInfo":"126482806042","activationUrl":"https://console.developers.google.com/apis/api/compute.googleapis.com/overview?project=126482806042","consumer":"projects/126482806042","service":"compute.googleapis.com","serviceTitle":"Compute Engine API"}},{"@type":"type.googleapis.com/google.rpc.LocalizedMessage","locale":"en-US","message":"Compute Engine API has not been used in project 126482806042 before or it is disabled. Enable it by visiting https://console.developers.google.com/apis/api/compute.googleapis.com/overview?project=126482806042 then retry. If you enabled this API recently, wait a few minutes for the action to propagate to our systems and retry."},{"@type":"type.googleapis.com/google.rpc.Help","links":[{"description":"Google developers console API activation","url":"https://console.developers.google.com/apis/api/compute.googleapis.com/overview?project=126482806042"}]}]}}
winston:file: written true false
[2026-06-08T20:39:00.950Z] unable to look up default compute service account. Falling back to 126482806042-compute@developer.gserviceaccount.com. Error: {"name":"FirebaseError","children":[],"context":{"body":{"error":{"code":403,"message":"Compute Engine API has not been used in project 126482806042 before or it is disabled. Enable it by visiting https://console.developers.google.com/apis/api/compute.googleapis.com/overview?project=126482806042 then retry. If you enabled this API recently, wait a few minutes for the action to propagate to our systems and retry.","errors":[{"message":"Compute Engine API has not been used in project 126482806042 before or it is disabled. Enable it by visiting https://console.developers.google.com/apis/api/compute.googleapis.com/overview?project=126482806042 then retry. If you enabled this API recently, wait a few minutes for the action to propagate to our systems and retry.","domain":"usageLimits","reason":"accessNotConfigured","extendedHelp":"https://console.developers.google.com"}],"status":"PERMISSION_DENIED","details":[{"@type":"type.googleapis.com/google.rpc.ErrorInfo","reason":"SERVICE_DISABLED","domain":"googleapis.com","metadata":{"containerInfo":"126482806042","activationUrl":"https://console.developers.google.com/apis/api/compute.googleapis.com/overview?project=126482806042","consumer":"projects/126482806042","service":"compute.googleapis.com","serviceTitle":"Compute Engine API"}},{"@type":"type.googleapis.com/google.rpc.LocalizedMessage","locale":"en-US","message":"Compute Engine API has not been used in project 126482806042 before or it is disabled. Enable it by visiting https://console.developers.google.com/apis/api/compute.googleapis.com/overview?project=126482806042 then retry. If you enabled this API recently, wait a few minutes for the action to propagate to our systems and retry."},{"@type":"type.googleapis.com/google.rpc.Help","links":[{"description":"Google developers console API activation","url":"https://console.developers.google.com/apis/api/compute.googleapis.com/overview?project=126482806042"}]}]}},"response":{"statusCode":403}},"exit":1,"message":"Request to https://compute.googleapis.com/compute/v1/projects/126482806042 had HTTP Error: 403, Compute Engine API has not been used in project 126482806042 before or it is disabled. Enable it by visiting https://console.developers.google.com/apis/api/compute.googleapis.com/overview?project=126482806042 then retry. If you enabled this API recently, wait a few minutes for the action to propagate to our systems and retry.","status":403}
winston:file: written true false
[2026-06-08T20:39:00.950Z] Checked if tokens are valid: true, expires at: 1780953737220
winston:file: written true false
[2026-06-08T20:39:00.950Z] Checked if tokens are valid: true, expires at: 1780953737220
winston:file: written true false
[2026-06-08T20:39:00.951Z] >>> [apiv2][query] GET https://compute.googleapis.com/compute/v1/projects/126482806042 [none]
winston:file: logged 1023376 [debug] [2026-06-08T20:39:00.949Z] <<< [apiv2][status] GET https://compute.googleapis.com/compute/v1/projects/126482806042 403

winston:file: logged 1025380 [debug] [2026-06-08T20:39:00.949Z] <<< [apiv2][body] GET https://compute.googleapis.com/compute/v1/projects/126482806042 {"error":{"code":403,"message":"Compute Engine API has not been used in project 126482806042 before or it is disabled. Enable it by visiting https://console.developers.google.com/apis/api/compute.googleapis.com/overview?project=126482806042 then retry. If you enabled this API recently, wait a few minutes for the action to propagate to our systems and retry.","errors":[{"message":"Compute Engine API has not been used in project 126482806042 before or it is disabled. Enable it by visiting https://console.developers.google.com/apis/api/compute.googleapis.com/overview?project=126482806042 then retry. If you enabled this API recently, wait a few minutes for the action to propagate to our systems and retry.","domain":"usageLimits","reason":"accessNotConfigured","extendedHelp":"https://console.developers.google.com"}],"status":"PERMISSION_DENIED","details":[{"@type":"type.googleapis.com/google.rpc.ErrorInfo","reason":"SERVICE_DISABLED","domain":"googleapis.com","metadata":{"containerInfo":"126482806042","activationUrl":"https://console.developers.google.com/apis/api/compute.googleapis.com/overview?project=126482806042","consumer":"projects/126482806042","service":"compute.googleapis.com","serviceTitle":"Compute Engine API"}},{"@type":"type.googleapis.com/google.rpc.LocalizedMessage","locale":"en-US","message":"Compute Engine API has not been used in project 126482806042 before or it is disabled. Enable it by visiting https://console.developers.google.com/apis/api/compute.googleapis.com/overview?project=126482806042 then retry. If you enabled this API recently, wait a few minutes for the action to propagate to our systems and retry."},{"@type":"type.googleapis.com/google.rpc.Help","links":[{"description":"Google developers console API activation","url":"https://console.developers.google.com/apis/api/compute.googleapis.com/overview?project=126482806042"}]}]}}

winston:file: logged 1027970 [debug] [2026-06-08T20:39:00.950Z] unable to look up default compute service account. Falling back to 126482806042-compute@developer.gserviceaccount.com. Error: {"name":"FirebaseError","children":[],"context":{"body":{"error":{"code":403,"message":"Compute Engine API has not been used in project 126482806042 before or it is disabled. Enable it by visiting https://console.developers.google.com/apis/api/compute.googleapis.com/overview?project=126482806042 then retry. If you enabled this API recently, wait a few minutes for the action to propagate to our systems and retry.","errors":[{"message":"Compute Engine API has not been used in project 126482806042 before or it is disabled. Enable it by visiting https://console.developers.google.com/apis/api/compute.googleapis.com/overview?project=126482806042 then retry. If you enabled this API recently, wait a few minutes for the action to propagate to our systems and retry.","domain":"usageLimits","reason":"accessNotConfigured","extendedHelp":"https://console.developers.google.com"}],"status":"PERMISSION_DENIED","details":[{"@type":"type.googleapis.com/google.rpc.ErrorInfo","reason":"SERVICE_DISABLED","domain":"googleapis.com","metadata":{"containerInfo":"126482806042","activationUrl":"https://console.developers.google.com/apis/api/compute.googleapis.com/overview?project=126482806042","consumer":"projects/126482806042","service":"compute.googleapis.com","serviceTitle":"Compute Engine API"}},{"@type":"type.googleapis.com/google.rpc.LocalizedMessage","locale":"en-US","message":"Compute Engine API has not been used in project 126482806042 before or it is disabled. Enable it by visiting https://console.developers.google.com/apis/api/compute.googleapis.com/overview?project=126482806042 then retry. If you enabled this API recently, wait a few minutes for the action to propagate to our systems and retry."},{"@type":"type.googleapis.com/google.rpc.Help","links":[{"description":"Google developers console API activation","url":"https://console.developers.google.com/apis/api/compute.googleapis.com/overview?project=126482806042"}]}]}},"response":{"statusCode":403}},"exit":1,"message":"Request to https://compute.googleapis.com/compute/v1/projects/126482806042 had HTTP Error: 403, Compute Engine API has not been used in project 126482806042 before or it is disabled. Enable it by visiting https://console.developers.google.com/apis/api/compute.googleapis.com/overview?project=126482806042 then retry. If you enabled this API recently, wait a few minutes for the action to propagate to our systems and retry.","status":403}

winston:file: logged 1028066 [debug] [2026-06-08T20:39:00.950Z] Checked if tokens are valid: true, expires at: 1780953737220

winston:file: logged 1028162 [debug] [2026-06-08T20:39:00.950Z] Checked if tokens are valid: true, expires at: 1780953737220

winston:file: logged 1028291 [debug] [2026-06-08T20:39:00.951Z] >>> [apiv2][query] GET https://compute.googleapis.com/compute/v1/projects/126482806042 [none]

winston:file: written true false
[2026-06-08T20:39:01.098Z] <<< [apiv2][status] GET https://compute.googleapis.com/compute/v1/projects/126482806042 403
winston:file: written true false
[2026-06-08T20:39:01.098Z] <<< [apiv2][body] GET https://compute.googleapis.com/compute/v1/projects/126482806042 {"error":{"code":403,"message":"Compute Engine API has not been used in project 126482806042 before or it is disabled. Enable it by visiting https://console.developers.google.com/apis/api/compute.googleapis.com/overview?project=126482806042 then retry. If you enabled this API recently, wait a few minutes for the action to propagate to our systems and retry.","errors":[{"message":"Compute Engine API has not been used in project 126482806042 before or it is disabled. Enable it by visiting https://console.developers.google.com/apis/api/compute.googleapis.com/overview?project=126482806042 then retry. If you enabled this API recently, wait a few minutes for the action to propagate to our systems and retry.","domain":"usageLimits","reason":"accessNotConfigured","extendedHelp":"https://console.developers.google.com"}],"status":"PERMISSION_DENIED","details":[{"@type":"type.googleapis.com/google.rpc.ErrorInfo","reason":"SERVICE_DISABLED","domain":"googleapis.com","metadata":{"serviceTitle":"Compute Engine API","containerInfo":"126482806042","activationUrl":"https://console.developers.google.com/apis/api/compute.googleapis.com/overview?project=126482806042","service":"compute.googleapis.com","consumer":"projects/126482806042"}},{"@type":"type.googleapis.com/google.rpc.LocalizedMessage","locale":"en-US","message":"Compute Engine API has not been used in project 126482806042 before or it is disabled. Enable it by visiting https://console.developers.google.com/apis/api/compute.googleapis.com/overview?project=126482806042 then retry. If you enabled this API recently, wait a few minutes for the action to propagate to our systems and retry."},{"@type":"type.googleapis.com/google.rpc.Help","links":[{"description":"Google developers console API activation","url":"https://console.developers.google.com/apis/api/compute.googleapis.com/overview?project=126482806042"}]}]}}
winston:file: written true false
[2026-06-08T20:39:01.099Z] unable to look up default compute service account. Falling back to 126482806042-compute@developer.gserviceaccount.com. Error: {"name":"FirebaseError","children":[],"context":{"body":{"error":{"code":403,"message":"Compute Engine API has not been used in project 126482806042 before or it is disabled. Enable it by visiting https://console.developers.google.com/apis/api/compute.googleapis.com/overview?project=126482806042 then retry. If you enabled this API recently, wait a few minutes for the action to propagate to our systems and retry.","errors":[{"message":"Compute Engine API has not been used in project 126482806042 before or it is disabled. Enable it by visiting https://console.developers.google.com/apis/api/compute.googleapis.com/overview?project=126482806042 then retry. If you enabled this API recently, wait a few minutes for the action to propagate to our systems and retry.","domain":"usageLimits","reason":"accessNotConfigured","extendedHelp":"https://console.developers.google.com"}],"status":"PERMISSION_DENIED","details":[{"@type":"type.googleapis.com/google.rpc.ErrorInfo","reason":"SERVICE_DISABLED","domain":"googleapis.com","metadata":{"serviceTitle":"Compute Engine API","containerInfo":"126482806042","activationUrl":"https://console.developers.google.com/apis/api/compute.googleapis.com/overview?project=126482806042","service":"compute.googleapis.com","consumer":"projects/126482806042"}},{"@type":"type.googleapis.com/google.rpc.LocalizedMessage","locale":"en-US","message":"Compute Engine API has not been used in project 126482806042 before or it is disabled. Enable it by visiting https://console.developers.google.com/apis/api/compute.googleapis.com/overview?project=126482806042 then retry. If you enabled this API recently, wait a few minutes for the action to propagate to our systems and retry."},{"@type":"type.googleapis.com/google.rpc.Help","links":[{"description":"Google developers console API activation","url":"https://console.developers.google.com/apis/api/compute.googleapis.com/overview?project=126482806042"}]}]}},"response":{"statusCode":403}},"exit":1,"message":"Request to https://compute.googleapis.com/compute/v1/projects/126482806042 had HTTP Error: 403, Compute Engine API has not been used in project 126482806042 before or it is disabled. Enable it by visiting https://console.developers.google.com/apis/api/compute.googleapis.com/overview?project=126482806042 then retry. If you enabled this API recently, wait a few minutes for the action to propagate to our systems and retry.","status":403}
winston:file: written true false
[2026-06-08T20:39:01.099Z] Checked if tokens are valid: true, expires at: 1780953737220
winston:file: written true false
[2026-06-08T20:39:01.099Z] Checked if tokens are valid: true, expires at: 1780953737220
winston:file: written true false
[2026-06-08T20:39:01.099Z] >>> [apiv2][query] GET https://compute.googleapis.com/compute/v1/projects/126482806042 [none]
winston:file: logged 1028418 [debug] [2026-06-08T20:39:01.098Z] <<< [apiv2][status] GET https://compute.googleapis.com/compute/v1/projects/126482806042 403

winston:file: logged 1030422 [debug] [2026-06-08T20:39:01.098Z] <<< [apiv2][body] GET https://compute.googleapis.com/compute/v1/projects/126482806042 {"error":{"code":403,"message":"Compute Engine API has not been used in project 126482806042 before or it is disabled. Enable it by visiting https://console.developers.google.com/apis/api/compute.googleapis.com/overview?project=126482806042 then retry. If you enabled this API recently, wait a few minutes for the action to propagate to our systems and retry.","errors":[{"message":"Compute Engine API has not been used in project 126482806042 before or it is disabled. Enable it by visiting https://console.developers.google.com/apis/api/compute.googleapis.com/overview?project=126482806042 then retry. If you enabled this API recently, wait a few minutes for the action to propagate to our systems and retry.","domain":"usageLimits","reason":"accessNotConfigured","extendedHelp":"https://console.developers.google.com"}],"status":"PERMISSION_DENIED","details":[{"@type":"type.googleapis.com/google.rpc.ErrorInfo","reason":"SERVICE_DISABLED","domain":"googleapis.com","metadata":{"serviceTitle":"Compute Engine API","containerInfo":"126482806042","activationUrl":"https://console.developers.google.com/apis/api/compute.googleapis.com/overview?project=126482806042","service":"compute.googleapis.com","consumer":"projects/126482806042"}},{"@type":"type.googleapis.com/google.rpc.LocalizedMessage","locale":"en-US","message":"Compute Engine API has not been used in project 126482806042 before or it is disabled. Enable it by visiting https://console.developers.google.com/apis/api/compute.googleapis.com/overview?project=126482806042 then retry. If you enabled this API recently, wait a few minutes for the action to propagate to our systems and retry."},{"@type":"type.googleapis.com/google.rpc.Help","links":[{"description":"Google developers console API activation","url":"https://console.developers.google.com/apis/api/compute.googleapis.com/overview?project=126482806042"}]}]}}

winston:file: logged 1033012 [debug] [2026-06-08T20:39:01.099Z] unable to look up default compute service account. Falling back to 126482806042-compute@developer.gserviceaccount.com. Error: {"name":"FirebaseError","children":[],"context":{"body":{"error":{"code":403,"message":"Compute Engine API has not been used in project 126482806042 before or it is disabled. Enable it by visiting https://console.developers.google.com/apis/api/compute.googleapis.com/overview?project=126482806042 then retry. If you enabled this API recently, wait a few minutes for the action to propagate to our systems and retry.","errors":[{"message":"Compute Engine API has not been used in project 126482806042 before or it is disabled. Enable it by visiting https://console.developers.google.com/apis/api/compute.googleapis.com/overview?project=126482806042 then retry. If you enabled this API recently, wait a few minutes for the action to propagate to our systems and retry.","domain":"usageLimits","reason":"accessNotConfigured","extendedHelp":"https://console.developers.google.com"}],"status":"PERMISSION_DENIED","details":[{"@type":"type.googleapis.com/google.rpc.ErrorInfo","reason":"SERVICE_DISABLED","domain":"googleapis.com","metadata":{"serviceTitle":"Compute Engine API","containerInfo":"126482806042","activationUrl":"https://console.developers.google.com/apis/api/compute.googleapis.com/overview?project=126482806042","service":"compute.googleapis.com","consumer":"projects/126482806042"}},{"@type":"type.googleapis.com/google.rpc.LocalizedMessage","locale":"en-US","message":"Compute Engine API has not been used in project 126482806042 before or it is disabled. Enable it by visiting https://console.developers.google.com/apis/api/compute.googleapis.com/overview?project=126482806042 then retry. If you enabled this API recently, wait a few minutes for the action to propagate to our systems and retry."},{"@type":"type.googleapis.com/google.rpc.Help","links":[{"description":"Google developers console API activation","url":"https://console.developers.google.com/apis/api/compute.googleapis.com/overview?project=126482806042"}]}]}},"response":{"statusCode":403}},"exit":1,"message":"Request to https://compute.googleapis.com/compute/v1/projects/126482806042 had HTTP Error: 403, Compute Engine API has not been used in project 126482806042 before or it is disabled. Enable it by visiting https://console.developers.google.com/apis/api/compute.googleapis.com/overview?project=126482806042 then retry. If you enabled this API recently, wait a few minutes for the action to propagate to our systems and retry.","status":403}

winston:file: logged 1033108 [debug] [2026-06-08T20:39:01.099Z] Checked if tokens are valid: true, expires at: 1780953737220

winston:file: logged 1033204 [debug] [2026-06-08T20:39:01.099Z] Checked if tokens are valid: true, expires at: 1780953737220

winston:file: logged 1033333 [debug] [2026-06-08T20:39:01.099Z] >>> [apiv2][query] GET https://compute.googleapis.com/compute/v1/projects/126482806042 [none]

winston:file: written true false
[2026-06-08T20:39:01.276Z] <<< [apiv2][status] GET https://compute.googleapis.com/compute/v1/projects/126482806042 403
winston:file: written true false
[2026-06-08T20:39:01.277Z] <<< [apiv2][body] GET https://compute.googleapis.com/compute/v1/projects/126482806042 {"error":{"code":403,"message":"Compute Engine API has not been used in project 126482806042 before or it is disabled. Enable it by visiting https://console.developers.google.com/apis/api/compute.googleapis.com/overview?project=126482806042 then retry. If you enabled this API recently, wait a few minutes for the action to propagate to our systems and retry.","errors":[{"message":"Compute Engine API has not been used in project 126482806042 before or it is disabled. Enable it by visiting https://console.developers.google.com/apis/api/compute.googleapis.com/overview?project=126482806042 then retry. If you enabled this API recently, wait a few minutes for the action to propagate to our systems and retry.","domain":"usageLimits","reason":"accessNotConfigured","extendedHelp":"https://console.developers.google.com"}],"status":"PERMISSION_DENIED","details":[{"@type":"type.googleapis.com/google.rpc.ErrorInfo","reason":"SERVICE_DISABLED","domain":"googleapis.com","metadata":{"serviceTitle":"Compute Engine API","consumer":"projects/126482806042","activationUrl":"https://console.developers.google.com/apis/api/compute.googleapis.com/overview?project=126482806042","containerInfo":"126482806042","service":"compute.googleapis.com"}},{"@type":"type.googleapis.com/google.rpc.LocalizedMessage","locale":"en-US","message":"Compute Engine API has not been used in project 126482806042 before or it is disabled. Enable it by visiting https://console.developers.google.com/apis/api/compute.googleapis.com/overview?project=126482806042 then retry. If you enabled this API recently, wait a few minutes for the action to propagate to our systems and retry."},{"@type":"type.googleapis.com/google.rpc.Help","links":[{"description":"Google developers console API activation","url":"https://console.developers.google.com/apis/api/compute.googleapis.com/overview?project=126482806042"}]}]}}
winston:file: written true false
[2026-06-08T20:39:01.278Z] unable to look up default compute service account. Falling back to 126482806042-compute@developer.gserviceaccount.com. Error: {"name":"FirebaseError","children":[],"context":{"body":{"error":{"code":403,"message":"Compute Engine API has not been used in project 126482806042 before or it is disabled. Enable it by visiting https://console.developers.google.com/apis/api/compute.googleapis.com/overview?project=126482806042 then retry. If you enabled this API recently, wait a few minutes for the action to propagate to our systems and retry.","errors":[{"message":"Compute Engine API has not been used in project 126482806042 before or it is disabled. Enable it by visiting https://console.developers.google.com/apis/api/compute.googleapis.com/overview?project=126482806042 then retry. If you enabled this API recently, wait a few minutes for the action to propagate to our systems and retry.","domain":"usageLimits","reason":"accessNotConfigured","extendedHelp":"https://console.developers.google.com"}],"status":"PERMISSION_DENIED","details":[{"@type":"type.googleapis.com/google.rpc.ErrorInfo","reason":"SERVICE_DISABLED","domain":"googleapis.com","metadata":{"serviceTitle":"Compute Engine API","consumer":"projects/126482806042","activationUrl":"https://console.developers.google.com/apis/api/compute.googleapis.com/overview?project=126482806042","containerInfo":"126482806042","service":"compute.googleapis.com"}},{"@type":"type.googleapis.com/google.rpc.LocalizedMessage","locale":"en-US","message":"Compute Engine API has not been used in project 126482806042 before or it is disabled. Enable it by visiting https://console.developers.google.com/apis/api/compute.googleapis.com/overview?project=126482806042 then retry. If you enabled this API recently, wait a few minutes for the action to propagate to our systems and retry."},{"@type":"type.googleapis.com/google.rpc.Help","links":[{"description":"Google developers console API activation","url":"https://console.developers.google.com/apis/api/compute.googleapis.com/overview?project=126482806042"}]}]}},"response":{"statusCode":403}},"exit":1,"message":"Request to https://compute.googleapis.com/compute/v1/projects/126482806042 had HTTP Error: 403, Compute Engine API has not been used in project 126482806042 before or it is disabled. Enable it by visiting https://console.developers.google.com/apis/api/compute.googleapis.com/overview?project=126482806042 then retry. If you enabled this API recently, wait a few minutes for the action to propagate to our systems and retry.","status":403}
winston:file: written true false
[2026-06-08T20:39:01.278Z] Checked if tokens are valid: true, expires at: 1780953737220
winston:file: written true false
[2026-06-08T20:39:01.279Z] Checked if tokens are valid: true, expires at: 1780953737220
winston:file: written true false
[2026-06-08T20:39:01.279Z] >>> [apiv2][query] GET https://compute.googleapis.com/compute/v1/projects/126482806042 [none]
winston:file: logged 1033460 [debug] [2026-06-08T20:39:01.276Z] <<< [apiv2][status] GET https://compute.googleapis.com/compute/v1/projects/126482806042 403

winston:file: logged 1035464 [debug] [2026-06-08T20:39:01.277Z] <<< [apiv2][body] GET https://compute.googleapis.com/compute/v1/projects/126482806042 {"error":{"code":403,"message":"Compute Engine API has not been used in project 126482806042 before or it is disabled. Enable it by visiting https://console.developers.google.com/apis/api/compute.googleapis.com/overview?project=126482806042 then retry. If you enabled this API recently, wait a few minutes for the action to propagate to our systems and retry.","errors":[{"message":"Compute Engine API has not been used in project 126482806042 before or it is disabled. Enable it by visiting https://console.developers.google.com/apis/api/compute.googleapis.com/overview?project=126482806042 then retry. If you enabled this API recently, wait a few minutes for the action to propagate to our systems and retry.","domain":"usageLimits","reason":"accessNotConfigured","extendedHelp":"https://console.developers.google.com"}],"status":"PERMISSION_DENIED","details":[{"@type":"type.googleapis.com/google.rpc.ErrorInfo","reason":"SERVICE_DISABLED","domain":"googleapis.com","metadata":{"serviceTitle":"Compute Engine API","consumer":"projects/126482806042","activationUrl":"https://console.developers.google.com/apis/api/compute.googleapis.com/overview?project=126482806042","containerInfo":"126482806042","service":"compute.googleapis.com"}},{"@type":"type.googleapis.com/google.rpc.LocalizedMessage","locale":"en-US","message":"Compute Engine API has not been used in project 126482806042 before or it is disabled. Enable it by visiting https://console.developers.google.com/apis/api/compute.googleapis.com/overview?project=126482806042 then retry. If you enabled this API recently, wait a few minutes for the action to propagate to our systems and retry."},{"@type":"type.googleapis.com/google.rpc.Help","links":[{"description":"Google developers console API activation","url":"https://console.developers.google.com/apis/api/compute.googleapis.com/overview?project=126482806042"}]}]}}

winston:file: logged 1038054 [debug] [2026-06-08T20:39:01.278Z] unable to look up default compute service account. Falling back to 126482806042-compute@developer.gserviceaccount.com. Error: {"name":"FirebaseError","children":[],"context":{"body":{"error":{"code":403,"message":"Compute Engine API has not been used in project 126482806042 before or it is disabled. Enable it by visiting https://console.developers.google.com/apis/api/compute.googleapis.com/overview?project=126482806042 then retry. If you enabled this API recently, wait a few minutes for the action to propagate to our systems and retry.","errors":[{"message":"Compute Engine API has not been used in project 126482806042 before or it is disabled. Enable it by visiting https://console.developers.google.com/apis/api/compute.googleapis.com/overview?project=126482806042 then retry. If you enabled this API recently, wait a few minutes for the action to propagate to our systems and retry.","domain":"usageLimits","reason":"accessNotConfigured","extendedHelp":"https://console.developers.google.com"}],"status":"PERMISSION_DENIED","details":[{"@type":"type.googleapis.com/google.rpc.ErrorInfo","reason":"SERVICE_DISABLED","domain":"googleapis.com","metadata":{"serviceTitle":"Compute Engine API","consumer":"projects/126482806042","activationUrl":"https://console.developers.google.com/apis/api/compute.googleapis.com/overview?project=126482806042","containerInfo":"126482806042","service":"compute.googleapis.com"}},{"@type":"type.googleapis.com/google.rpc.LocalizedMessage","locale":"en-US","message":"Compute Engine API has not been used in project 126482806042 before or it is disabled. Enable it by visiting https://console.developers.google.com/apis/api/compute.googleapis.com/overview?project=126482806042 then retry. If you enabled this API recently, wait a few minutes for the action to propagate to our systems and retry."},{"@type":"type.googleapis.com/google.rpc.Help","links":[{"description":"Google developers console API activation","url":"https://console.developers.google.com/apis/api/compute.googleapis.com/overview?project=126482806042"}]}]}},"response":{"statusCode":403}},"exit":1,"message":"Request to https://compute.googleapis.com/compute/v1/projects/126482806042 had HTTP Error: 403, Compute Engine API has not been used in project 126482806042 before or it is disabled. Enable it by visiting https://console.developers.google.com/apis/api/compute.googleapis.com/overview?project=126482806042 then retry. If you enabled this API recently, wait a few minutes for the action to propagate to our systems and retry.","status":403}

winston:file: logged 1038150 [debug] [2026-06-08T20:39:01.278Z] Checked if tokens are valid: true, expires at: 1780953737220

winston:file: logged 1038246 [debug] [2026-06-08T20:39:01.279Z] Checked if tokens are valid: true, expires at: 1780953737220

winston:file: logged 1038375 [debug] [2026-06-08T20:39:01.279Z] >>> [apiv2][query] GET https://compute.googleapis.com/compute/v1/projects/126482806042 [none]

winston:file: written true false
[2026-06-08T20:39:01.500Z] <<< [apiv2][status] GET https://compute.googleapis.com/compute/v1/projects/126482806042 403
winston:file: written true false
[2026-06-08T20:39:01.500Z] <<< [apiv2][body] GET https://compute.googleapis.com/compute/v1/projects/126482806042 {"error":{"code":403,"message":"Compute Engine API has not been used in project 126482806042 before or it is disabled. Enable it by visiting https://console.developers.google.com/apis/api/compute.googleapis.com/overview?project=126482806042 then retry. If you enabled this API recently, wait a few minutes for the action to propagate to our systems and retry.","errors":[{"message":"Compute Engine API has not been used in project 126482806042 before or it is disabled. Enable it by visiting https://console.developers.google.com/apis/api/compute.googleapis.com/overview?project=126482806042 then retry. If you enabled this API recently, wait a few minutes for the action to propagate to our systems and retry.","domain":"usageLimits","reason":"accessNotConfigured","extendedHelp":"https://console.developers.google.com"}],"status":"PERMISSION_DENIED","details":[{"@type":"type.googleapis.com/google.rpc.ErrorInfo","reason":"SERVICE_DISABLED","domain":"googleapis.com","metadata":{"activationUrl":"https://console.developers.google.com/apis/api/compute.googleapis.com/overview?project=126482806042","consumer":"projects/126482806042","containerInfo":"126482806042","service":"compute.googleapis.com","serviceTitle":"Compute Engine API"}},{"@type":"type.googleapis.com/google.rpc.LocalizedMessage","locale":"en-US","message":"Compute Engine API has not been used in project 126482806042 before or it is disabled. Enable it by visiting https://console.developers.google.com/apis/api/compute.googleapis.com/overview?project=126482806042 then retry. If you enabled this API recently, wait a few minutes for the action to propagate to our systems and retry."},{"@type":"type.googleapis.com/google.rpc.Help","links":[{"description":"Google developers console API activation","url":"https://console.developers.google.com/apis/api/compute.googleapis.com/overview?project=126482806042"}]}]}}
winston:file: written true false
[2026-06-08T20:39:01.501Z] unable to look up default compute service account. Falling back to 126482806042-compute@developer.gserviceaccount.com. Error: {"name":"FirebaseError","children":[],"context":{"body":{"error":{"code":403,"message":"Compute Engine API has not been used in project 126482806042 before or it is disabled. Enable it by visiting https://console.developers.google.com/apis/api/compute.googleapis.com/overview?project=126482806042 then retry. If you enabled this API recently, wait a few minutes for the action to propagate to our systems and retry.","errors":[{"message":"Compute Engine API has not been used in project 126482806042 before or it is disabled. Enable it by visiting https://console.developers.google.com/apis/api/compute.googleapis.com/overview?project=126482806042 then retry. If you enabled this API recently, wait a few minutes for the action to propagate to our systems and retry.","domain":"usageLimits","reason":"accessNotConfigured","extendedHelp":"https://console.developers.google.com"}],"status":"PERMISSION_DENIED","details":[{"@type":"type.googleapis.com/google.rpc.ErrorInfo","reason":"SERVICE_DISABLED","domain":"googleapis.com","metadata":{"activationUrl":"https://console.developers.google.com/apis/api/compute.googleapis.com/overview?project=126482806042","consumer":"projects/126482806042","containerInfo":"126482806042","service":"compute.googleapis.com","serviceTitle":"Compute Engine API"}},{"@type":"type.googleapis.com/google.rpc.LocalizedMessage","locale":"en-US","message":"Compute Engine API has not been used in project 126482806042 before or it is disabled. Enable it by visiting https://console.developers.google.com/apis/api/compute.googleapis.com/overview?project=126482806042 then retry. If you enabled this API recently, wait a few minutes for the action to propagate to our systems and retry."},{"@type":"type.googleapis.com/google.rpc.Help","links":[{"description":"Google developers console API activation","url":"https://console.developers.google.com/apis/api/compute.googleapis.com/overview?project=126482806042"}]}]}},"response":{"statusCode":403}},"exit":1,"message":"Request to https://compute.googleapis.com/compute/v1/projects/126482806042 had HTTP Error: 403, Compute Engine API has not been used in project 126482806042 before or it is disabled. Enable it by visiting https://console.developers.google.com/apis/api/compute.googleapis.com/overview?project=126482806042 then retry. If you enabled this API recently, wait a few minutes for the action to propagate to our systems and retry.","status":403}
winston:file: written true false
[2026-06-08T20:39:01.501Z] Checked if tokens are valid: true, expires at: 1780953737220
winston:file: written true false
[2026-06-08T20:39:01.502Z] Checked if tokens are valid: true, expires at: 1780953737220
winston:file: written true false
[2026-06-08T20:39:01.502Z] >>> [apiv2][query] GET https://compute.googleapis.com/compute/v1/projects/126482806042 [none]
winston:file: logged 1038502 [debug] [2026-06-08T20:39:01.500Z] <<< [apiv2][status] GET https://compute.googleapis.com/compute/v1/projects/126482806042 403

winston:file: logged 1040506 [debug] [2026-06-08T20:39:01.500Z] <<< [apiv2][body] GET https://compute.googleapis.com/compute/v1/projects/126482806042 {"error":{"code":403,"message":"Compute Engine API has not been used in project 126482806042 before or it is disabled. Enable it by visiting https://console.developers.google.com/apis/api/compute.googleapis.com/overview?project=126482806042 then retry. If you enabled this API recently, wait a few minutes for the action to propagate to our systems and retry.","errors":[{"message":"Compute Engine API has not been used in project 126482806042 before or it is disabled. Enable it by visiting https://console.developers.google.com/apis/api/compute.googleapis.com/overview?project=126482806042 then retry. If you enabled this API recently, wait a few minutes for the action to propagate to our systems and retry.","domain":"usageLimits","reason":"accessNotConfigured","extendedHelp":"https://console.developers.google.com"}],"status":"PERMISSION_DENIED","details":[{"@type":"type.googleapis.com/google.rpc.ErrorInfo","reason":"SERVICE_DISABLED","domain":"googleapis.com","metadata":{"activationUrl":"https://console.developers.google.com/apis/api/compute.googleapis.com/overview?project=126482806042","consumer":"projects/126482806042","containerInfo":"126482806042","service":"compute.googleapis.com","serviceTitle":"Compute Engine API"}},{"@type":"type.googleapis.com/google.rpc.LocalizedMessage","locale":"en-US","message":"Compute Engine API has not been used in project 126482806042 before or it is disabled. Enable it by visiting https://console.developers.google.com/apis/api/compute.googleapis.com/overview?project=126482806042 then retry. If you enabled this API recently, wait a few minutes for the action to propagate to our systems and retry."},{"@type":"type.googleapis.com/google.rpc.Help","links":[{"description":"Google developers console API activation","url":"https://console.developers.google.com/apis/api/compute.googleapis.com/overview?project=126482806042"}]}]}}

winston:file: logged 1043096 [debug] [2026-06-08T20:39:01.501Z] unable to look up default compute service account. Falling back to 126482806042-compute@developer.gserviceaccount.com. Error: {"name":"FirebaseError","children":[],"context":{"body":{"error":{"code":403,"message":"Compute Engine API has not been used in project 126482806042 before or it is disabled. Enable it by visiting https://console.developers.google.com/apis/api/compute.googleapis.com/overview?project=126482806042 then retry. If you enabled this API recently, wait a few minutes for the action to propagate to our systems and retry.","errors":[{"message":"Compute Engine API has not been used in project 126482806042 before or it is disabled. Enable it by visiting https://console.developers.google.com/apis/api/compute.googleapis.com/overview?project=126482806042 then retry. If you enabled this API recently, wait a few minutes for the action to propagate to our systems and retry.","domain":"usageLimits","reason":"accessNotConfigured","extendedHelp":"https://console.developers.google.com"}],"status":"PERMISSION_DENIED","details":[{"@type":"type.googleapis.com/google.rpc.ErrorInfo","reason":"SERVICE_DISABLED","domain":"googleapis.com","metadata":{"activationUrl":"https://console.developers.google.com/apis/api/compute.googleapis.com/overview?project=126482806042","consumer":"projects/126482806042","containerInfo":"126482806042","service":"compute.googleapis.com","serviceTitle":"Compute Engine API"}},{"@type":"type.googleapis.com/google.rpc.LocalizedMessage","locale":"en-US","message":"Compute Engine API has not been used in project 126482806042 before or it is disabled. Enable it by visiting https://console.developers.google.com/apis/api/compute.googleapis.com/overview?project=126482806042 then retry. If you enabled this API recently, wait a few minutes for the action to propagate to our systems and retry."},{"@type":"type.googleapis.com/google.rpc.Help","links":[{"description":"Google developers console API activation","url":"https://console.developers.google.com/apis/api/compute.googleapis.com/overview?project=126482806042"}]}]}},"response":{"statusCode":403}},"exit":1,"message":"Request to https://compute.googleapis.com/compute/v1/projects/126482806042 had HTTP Error: 403, Compute Engine API has not been used in project 126482806042 before or it is disabled. Enable it by visiting https://console.developers.google.com/apis/api/compute.googleapis.com/overview?project=126482806042 then retry. If you enabled this API recently, wait a few minutes for the action to propagate to our systems and retry.","status":403}

winston:file: logged 1043192 [debug] [2026-06-08T20:39:01.501Z] Checked if tokens are valid: true, expires at: 1780953737220

winston:file: logged 1043288 [debug] [2026-06-08T20:39:01.502Z] Checked if tokens are valid: true, expires at: 1780953737220

winston:file: logged 1043417 [debug] [2026-06-08T20:39:01.502Z] >>> [apiv2][query] GET https://compute.googleapis.com/compute/v1/projects/126482806042 [none]

winston:file: written true false
[2026-06-08T20:39:01.669Z] <<< [apiv2][status] GET https://compute.googleapis.com/compute/v1/projects/126482806042 403
winston:file: written true false
[2026-06-08T20:39:01.670Z] <<< [apiv2][body] GET https://compute.googleapis.com/compute/v1/projects/126482806042 {"error":{"code":403,"message":"Compute Engine API has not been used in project 126482806042 before or it is disabled. Enable it by visiting https://console.developers.google.com/apis/api/compute.googleapis.com/overview?project=126482806042 then retry. If you enabled this API recently, wait a few minutes for the action to propagate to our systems and retry.","errors":[{"message":"Compute Engine API has not been used in project 126482806042 before or it is disabled. Enable it by visiting https://console.developers.google.com/apis/api/compute.googleapis.com/overview?project=126482806042 then retry. If you enabled this API recently, wait a few minutes for the action to propagate to our systems and retry.","domain":"usageLimits","reason":"accessNotConfigured","extendedHelp":"https://console.developers.google.com"}],"status":"PERMISSION_DENIED","details":[{"@type":"type.googleapis.com/google.rpc.ErrorInfo","reason":"SERVICE_DISABLED","domain":"googleapis.com","metadata":{"activationUrl":"https://console.developers.google.com/apis/api/compute.googleapis.com/overview?project=126482806042","service":"compute.googleapis.com","serviceTitle":"Compute Engine API","containerInfo":"126482806042","consumer":"projects/126482806042"}},{"@type":"type.googleapis.com/google.rpc.LocalizedMessage","locale":"en-US","message":"Compute Engine API has not been used in project 126482806042 before or it is disabled. Enable it by visiting https://console.developers.google.com/apis/api/compute.googleapis.com/overview?project=126482806042 then retry. If you enabled this API recently, wait a few minutes for the action to propagate to our systems and retry."},{"@type":"type.googleapis.com/google.rpc.Help","links":[{"description":"Google developers console API activation","url":"https://console.developers.google.com/apis/api/compute.googleapis.com/overview?project=126482806042"}]}]}}
winston:file: written true false
[2026-06-08T20:39:01.671Z] unable to look up default compute service account. Falling back to 126482806042-compute@developer.gserviceaccount.com. Error: {"name":"FirebaseError","children":[],"context":{"body":{"error":{"code":403,"message":"Compute Engine API has not been used in project 126482806042 before or it is disabled. Enable it by visiting https://console.developers.google.com/apis/api/compute.googleapis.com/overview?project=126482806042 then retry. If you enabled this API recently, wait a few minutes for the action to propagate to our systems and retry.","errors":[{"message":"Compute Engine API has not been used in project 126482806042 before or it is disabled. Enable it by visiting https://console.developers.google.com/apis/api/compute.googleapis.com/overview?project=126482806042 then retry. If you enabled this API recently, wait a few minutes for the action to propagate to our systems and retry.","domain":"usageLimits","reason":"accessNotConfigured","extendedHelp":"https://console.developers.google.com"}],"status":"PERMISSION_DENIED","details":[{"@type":"type.googleapis.com/google.rpc.ErrorInfo","reason":"SERVICE_DISABLED","domain":"googleapis.com","metadata":{"activationUrl":"https://console.developers.google.com/apis/api/compute.googleapis.com/overview?project=126482806042","service":"compute.googleapis.com","serviceTitle":"Compute Engine API","containerInfo":"126482806042","consumer":"projects/126482806042"}},{"@type":"type.googleapis.com/google.rpc.LocalizedMessage","locale":"en-US","message":"Compute Engine API has not been used in project 126482806042 before or it is disabled. Enable it by visiting https://console.developers.google.com/apis/api/compute.googleapis.com/overview?project=126482806042 then retry. If you enabled this API recently, wait a few minutes for the action to propagate to our systems and retry."},{"@type":"type.googleapis.com/google.rpc.Help","links":[{"description":"Google developers console API activation","url":"https://console.developers.google.com/apis/api/compute.googleapis.com/overview?project=126482806042"}]}]}},"response":{"statusCode":403}},"exit":1,"message":"Request to https://compute.googleapis.com/compute/v1/projects/126482806042 had HTTP Error: 403, Compute Engine API has not been used in project 126482806042 before or it is disabled. Enable it by visiting https://console.developers.google.com/apis/api/compute.googleapis.com/overview?project=126482806042 then retry. If you enabled this API recently, wait a few minutes for the action to propagate to our systems and retry.","status":403}
winston:file: written true false
[2026-06-08T20:39:01.671Z] Checked if tokens are valid: true, expires at: 1780953737220
winston:file: written true false
[2026-06-08T20:39:01.671Z] Checked if tokens are valid: true, expires at: 1780953737220
winston:file: written true false
[2026-06-08T20:39:01.672Z] >>> [apiv2][query] GET https://compute.googleapis.com/compute/v1/projects/126482806042 [none]
winston:file: logged 1043544 [debug] [2026-06-08T20:39:01.669Z] <<< [apiv2][status] GET https://compute.googleapis.com/compute/v1/projects/126482806042 403

winston:file: logged 1045548 [debug] [2026-06-08T20:39:01.670Z] <<< [apiv2][body] GET https://compute.googleapis.com/compute/v1/projects/126482806042 {"error":{"code":403,"message":"Compute Engine API has not been used in project 126482806042 before or it is disabled. Enable it by visiting https://console.developers.google.com/apis/api/compute.googleapis.com/overview?project=126482806042 then retry. If you enabled this API recently, wait a few minutes for the action to propagate to our systems and retry.","errors":[{"message":"Compute Engine API has not been used in project 126482806042 before or it is disabled. Enable it by visiting https://console.developers.google.com/apis/api/compute.googleapis.com/overview?project=126482806042 then retry. If you enabled this API recently, wait a few minutes for the action to propagate to our systems and retry.","domain":"usageLimits","reason":"accessNotConfigured","extendedHelp":"https://console.developers.google.com"}],"status":"PERMISSION_DENIED","details":[{"@type":"type.googleapis.com/google.rpc.ErrorInfo","reason":"SERVICE_DISABLED","domain":"googleapis.com","metadata":{"activationUrl":"https://console.developers.google.com/apis/api/compute.googleapis.com/overview?project=126482806042","service":"compute.googleapis.com","serviceTitle":"Compute Engine API","containerInfo":"126482806042","consumer":"projects/126482806042"}},{"@type":"type.googleapis.com/google.rpc.LocalizedMessage","locale":"en-US","message":"Compute Engine API has not been used in project 126482806042 before or it is disabled. Enable it by visiting https://console.developers.google.com/apis/api/compute.googleapis.com/overview?project=126482806042 then retry. If you enabled this API recently, wait a few minutes for the action to propagate to our systems and retry."},{"@type":"type.googleapis.com/google.rpc.Help","links":[{"description":"Google developers console API activation","url":"https://console.developers.google.com/apis/api/compute.googleapis.com/overview?project=126482806042"}]}]}}

winston:file: logged 1048138 [debug] [2026-06-08T20:39:01.671Z] unable to look up default compute service account. Falling back to 126482806042-compute@developer.gserviceaccount.com. Error: {"name":"FirebaseError","children":[],"context":{"body":{"error":{"code":403,"message":"Compute Engine API has not been used in project 126482806042 before or it is disabled. Enable it by visiting https://console.developers.google.com/apis/api/compute.googleapis.com/overview?project=126482806042 then retry. If you enabled this API recently, wait a few minutes for the action to propagate to our systems and retry.","errors":[{"message":"Compute Engine API has not been used in project 126482806042 before or it is disabled. Enable it by visiting https://console.developers.google.com/apis/api/compute.googleapis.com/overview?project=126482806042 then retry. If you enabled this API recently, wait a few minutes for the action to propagate to our systems and retry.","domain":"usageLimits","reason":"accessNotConfigured","extendedHelp":"https://console.developers.google.com"}],"status":"PERMISSION_DENIED","details":[{"@type":"type.googleapis.com/google.rpc.ErrorInfo","reason":"SERVICE_DISABLED","domain":"googleapis.com","metadata":{"activationUrl":"https://console.developers.google.com/apis/api/compute.googleapis.com/overview?project=126482806042","service":"compute.googleapis.com","serviceTitle":"Compute Engine API","containerInfo":"126482806042","consumer":"projects/126482806042"}},{"@type":"type.googleapis.com/google.rpc.LocalizedMessage","locale":"en-US","message":"Compute Engine API has not been used in project 126482806042 before or it is disabled. Enable it by visiting https://console.developers.google.com/apis/api/compute.googleapis.com/overview?project=126482806042 then retry. If you enabled this API recently, wait a few minutes for the action to propagate to our systems and retry."},{"@type":"type.googleapis.com/google.rpc.Help","links":[{"description":"Google developers console API activation","url":"https://console.developers.google.com/apis/api/compute.googleapis.com/overview?project=126482806042"}]}]}},"response":{"statusCode":403}},"exit":1,"message":"Request to https://compute.googleapis.com/compute/v1/projects/126482806042 had HTTP Error: 403, Compute Engine API has not been used in project 126482806042 before or it is disabled. Enable it by visiting https://console.developers.google.com/apis/api/compute.googleapis.com/overview?project=126482806042 then retry. If you enabled this API recently, wait a few minutes for the action to propagate to our systems and retry.","status":403}

winston:file: logged 1048234 [debug] [2026-06-08T20:39:01.671Z] Checked if tokens are valid: true, expires at: 1780953737220

winston:file: logged 1048330 [debug] [2026-06-08T20:39:01.671Z] Checked if tokens are valid: true, expires at: 1780953737220

winston:file: logged 1048459 [debug] [2026-06-08T20:39:01.672Z] >>> [apiv2][query] GET https://compute.googleapis.com/compute/v1/projects/126482806042 [none]

winston:file: written true false
[2026-06-08T20:39:01.789Z] <<< [apiv2][status] GET https://compute.googleapis.com/compute/v1/projects/126482806042 403
winston:file: written true false
[2026-06-08T20:39:01.789Z] <<< [apiv2][body] GET https://compute.googleapis.com/compute/v1/projects/126482806042 {"error":{"code":403,"message":"Compute Engine API has not been used in project 126482806042 before or it is disabled. Enable it by visiting https://console.developers.google.com/apis/api/compute.googleapis.com/overview?project=126482806042 then retry. If you enabled this API recently, wait a few minutes for the action to propagate to our systems and retry.","errors":[{"message":"Compute Engine API has not been used in project 126482806042 before or it is disabled. Enable it by visiting https://console.developers.google.com/apis/api/compute.googleapis.com/overview?project=126482806042 then retry. If you enabled this API recently, wait a few minutes for the action to propagate to our systems and retry.","domain":"usageLimits","reason":"accessNotConfigured","extendedHelp":"https://console.developers.google.com"}],"status":"PERMISSION_DENIED","details":[{"@type":"type.googleapis.com/google.rpc.ErrorInfo","reason":"SERVICE_DISABLED","domain":"googleapis.com","metadata":{"activationUrl":"https://console.developers.google.com/apis/api/compute.googleapis.com/overview?project=126482806042","service":"compute.googleapis.com","consumer":"projects/126482806042","serviceTitle":"Compute Engine API","containerInfo":"126482806042"}},{"@type":"type.googleapis.com/google.rpc.LocalizedMessage","locale":"en-US","message":"Compute Engine API has not been used in project 126482806042 before or it is disabled. Enable it by visiting https://console.developers.google.com/apis/api/compute.googleapis.com/overview?project=126482806042 then retry. If you enabled this API recently, wait a few minutes for the action to propagate to our systems and retry."},{"@type":"type.googleapis.com/google.rpc.Help","links":[{"description":"Google developers console API activation","url":"https://console.developers.google.com/apis/api/compute.googleapis.com/overview?project=126482806042"}]}]}}
winston:file: written true false
[2026-06-08T20:39:01.789Z] unable to look up default compute service account. Falling back to 126482806042-compute@developer.gserviceaccount.com. Error: {"name":"FirebaseError","children":[],"context":{"body":{"error":{"code":403,"message":"Compute Engine API has not been used in project 126482806042 before or it is disabled. Enable it by visiting https://console.developers.google.com/apis/api/compute.googleapis.com/overview?project=126482806042 then retry. If you enabled this API recently, wait a few minutes for the action to propagate to our systems and retry.","errors":[{"message":"Compute Engine API has not been used in project 126482806042 before or it is disabled. Enable it by visiting https://console.developers.google.com/apis/api/compute.googleapis.com/overview?project=126482806042 then retry. If you enabled this API recently, wait a few minutes for the action to propagate to our systems and retry.","domain":"usageLimits","reason":"accessNotConfigured","extendedHelp":"https://console.developers.google.com"}],"status":"PERMISSION_DENIED","details":[{"@type":"type.googleapis.com/google.rpc.ErrorInfo","reason":"SERVICE_DISABLED","domain":"googleapis.com","metadata":{"activationUrl":"https://console.developers.google.com/apis/api/compute.googleapis.com/overview?project=126482806042","service":"compute.googleapis.com","consumer":"projects/126482806042","serviceTitle":"Compute Engine API","containerInfo":"126482806042"}},{"@type":"type.googleapis.com/google.rpc.LocalizedMessage","locale":"en-US","message":"Compute Engine API has not been used in project 126482806042 before or it is disabled. Enable it by visiting https://console.developers.google.com/apis/api/compute.googleapis.com/overview?project=126482806042 then retry. If you enabled this API recently, wait a few minutes for the action to propagate to our systems and retry."},{"@type":"type.googleapis.com/google.rpc.Help","links":[{"description":"Google developers console API activation","url":"https://console.developers.google.com/apis/api/compute.googleapis.com/overview?project=126482806042"}]}]}},"response":{"statusCode":403}},"exit":1,"message":"Request to https://compute.googleapis.com/compute/v1/projects/126482806042 had HTTP Error: 403, Compute Engine API has not been used in project 126482806042 before or it is disabled. Enable it by visiting https://console.developers.google.com/apis/api/compute.googleapis.com/overview?project=126482806042 then retry. If you enabled this API recently, wait a few minutes for the action to propagate to our systems and retry.","status":403}
winston:file: written true false
[2026-06-08T20:39:01.790Z] Checked if tokens are valid: true, expires at: 1780953737220
winston:file: written true false
[2026-06-08T20:39:01.790Z] Checked if tokens are valid: true, expires at: 1780953737220
winston:file: written true false
[2026-06-08T20:39:01.790Z] >>> [apiv2][query] GET https://compute.googleapis.com/compute/v1/projects/126482806042 [none]
winston:file: logged 1048586 [debug] [2026-06-08T20:39:01.789Z] <<< [apiv2][status] GET https://compute.googleapis.com/compute/v1/projects/126482806042 403

winston:file: logged 1050590 [debug] [2026-06-08T20:39:01.789Z] <<< [apiv2][body] GET https://compute.googleapis.com/compute/v1/projects/126482806042 {"error":{"code":403,"message":"Compute Engine API has not been used in project 126482806042 before or it is disabled. Enable it by visiting https://console.developers.google.com/apis/api/compute.googleapis.com/overview?project=126482806042 then retry. If you enabled this API recently, wait a few minutes for the action to propagate to our systems and retry.","errors":[{"message":"Compute Engine API has not been used in project 126482806042 before or it is disabled. Enable it by visiting https://console.developers.google.com/apis/api/compute.googleapis.com/overview?project=126482806042 then retry. If you enabled this API recently, wait a few minutes for the action to propagate to our systems and retry.","domain":"usageLimits","reason":"accessNotConfigured","extendedHelp":"https://console.developers.google.com"}],"status":"PERMISSION_DENIED","details":[{"@type":"type.googleapis.com/google.rpc.ErrorInfo","reason":"SERVICE_DISABLED","domain":"googleapis.com","metadata":{"activationUrl":"https://console.developers.google.com/apis/api/compute.googleapis.com/overview?project=126482806042","service":"compute.googleapis.com","consumer":"projects/126482806042","serviceTitle":"Compute Engine API","containerInfo":"126482806042"}},{"@type":"type.googleapis.com/google.rpc.LocalizedMessage","locale":"en-US","message":"Compute Engine API has not been used in project 126482806042 before or it is disabled. Enable it by visiting https://console.developers.google.com/apis/api/compute.googleapis.com/overview?project=126482806042 then retry. If you enabled this API recently, wait a few minutes for the action to propagate to our systems and retry."},{"@type":"type.googleapis.com/google.rpc.Help","links":[{"description":"Google developers console API activation","url":"https://console.developers.google.com/apis/api/compute.googleapis.com/overview?project=126482806042"}]}]}}

winston:file: logged 1053180 [debug] [2026-06-08T20:39:01.789Z] unable to look up default compute service account. Falling back to 126482806042-compute@developer.gserviceaccount.com. Error: {"name":"FirebaseError","children":[],"context":{"body":{"error":{"code":403,"message":"Compute Engine API has not been used in project 126482806042 before or it is disabled. Enable it by visiting https://console.developers.google.com/apis/api/compute.googleapis.com/overview?project=126482806042 then retry. If you enabled this API recently, wait a few minutes for the action to propagate to our systems and retry.","errors":[{"message":"Compute Engine API has not been used in project 126482806042 before or it is disabled. Enable it by visiting https://console.developers.google.com/apis/api/compute.googleapis.com/overview?project=126482806042 then retry. If you enabled this API recently, wait a few minutes for the action to propagate to our systems and retry.","domain":"usageLimits","reason":"accessNotConfigured","extendedHelp":"https://console.developers.google.com"}],"status":"PERMISSION_DENIED","details":[{"@type":"type.googleapis.com/google.rpc.ErrorInfo","reason":"SERVICE_DISABLED","domain":"googleapis.com","metadata":{"activationUrl":"https://console.developers.google.com/apis/api/compute.googleapis.com/overview?project=126482806042","service":"compute.googleapis.com","consumer":"projects/126482806042","serviceTitle":"Compute Engine API","containerInfo":"126482806042"}},{"@type":"type.googleapis.com/google.rpc.LocalizedMessage","locale":"en-US","message":"Compute Engine API has not been used in project 126482806042 before or it is disabled. Enable it by visiting https://console.developers.google.com/apis/api/compute.googleapis.com/overview?project=126482806042 then retry. If you enabled this API recently, wait a few minutes for the action to propagate to our systems and retry."},{"@type":"type.googleapis.com/google.rpc.Help","links":[{"description":"Google developers console API activation","url":"https://console.developers.google.com/apis/api/compute.googleapis.com/overview?project=126482806042"}]}]}},"response":{"statusCode":403}},"exit":1,"message":"Request to https://compute.googleapis.com/compute/v1/projects/126482806042 had HTTP Error: 403, Compute Engine API has not been used in project 126482806042 before or it is disabled. Enable it by visiting https://console.developers.google.com/apis/api/compute.googleapis.com/overview?project=126482806042 then retry. If you enabled this API recently, wait a few minutes for the action to propagate to our systems and retry.","status":403}

winston:file: logged 1053276 [debug] [2026-06-08T20:39:01.790Z] Checked if tokens are valid: true, expires at: 1780953737220

winston:file: logged 1053372 [debug] [2026-06-08T20:39:01.790Z] Checked if tokens are valid: true, expires at: 1780953737220

winston:file: logged 1053501 [debug] [2026-06-08T20:39:01.790Z] >>> [apiv2][query] GET https://compute.googleapis.com/compute/v1/projects/126482806042 [none]

winston:file: written true false
[2026-06-08T20:39:01.943Z] <<< [apiv2][status] GET https://compute.googleapis.com/compute/v1/projects/126482806042 403
winston:file: written true false
[2026-06-08T20:39:01.943Z] <<< [apiv2][body] GET https://compute.googleapis.com/compute/v1/projects/126482806042 {"error":{"code":403,"message":"Compute Engine API has not been used in project 126482806042 before or it is disabled. Enable it by visiting https://console.developers.google.com/apis/api/compute.googleapis.com/overview?project=126482806042 then retry. If you enabled this API recently, wait a few minutes for the action to propagate to our systems and retry.","errors":[{"message":"Compute Engine API has not been used in project 126482806042 before or it is disabled. Enable it by visiting https://console.developers.google.com/apis/api/compute.googleapis.com/overview?project=126482806042 then retry. If you enabled this API recently, wait a few minutes for the action to propagate to our systems and retry.","domain":"usageLimits","reason":"accessNotConfigured","extendedHelp":"https://console.developers.google.com"}],"status":"PERMISSION_DENIED","details":[{"@type":"type.googleapis.com/google.rpc.ErrorInfo","reason":"SERVICE_DISABLED","domain":"googleapis.com","metadata":{"consumer":"projects/126482806042","serviceTitle":"Compute Engine API","containerInfo":"126482806042","activationUrl":"https://console.developers.google.com/apis/api/compute.googleapis.com/overview?project=126482806042","service":"compute.googleapis.com"}},{"@type":"type.googleapis.com/google.rpc.LocalizedMessage","locale":"en-US","message":"Compute Engine API has not been used in project 126482806042 before or it is disabled. Enable it by visiting https://console.developers.google.com/apis/api/compute.googleapis.com/overview?project=126482806042 then retry. If you enabled this API recently, wait a few minutes for the action to propagate to our systems and retry."},{"@type":"type.googleapis.com/google.rpc.Help","links":[{"description":"Google developers console API activation","url":"https://console.developers.google.com/apis/api/compute.googleapis.com/overview?project=126482806042"}]}]}}
winston:file: written true false
[2026-06-08T20:39:01.944Z] unable to look up default compute service account. Falling back to 126482806042-compute@developer.gserviceaccount.com. Error: {"name":"FirebaseError","children":[],"context":{"body":{"error":{"code":403,"message":"Compute Engine API has not been used in project 126482806042 before or it is disabled. Enable it by visiting https://console.developers.google.com/apis/api/compute.googleapis.com/overview?project=126482806042 then retry. If you enabled this API recently, wait a few minutes for the action to propagate to our systems and retry.","errors":[{"message":"Compute Engine API has not been used in project 126482806042 before or it is disabled. Enable it by visiting https://console.developers.google.com/apis/api/compute.googleapis.com/overview?project=126482806042 then retry. If you enabled this API recently, wait a few minutes for the action to propagate to our systems and retry.","domain":"usageLimits","reason":"accessNotConfigured","extendedHelp":"https://console.developers.google.com"}],"status":"PERMISSION_DENIED","details":[{"@type":"type.googleapis.com/google.rpc.ErrorInfo","reason":"SERVICE_DISABLED","domain":"googleapis.com","metadata":{"consumer":"projects/126482806042","serviceTitle":"Compute Engine API","containerInfo":"126482806042","activationUrl":"https://console.developers.google.com/apis/api/compute.googleapis.com/overview?project=126482806042","service":"compute.googleapis.com"}},{"@type":"type.googleapis.com/google.rpc.LocalizedMessage","locale":"en-US","message":"Compute Engine API has not been used in project 126482806042 before or it is disabled. Enable it by visiting https://console.developers.google.com/apis/api/compute.googleapis.com/overview?project=126482806042 then retry. If you enabled this API recently, wait a few minutes for the action to propagate to our systems and retry."},{"@type":"type.googleapis.com/google.rpc.Help","links":[{"description":"Google developers console API activation","url":"https://console.developers.google.com/apis/api/compute.googleapis.com/overview?project=126482806042"}]}]}},"response":{"statusCode":403}},"exit":1,"message":"Request to https://compute.googleapis.com/compute/v1/projects/126482806042 had HTTP Error: 403, Compute Engine API has not been used in project 126482806042 before or it is disabled. Enable it by visiting https://console.developers.google.com/apis/api/compute.googleapis.com/overview?project=126482806042 then retry. If you enabled this API recently, wait a few minutes for the action to propagate to our systems and retry.","status":403}
winston:file: written true false
[2026-06-08T20:39:01.944Z] Checked if tokens are valid: true, expires at: 1780953737220
winston:file: written true false
[2026-06-08T20:39:01.944Z] Checked if tokens are valid: true, expires at: 1780953737220
winston:file: written true false
[2026-06-08T20:39:01.944Z] >>> [apiv2][query] GET https://compute.googleapis.com/compute/v1/projects/126482806042 [none]
winston:file: logged 1053628 [debug] [2026-06-08T20:39:01.943Z] <<< [apiv2][status] GET https://compute.googleapis.com/compute/v1/projects/126482806042 403

winston:file: logged 1055632 [debug] [2026-06-08T20:39:01.943Z] <<< [apiv2][body] GET https://compute.googleapis.com/compute/v1/projects/126482806042 {"error":{"code":403,"message":"Compute Engine API has not been used in project 126482806042 before or it is disabled. Enable it by visiting https://console.developers.google.com/apis/api/compute.googleapis.com/overview?project=126482806042 then retry. If you enabled this API recently, wait a few minutes for the action to propagate to our systems and retry.","errors":[{"message":"Compute Engine API has not been used in project 126482806042 before or it is disabled. Enable it by visiting https://console.developers.google.com/apis/api/compute.googleapis.com/overview?project=126482806042 then retry. If you enabled this API recently, wait a few minutes for the action to propagate to our systems and retry.","domain":"usageLimits","reason":"accessNotConfigured","extendedHelp":"https://console.developers.google.com"}],"status":"PERMISSION_DENIED","details":[{"@type":"type.googleapis.com/google.rpc.ErrorInfo","reason":"SERVICE_DISABLED","domain":"googleapis.com","metadata":{"consumer":"projects/126482806042","serviceTitle":"Compute Engine API","containerInfo":"126482806042","activationUrl":"https://console.developers.google.com/apis/api/compute.googleapis.com/overview?project=126482806042","service":"compute.googleapis.com"}},{"@type":"type.googleapis.com/google.rpc.LocalizedMessage","locale":"en-US","message":"Compute Engine API has not been used in project 126482806042 before or it is disabled. Enable it by visiting https://console.developers.google.com/apis/api/compute.googleapis.com/overview?project=126482806042 then retry. If you enabled this API recently, wait a few minutes for the action to propagate to our systems and retry."},{"@type":"type.googleapis.com/google.rpc.Help","links":[{"description":"Google developers console API activation","url":"https://console.developers.google.com/apis/api/compute.googleapis.com/overview?project=126482806042"}]}]}}

winston:file: logged 1058222 [debug] [2026-06-08T20:39:01.944Z] unable to look up default compute service account. Falling back to 126482806042-compute@developer.gserviceaccount.com. Error: {"name":"FirebaseError","children":[],"context":{"body":{"error":{"code":403,"message":"Compute Engine API has not been used in project 126482806042 before or it is disabled. Enable it by visiting https://console.developers.google.com/apis/api/compute.googleapis.com/overview?project=126482806042 then retry. If you enabled this API recently, wait a few minutes for the action to propagate to our systems and retry.","errors":[{"message":"Compute Engine API has not been used in project 126482806042 before or it is disabled. Enable it by visiting https://console.developers.google.com/apis/api/compute.googleapis.com/overview?project=126482806042 then retry. If you enabled this API recently, wait a few minutes for the action to propagate to our systems and retry.","domain":"usageLimits","reason":"accessNotConfigured","extendedHelp":"https://console.developers.google.com"}],"status":"PERMISSION_DENIED","details":[{"@type":"type.googleapis.com/google.rpc.ErrorInfo","reason":"SERVICE_DISABLED","domain":"googleapis.com","metadata":{"consumer":"projects/126482806042","serviceTitle":"Compute Engine API","containerInfo":"126482806042","activationUrl":"https://console.developers.google.com/apis/api/compute.googleapis.com/overview?project=126482806042","service":"compute.googleapis.com"}},{"@type":"type.googleapis.com/google.rpc.LocalizedMessage","locale":"en-US","message":"Compute Engine API has not been used in project 126482806042 before or it is disabled. Enable it by visiting https://console.developers.google.com/apis/api/compute.googleapis.com/overview?project=126482806042 then retry. If you enabled this API recently, wait a few minutes for the action to propagate to our systems and retry."},{"@type":"type.googleapis.com/google.rpc.Help","links":[{"description":"Google developers console API activation","url":"https://console.developers.google.com/apis/api/compute.googleapis.com/overview?project=126482806042"}]}]}},"response":{"statusCode":403}},"exit":1,"message":"Request to https://compute.googleapis.com/compute/v1/projects/126482806042 had HTTP Error: 403, Compute Engine API has not been used in project 126482806042 before or it is disabled. Enable it by visiting https://console.developers.google.com/apis/api/compute.googleapis.com/overview?project=126482806042 then retry. If you enabled this API recently, wait a few minutes for the action to propagate to our systems and retry.","status":403}

winston:file: logged 1058318 [debug] [2026-06-08T20:39:01.944Z] Checked if tokens are valid: true, expires at: 1780953737220

winston:file: logged 1058414 [debug] [2026-06-08T20:39:01.944Z] Checked if tokens are valid: true, expires at: 1780953737220

winston:file: logged 1058543 [debug] [2026-06-08T20:39:01.944Z] >>> [apiv2][query] GET https://compute.googleapis.com/compute/v1/projects/126482806042 [none]

winston:file: written true false
[2026-06-08T20:39:02.078Z] <<< [apiv2][status] GET https://compute.googleapis.com/compute/v1/projects/126482806042 403
winston:file: written true false
[2026-06-08T20:39:02.079Z] <<< [apiv2][body] GET https://compute.googleapis.com/compute/v1/projects/126482806042 {"error":{"code":403,"message":"Compute Engine API has not been used in project 126482806042 before or it is disabled. Enable it by visiting https://console.developers.google.com/apis/api/compute.googleapis.com/overview?project=126482806042 then retry. If you enabled this API recently, wait a few minutes for the action to propagate to our systems and retry.","errors":[{"message":"Compute Engine API has not been used in project 126482806042 before or it is disabled. Enable it by visiting https://console.developers.google.com/apis/api/compute.googleapis.com/overview?project=126482806042 then retry. If you enabled this API recently, wait a few minutes for the action to propagate to our systems and retry.","domain":"usageLimits","reason":"accessNotConfigured","extendedHelp":"https://console.developers.google.com"}],"status":"PERMISSION_DENIED","details":[{"@type":"type.googleapis.com/google.rpc.ErrorInfo","reason":"SERVICE_DISABLED","domain":"googleapis.com","metadata":{"consumer":"projects/126482806042","activationUrl":"https://console.developers.google.com/apis/api/compute.googleapis.com/overview?project=126482806042","serviceTitle":"Compute Engine API","containerInfo":"126482806042","service":"compute.googleapis.com"}},{"@type":"type.googleapis.com/google.rpc.LocalizedMessage","locale":"en-US","message":"Compute Engine API has not been used in project 126482806042 before or it is disabled. Enable it by visiting https://console.developers.google.com/apis/api/compute.googleapis.com/overview?project=126482806042 then retry. If you enabled this API recently, wait a few minutes for the action to propagate to our systems and retry."},{"@type":"type.googleapis.com/google.rpc.Help","links":[{"description":"Google developers console API activation","url":"https://console.developers.google.com/apis/api/compute.googleapis.com/overview?project=126482806042"}]}]}}
winston:file: written true false
[2026-06-08T20:39:02.079Z] unable to look up default compute service account. Falling back to 126482806042-compute@developer.gserviceaccount.com. Error: {"name":"FirebaseError","children":[],"context":{"body":{"error":{"code":403,"message":"Compute Engine API has not been used in project 126482806042 before or it is disabled. Enable it by visiting https://console.developers.google.com/apis/api/compute.googleapis.com/overview?project=126482806042 then retry. If you enabled this API recently, wait a few minutes for the action to propagate to our systems and retry.","errors":[{"message":"Compute Engine API has not been used in project 126482806042 before or it is disabled. Enable it by visiting https://console.developers.google.com/apis/api/compute.googleapis.com/overview?project=126482806042 then retry. If you enabled this API recently, wait a few minutes for the action to propagate to our systems and retry.","domain":"usageLimits","reason":"accessNotConfigured","extendedHelp":"https://console.developers.google.com"}],"status":"PERMISSION_DENIED","details":[{"@type":"type.googleapis.com/google.rpc.ErrorInfo","reason":"SERVICE_DISABLED","domain":"googleapis.com","metadata":{"consumer":"projects/126482806042","activationUrl":"https://console.developers.google.com/apis/api/compute.googleapis.com/overview?project=126482806042","serviceTitle":"Compute Engine API","containerInfo":"126482806042","service":"compute.googleapis.com"}},{"@type":"type.googleapis.com/google.rpc.LocalizedMessage","locale":"en-US","message":"Compute Engine API has not been used in project 126482806042 before or it is disabled. Enable it by visiting https://console.developers.google.com/apis/api/compute.googleapis.com/overview?project=126482806042 then retry. If you enabled this API recently, wait a few minutes for the action to propagate to our systems and retry."},{"@type":"type.googleapis.com/google.rpc.Help","links":[{"description":"Google developers console API activation","url":"https://console.developers.google.com/apis/api/compute.googleapis.com/overview?project=126482806042"}]}]}},"response":{"statusCode":403}},"exit":1,"message":"Request to https://compute.googleapis.com/compute/v1/projects/126482806042 had HTTP Error: 403, Compute Engine API has not been used in project 126482806042 before or it is disabled. Enable it by visiting https://console.developers.google.com/apis/api/compute.googleapis.com/overview?project=126482806042 then retry. If you enabled this API recently, wait a few minutes for the action to propagate to our systems and retry.","status":403}
winston:file: written true false
[2026-06-08T20:39:02.079Z] Checked if tokens are valid: true, expires at: 1780953737220
winston:file: written true false
[2026-06-08T20:39:02.079Z] Checked if tokens are valid: true, expires at: 1780953737220
winston:file: written true false
[2026-06-08T20:39:02.079Z] >>> [apiv2][query] GET https://compute.googleapis.com/compute/v1/projects/126482806042 [none]
winston:file: logged 1058670 [debug] [2026-06-08T20:39:02.078Z] <<< [apiv2][status] GET https://compute.googleapis.com/compute/v1/projects/126482806042 403

winston:file: logged 1060674 [debug] [2026-06-08T20:39:02.079Z] <<< [apiv2][body] GET https://compute.googleapis.com/compute/v1/projects/126482806042 {"error":{"code":403,"message":"Compute Engine API has not been used in project 126482806042 before or it is disabled. Enable it by visiting https://console.developers.google.com/apis/api/compute.googleapis.com/overview?project=126482806042 then retry. If you enabled this API recently, wait a few minutes for the action to propagate to our systems and retry.","errors":[{"message":"Compute Engine API has not been used in project 126482806042 before or it is disabled. Enable it by visiting https://console.developers.google.com/apis/api/compute.googleapis.com/overview?project=126482806042 then retry. If you enabled this API recently, wait a few minutes for the action to propagate to our systems and retry.","domain":"usageLimits","reason":"accessNotConfigured","extendedHelp":"https://console.developers.google.com"}],"status":"PERMISSION_DENIED","details":[{"@type":"type.googleapis.com/google.rpc.ErrorInfo","reason":"SERVICE_DISABLED","domain":"googleapis.com","metadata":{"consumer":"projects/126482806042","activationUrl":"https://console.developers.google.com/apis/api/compute.googleapis.com/overview?project=126482806042","serviceTitle":"Compute Engine API","containerInfo":"126482806042","service":"compute.googleapis.com"}},{"@type":"type.googleapis.com/google.rpc.LocalizedMessage","locale":"en-US","message":"Compute Engine API has not been used in project 126482806042 before or it is disabled. Enable it by visiting https://console.developers.google.com/apis/api/compute.googleapis.com/overview?project=126482806042 then retry. If you enabled this API recently, wait a few minutes for the action to propagate to our systems and retry."},{"@type":"type.googleapis.com/google.rpc.Help","links":[{"description":"Google developers console API activation","url":"https://console.developers.google.com/apis/api/compute.googleapis.com/overview?project=126482806042"}]}]}}

winston:file: logged 1063264 [debug] [2026-06-08T20:39:02.079Z] unable to look up default compute service account. Falling back to 126482806042-compute@developer.gserviceaccount.com. Error: {"name":"FirebaseError","children":[],"context":{"body":{"error":{"code":403,"message":"Compute Engine API has not been used in project 126482806042 before or it is disabled. Enable it by visiting https://console.developers.google.com/apis/api/compute.googleapis.com/overview?project=126482806042 then retry. If you enabled this API recently, wait a few minutes for the action to propagate to our systems and retry.","errors":[{"message":"Compute Engine API has not been used in project 126482806042 before or it is disabled. Enable it by visiting https://console.developers.google.com/apis/api/compute.googleapis.com/overview?project=126482806042 then retry. If you enabled this API recently, wait a few minutes for the action to propagate to our systems and retry.","domain":"usageLimits","reason":"accessNotConfigured","extendedHelp":"https://console.developers.google.com"}],"status":"PERMISSION_DENIED","details":[{"@type":"type.googleapis.com/google.rpc.ErrorInfo","reason":"SERVICE_DISABLED","domain":"googleapis.com","metadata":{"consumer":"projects/126482806042","activationUrl":"https://console.developers.google.com/apis/api/compute.googleapis.com/overview?project=126482806042","serviceTitle":"Compute Engine API","containerInfo":"126482806042","service":"compute.googleapis.com"}},{"@type":"type.googleapis.com/google.rpc.LocalizedMessage","locale":"en-US","message":"Compute Engine API has not been used in project 126482806042 before or it is disabled. Enable it by visiting https://console.developers.google.com/apis/api/compute.googleapis.com/overview?project=126482806042 then retry. If you enabled this API recently, wait a few minutes for the action to propagate to our systems and retry."},{"@type":"type.googleapis.com/google.rpc.Help","links":[{"description":"Google developers console API activation","url":"https://console.developers.google.com/apis/api/compute.googleapis.com/overview?project=126482806042"}]}]}},"response":{"statusCode":403}},"exit":1,"message":"Request to https://compute.googleapis.com/compute/v1/projects/126482806042 had HTTP Error: 403, Compute Engine API has not been used in project 126482806042 before or it is disabled. Enable it by visiting https://console.developers.google.com/apis/api/compute.googleapis.com/overview?project=126482806042 then retry. If you enabled this API recently, wait a few minutes for the action to propagate to our systems and retry.","status":403}

winston:file: logged 1063360 [debug] [2026-06-08T20:39:02.079Z] Checked if tokens are valid: true, expires at: 1780953737220

winston:file: logged 1063456 [debug] [2026-06-08T20:39:02.079Z] Checked if tokens are valid: true, expires at: 1780953737220

winston:file: logged 1063585 [debug] [2026-06-08T20:39:02.079Z] >>> [apiv2][query] GET https://compute.googleapis.com/compute/v1/projects/126482806042 [none]

winston:file: written true false
[2026-06-08T20:39:02.243Z] <<< [apiv2][status] GET https://compute.googleapis.com/compute/v1/projects/126482806042 403
winston:file: written true false
[2026-06-08T20:39:02.244Z] <<< [apiv2][body] GET https://compute.googleapis.com/compute/v1/projects/126482806042 {"error":{"code":403,"message":"Compute Engine API has not been used in project 126482806042 before or it is disabled. Enable it by visiting https://console.developers.google.com/apis/api/compute.googleapis.com/overview?project=126482806042 then retry. If you enabled this API recently, wait a few minutes for the action to propagate to our systems and retry.","errors":[{"message":"Compute Engine API has not been used in project 126482806042 before or it is disabled. Enable it by visiting https://console.developers.google.com/apis/api/compute.googleapis.com/overview?project=126482806042 then retry. If you enabled this API recently, wait a few minutes for the action to propagate to our systems and retry.","domain":"usageLimits","reason":"accessNotConfigured","extendedHelp":"https://console.developers.google.com"}],"status":"PERMISSION_DENIED","details":[{"@type":"type.googleapis.com/google.rpc.ErrorInfo","reason":"SERVICE_DISABLED","domain":"googleapis.com","metadata":{"activationUrl":"https://console.developers.google.com/apis/api/compute.googleapis.com/overview?project=126482806042","consumer":"projects/126482806042","serviceTitle":"Compute Engine API","service":"compute.googleapis.com","containerInfo":"126482806042"}},{"@type":"type.googleapis.com/google.rpc.LocalizedMessage","locale":"en-US","message":"Compute Engine API has not been used in project 126482806042 before or it is disabled. Enable it by visiting https://console.developers.google.com/apis/api/compute.googleapis.com/overview?project=126482806042 then retry. If you enabled this API recently, wait a few minutes for the action to propagate to our systems and retry."},{"@type":"type.googleapis.com/google.rpc.Help","links":[{"description":"Google developers console API activation","url":"https://console.developers.google.com/apis/api/compute.googleapis.com/overview?project=126482806042"}]}]}}
winston:file: written true false
[2026-06-08T20:39:02.245Z] unable to look up default compute service account. Falling back to 126482806042-compute@developer.gserviceaccount.com. Error: {"name":"FirebaseError","children":[],"context":{"body":{"error":{"code":403,"message":"Compute Engine API has not been used in project 126482806042 before or it is disabled. Enable it by visiting https://console.developers.google.com/apis/api/compute.googleapis.com/overview?project=126482806042 then retry. If you enabled this API recently, wait a few minutes for the action to propagate to our systems and retry.","errors":[{"message":"Compute Engine API has not been used in project 126482806042 before or it is disabled. Enable it by visiting https://console.developers.google.com/apis/api/compute.googleapis.com/overview?project=126482806042 then retry. If you enabled this API recently, wait a few minutes for the action to propagate to our systems and retry.","domain":"usageLimits","reason":"accessNotConfigured","extendedHelp":"https://console.developers.google.com"}],"status":"PERMISSION_DENIED","details":[{"@type":"type.googleapis.com/google.rpc.ErrorInfo","reason":"SERVICE_DISABLED","domain":"googleapis.com","metadata":{"activationUrl":"https://console.developers.google.com/apis/api/compute.googleapis.com/overview?project=126482806042","consumer":"projects/126482806042","serviceTitle":"Compute Engine API","service":"compute.googleapis.com","containerInfo":"126482806042"}},{"@type":"type.googleapis.com/google.rpc.LocalizedMessage","locale":"en-US","message":"Compute Engine API has not been used in project 126482806042 before or it is disabled. Enable it by visiting https://console.developers.google.com/apis/api/compute.googleapis.com/overview?project=126482806042 then retry. If you enabled this API recently, wait a few minutes for the action to propagate to our systems and retry."},{"@type":"type.googleapis.com/google.rpc.Help","links":[{"description":"Google developers console API activation","url":"https://console.developers.google.com/apis/api/compute.googleapis.com/overview?project=126482806042"}]}]}},"response":{"statusCode":403}},"exit":1,"message":"Request to https://compute.googleapis.com/compute/v1/projects/126482806042 had HTTP Error: 403, Compute Engine API has not been used in project 126482806042 before or it is disabled. Enable it by visiting https://console.developers.google.com/apis/api/compute.googleapis.com/overview?project=126482806042 then retry. If you enabled this API recently, wait a few minutes for the action to propagate to our systems and retry.","status":403}
winston:file: written true false
[2026-06-08T20:39:02.246Z] Checked if tokens are valid: true, expires at: 1780953737220
winston:file: written true false
[2026-06-08T20:39:02.246Z] Checked if tokens are valid: true, expires at: 1780953737220
winston:file: written true false
[2026-06-08T20:39:02.246Z] >>> [apiv2][query] GET https://compute.googleapis.com/compute/v1/projects/126482806042 [none]
winston:file: logged 1063712 [debug] [2026-06-08T20:39:02.243Z] <<< [apiv2][status] GET https://compute.googleapis.com/compute/v1/projects/126482806042 403

winston:file: logged 1065716 [debug] [2026-06-08T20:39:02.244Z] <<< [apiv2][body] GET https://compute.googleapis.com/compute/v1/projects/126482806042 {"error":{"code":403,"message":"Compute Engine API has not been used in project 126482806042 before or it is disabled. Enable it by visiting https://console.developers.google.com/apis/api/compute.googleapis.com/overview?project=126482806042 then retry. If you enabled this API recently, wait a few minutes for the action to propagate to our systems and retry.","errors":[{"message":"Compute Engine API has not been used in project 126482806042 before or it is disabled. Enable it by visiting https://console.developers.google.com/apis/api/compute.googleapis.com/overview?project=126482806042 then retry. If you enabled this API recently, wait a few minutes for the action to propagate to our systems and retry.","domain":"usageLimits","reason":"accessNotConfigured","extendedHelp":"https://console.developers.google.com"}],"status":"PERMISSION_DENIED","details":[{"@type":"type.googleapis.com/google.rpc.ErrorInfo","reason":"SERVICE_DISABLED","domain":"googleapis.com","metadata":{"activationUrl":"https://console.developers.google.com/apis/api/compute.googleapis.com/overview?project=126482806042","consumer":"projects/126482806042","serviceTitle":"Compute Engine API","service":"compute.googleapis.com","containerInfo":"126482806042"}},{"@type":"type.googleapis.com/google.rpc.LocalizedMessage","locale":"en-US","message":"Compute Engine API has not been used in project 126482806042 before or it is disabled. Enable it by visiting https://console.developers.google.com/apis/api/compute.googleapis.com/overview?project=126482806042 then retry. If you enabled this API recently, wait a few minutes for the action to propagate to our systems and retry."},{"@type":"type.googleapis.com/google.rpc.Help","links":[{"description":"Google developers console API activation","url":"https://console.developers.google.com/apis/api/compute.googleapis.com/overview?project=126482806042"}]}]}}

winston:file: logged 1068306 [debug] [2026-06-08T20:39:02.245Z] unable to look up default compute service account. Falling back to 126482806042-compute@developer.gserviceaccount.com. Error: {"name":"FirebaseError","children":[],"context":{"body":{"error":{"code":403,"message":"Compute Engine API has not been used in project 126482806042 before or it is disabled. Enable it by visiting https://console.developers.google.com/apis/api/compute.googleapis.com/overview?project=126482806042 then retry. If you enabled this API recently, wait a few minutes for the action to propagate to our systems and retry.","errors":[{"message":"Compute Engine API has not been used in project 126482806042 before or it is disabled. Enable it by visiting https://console.developers.google.com/apis/api/compute.googleapis.com/overview?project=126482806042 then retry. If you enabled this API recently, wait a few minutes for the action to propagate to our systems and retry.","domain":"usageLimits","reason":"accessNotConfigured","extendedHelp":"https://console.developers.google.com"}],"status":"PERMISSION_DENIED","details":[{"@type":"type.googleapis.com/google.rpc.ErrorInfo","reason":"SERVICE_DISABLED","domain":"googleapis.com","metadata":{"activationUrl":"https://console.developers.google.com/apis/api/compute.googleapis.com/overview?project=126482806042","consumer":"projects/126482806042","serviceTitle":"Compute Engine API","service":"compute.googleapis.com","containerInfo":"126482806042"}},{"@type":"type.googleapis.com/google.rpc.LocalizedMessage","locale":"en-US","message":"Compute Engine API has not been used in project 126482806042 before or it is disabled. Enable it by visiting https://console.developers.google.com/apis/api/compute.googleapis.com/overview?project=126482806042 then retry. If you enabled this API recently, wait a few minutes for the action to propagate to our systems and retry."},{"@type":"type.googleapis.com/google.rpc.Help","links":[{"description":"Google developers console API activation","url":"https://console.developers.google.com/apis/api/compute.googleapis.com/overview?project=126482806042"}]}]}},"response":{"statusCode":403}},"exit":1,"message":"Request to https://compute.googleapis.com/compute/v1/projects/126482806042 had HTTP Error: 403, Compute Engine API has not been used in project 126482806042 before or it is disabled. Enable it by visiting https://console.developers.google.com/apis/api/compute.googleapis.com/overview?project=126482806042 then retry. If you enabled this API recently, wait a few minutes for the action to propagate to our systems and retry.","status":403}

winston:file: logged 1068402 [debug] [2026-06-08T20:39:02.246Z] Checked if tokens are valid: true, expires at: 1780953737220

winston:file: logged 1068498 [debug] [2026-06-08T20:39:02.246Z] Checked if tokens are valid: true, expires at: 1780953737220

winston:file: logged 1068627 [debug] [2026-06-08T20:39:02.246Z] >>> [apiv2][query] GET https://compute.googleapis.com/compute/v1/projects/126482806042 [none]

winston:file: written true false
[2026-06-08T20:39:02.401Z] <<< [apiv2][status] GET https://compute.googleapis.com/compute/v1/projects/126482806042 403
winston:file: written true false
[2026-06-08T20:39:02.402Z] <<< [apiv2][body] GET https://compute.googleapis.com/compute/v1/projects/126482806042 {"error":{"code":403,"message":"Compute Engine API has not been used in project 126482806042 before or it is disabled. Enable it by visiting https://console.developers.google.com/apis/api/compute.googleapis.com/overview?project=126482806042 then retry. If you enabled this API recently, wait a few minutes for the action to propagate to our systems and retry.","errors":[{"message":"Compute Engine API has not been used in project 126482806042 before or it is disabled. Enable it by visiting https://console.developers.google.com/apis/api/compute.googleapis.com/overview?project=126482806042 then retry. If you enabled this API recently, wait a few minutes for the action to propagate to our systems and retry.","domain":"usageLimits","reason":"accessNotConfigured","extendedHelp":"https://console.developers.google.com"}],"status":"PERMISSION_DENIED","details":[{"@type":"type.googleapis.com/google.rpc.ErrorInfo","reason":"SERVICE_DISABLED","domain":"googleapis.com","metadata":{"consumer":"projects/126482806042","serviceTitle":"Compute Engine API","containerInfo":"126482806042","activationUrl":"https://console.developers.google.com/apis/api/compute.googleapis.com/overview?project=126482806042","service":"compute.googleapis.com"}},{"@type":"type.googleapis.com/google.rpc.LocalizedMessage","locale":"en-US","message":"Compute Engine API has not been used in project 126482806042 before or it is disabled. Enable it by visiting https://console.developers.google.com/apis/api/compute.googleapis.com/overview?project=126482806042 then retry. If you enabled this API recently, wait a few minutes for the action to propagate to our systems and retry."},{"@type":"type.googleapis.com/google.rpc.Help","links":[{"description":"Google developers console API activation","url":"https://console.developers.google.com/apis/api/compute.googleapis.com/overview?project=126482806042"}]}]}}
winston:file: written true false
[2026-06-08T20:39:02.402Z] unable to look up default compute service account. Falling back to 126482806042-compute@developer.gserviceaccount.com. Error: {"name":"FirebaseError","children":[],"context":{"body":{"error":{"code":403,"message":"Compute Engine API has not been used in project 126482806042 before or it is disabled. Enable it by visiting https://console.developers.google.com/apis/api/compute.googleapis.com/overview?project=126482806042 then retry. If you enabled this API recently, wait a few minutes for the action to propagate to our systems and retry.","errors":[{"message":"Compute Engine API has not been used in project 126482806042 before or it is disabled. Enable it by visiting https://console.developers.google.com/apis/api/compute.googleapis.com/overview?project=126482806042 then retry. If you enabled this API recently, wait a few minutes for the action to propagate to our systems and retry.","domain":"usageLimits","reason":"accessNotConfigured","extendedHelp":"https://console.developers.google.com"}],"status":"PERMISSION_DENIED","details":[{"@type":"type.googleapis.com/google.rpc.ErrorInfo","reason":"SERVICE_DISABLED","domain":"googleapis.com","metadata":{"consumer":"projects/126482806042","serviceTitle":"Compute Engine API","containerInfo":"126482806042","activationUrl":"https://console.developers.google.com/apis/api/compute.googleapis.com/overview?project=126482806042","service":"compute.googleapis.com"}},{"@type":"type.googleapis.com/google.rpc.LocalizedMessage","locale":"en-US","message":"Compute Engine API has not been used in project 126482806042 before or it is disabled. Enable it by visiting https://console.developers.google.com/apis/api/compute.googleapis.com/overview?project=126482806042 then retry. If you enabled this API recently, wait a few minutes for the action to propagate to our systems and retry."},{"@type":"type.googleapis.com/google.rpc.Help","links":[{"description":"Google developers console API activation","url":"https://console.developers.google.com/apis/api/compute.googleapis.com/overview?project=126482806042"}]}]}},"response":{"statusCode":403}},"exit":1,"message":"Request to https://compute.googleapis.com/compute/v1/projects/126482806042 had HTTP Error: 403, Compute Engine API has not been used in project 126482806042 before or it is disabled. Enable it by visiting https://console.developers.google.com/apis/api/compute.googleapis.com/overview?project=126482806042 then retry. If you enabled this API recently, wait a few minutes for the action to propagate to our systems and retry.","status":403}
winston:file: written true false
[2026-06-08T20:39:02.403Z] Checked if tokens are valid: true, expires at: 1780953737220
winston:file: written true false
[2026-06-08T20:39:02.403Z] Checked if tokens are valid: true, expires at: 1780953737220
winston:file: written true false
[2026-06-08T20:39:02.403Z] >>> [apiv2][query] GET https://compute.googleapis.com/compute/v1/projects/126482806042 [none]
winston:file: logged 1068754 [debug] [2026-06-08T20:39:02.401Z] <<< [apiv2][status] GET https://compute.googleapis.com/compute/v1/projects/126482806042 403

winston:file: logged 1070758 [debug] [2026-06-08T20:39:02.402Z] <<< [apiv2][body] GET https://compute.googleapis.com/compute/v1/projects/126482806042 {"error":{"code":403,"message":"Compute Engine API has not been used in project 126482806042 before or it is disabled. Enable it by visiting https://console.developers.google.com/apis/api/compute.googleapis.com/overview?project=126482806042 then retry. If you enabled this API recently, wait a few minutes for the action to propagate to our systems and retry.","errors":[{"message":"Compute Engine API has not been used in project 126482806042 before or it is disabled. Enable it by visiting https://console.developers.google.com/apis/api/compute.googleapis.com/overview?project=126482806042 then retry. If you enabled this API recently, wait a few minutes for the action to propagate to our systems and retry.","domain":"usageLimits","reason":"accessNotConfigured","extendedHelp":"https://console.developers.google.com"}],"status":"PERMISSION_DENIED","details":[{"@type":"type.googleapis.com/google.rpc.ErrorInfo","reason":"SERVICE_DISABLED","domain":"googleapis.com","metadata":{"consumer":"projects/126482806042","serviceTitle":"Compute Engine API","containerInfo":"126482806042","activationUrl":"https://console.developers.google.com/apis/api/compute.googleapis.com/overview?project=126482806042","service":"compute.googleapis.com"}},{"@type":"type.googleapis.com/google.rpc.LocalizedMessage","locale":"en-US","message":"Compute Engine API has not been used in project 126482806042 before or it is disabled. Enable it by visiting https://console.developers.google.com/apis/api/compute.googleapis.com/overview?project=126482806042 then retry. If you enabled this API recently, wait a few minutes for the action to propagate to our systems and retry."},{"@type":"type.googleapis.com/google.rpc.Help","links":[{"description":"Google developers console API activation","url":"https://console.developers.google.com/apis/api/compute.googleapis.com/overview?project=126482806042"}]}]}}

winston:file: logged 1073348 [debug] [2026-06-08T20:39:02.402Z] unable to look up default compute service account. Falling back to 126482806042-compute@developer.gserviceaccount.com. Error: {"name":"FirebaseError","children":[],"context":{"body":{"error":{"code":403,"message":"Compute Engine API has not been used in project 126482806042 before or it is disabled. Enable it by visiting https://console.developers.google.com/apis/api/compute.googleapis.com/overview?project=126482806042 then retry. If you enabled this API recently, wait a few minutes for the action to propagate to our systems and retry.","errors":[{"message":"Compute Engine API has not been used in project 126482806042 before or it is disabled. Enable it by visiting https://console.developers.google.com/apis/api/compute.googleapis.com/overview?project=126482806042 then retry. If you enabled this API recently, wait a few minutes for the action to propagate to our systems and retry.","domain":"usageLimits","reason":"accessNotConfigured","extendedHelp":"https://console.developers.google.com"}],"status":"PERMISSION_DENIED","details":[{"@type":"type.googleapis.com/google.rpc.ErrorInfo","reason":"SERVICE_DISABLED","domain":"googleapis.com","metadata":{"consumer":"projects/126482806042","serviceTitle":"Compute Engine API","containerInfo":"126482806042","activationUrl":"https://console.developers.google.com/apis/api/compute.googleapis.com/overview?project=126482806042","service":"compute.googleapis.com"}},{"@type":"type.googleapis.com/google.rpc.LocalizedMessage","locale":"en-US","message":"Compute Engine API has not been used in project 126482806042 before or it is disabled. Enable it by visiting https://console.developers.google.com/apis/api/compute.googleapis.com/overview?project=126482806042 then retry. If you enabled this API recently, wait a few minutes for the action to propagate to our systems and retry."},{"@type":"type.googleapis.com/google.rpc.Help","links":[{"description":"Google developers console API activation","url":"https://console.developers.google.com/apis/api/compute.googleapis.com/overview?project=126482806042"}]}]}},"response":{"statusCode":403}},"exit":1,"message":"Request to https://compute.googleapis.com/compute/v1/projects/126482806042 had HTTP Error: 403, Compute Engine API has not been used in project 126482806042 before or it is disabled. Enable it by visiting https://console.developers.google.com/apis/api/compute.googleapis.com/overview?project=126482806042 then retry. If you enabled this API recently, wait a few minutes for the action to propagate to our systems and retry.","status":403}

winston:file: logged 1073444 [debug] [2026-06-08T20:39:02.403Z] Checked if tokens are valid: true, expires at: 1780953737220

winston:file: logged 1073540 [debug] [2026-06-08T20:39:02.403Z] Checked if tokens are valid: true, expires at: 1780953737220

winston:file: logged 1073669 [debug] [2026-06-08T20:39:02.403Z] >>> [apiv2][query] GET https://compute.googleapis.com/compute/v1/projects/126482806042 [none]

winston:file: written true false
[2026-06-08T20:39:02.538Z] <<< [apiv2][status] GET https://compute.googleapis.com/compute/v1/projects/126482806042 403
winston:file: written true false
[2026-06-08T20:39:02.539Z] <<< [apiv2][body] GET https://compute.googleapis.com/compute/v1/projects/126482806042 {"error":{"code":403,"message":"Compute Engine API has not been used in project 126482806042 before or it is disabled. Enable it by visiting https://console.developers.google.com/apis/api/compute.googleapis.com/overview?project=126482806042 then retry. If you enabled this API recently, wait a few minutes for the action to propagate to our systems and retry.","errors":[{"message":"Compute Engine API has not been used in project 126482806042 before or it is disabled. Enable it by visiting https://console.developers.google.com/apis/api/compute.googleapis.com/overview?project=126482806042 then retry. If you enabled this API recently, wait a few minutes for the action to propagate to our systems and retry.","domain":"usageLimits","reason":"accessNotConfigured","extendedHelp":"https://console.developers.google.com"}],"status":"PERMISSION_DENIED","details":[{"@type":"type.googleapis.com/google.rpc.ErrorInfo","reason":"SERVICE_DISABLED","domain":"googleapis.com","metadata":{"consumer":"projects/126482806042","serviceTitle":"Compute Engine API","containerInfo":"126482806042","activationUrl":"https://console.developers.google.com/apis/api/compute.googleapis.com/overview?project=126482806042","service":"compute.googleapis.com"}},{"@type":"type.googleapis.com/google.rpc.LocalizedMessage","locale":"en-US","message":"Compute Engine API has not been used in project 126482806042 before or it is disabled. Enable it by visiting https://console.developers.google.com/apis/api/compute.googleapis.com/overview?project=126482806042 then retry. If you enabled this API recently, wait a few minutes for the action to propagate to our systems and retry."},{"@type":"type.googleapis.com/google.rpc.Help","links":[{"description":"Google developers console API activation","url":"https://console.developers.google.com/apis/api/compute.googleapis.com/overview?project=126482806042"}]}]}}
winston:file: written true false
[2026-06-08T20:39:02.540Z] unable to look up default compute service account. Falling back to 126482806042-compute@developer.gserviceaccount.com. Error: {"name":"FirebaseError","children":[],"context":{"body":{"error":{"code":403,"message":"Compute Engine API has not been used in project 126482806042 before or it is disabled. Enable it by visiting https://console.developers.google.com/apis/api/compute.googleapis.com/overview?project=126482806042 then retry. If you enabled this API recently, wait a few minutes for the action to propagate to our systems and retry.","errors":[{"message":"Compute Engine API has not been used in project 126482806042 before or it is disabled. Enable it by visiting https://console.developers.google.com/apis/api/compute.googleapis.com/overview?project=126482806042 then retry. If you enabled this API recently, wait a few minutes for the action to propagate to our systems and retry.","domain":"usageLimits","reason":"accessNotConfigured","extendedHelp":"https://console.developers.google.com"}],"status":"PERMISSION_DENIED","details":[{"@type":"type.googleapis.com/google.rpc.ErrorInfo","reason":"SERVICE_DISABLED","domain":"googleapis.com","metadata":{"consumer":"projects/126482806042","serviceTitle":"Compute Engine API","containerInfo":"126482806042","activationUrl":"https://console.developers.google.com/apis/api/compute.googleapis.com/overview?project=126482806042","service":"compute.googleapis.com"}},{"@type":"type.googleapis.com/google.rpc.LocalizedMessage","locale":"en-US","message":"Compute Engine API has not been used in project 126482806042 before or it is disabled. Enable it by visiting https://console.developers.google.com/apis/api/compute.googleapis.com/overview?project=126482806042 then retry. If you enabled this API recently, wait a few minutes for the action to propagate to our systems and retry."},{"@type":"type.googleapis.com/google.rpc.Help","links":[{"description":"Google developers console API activation","url":"https://console.developers.google.com/apis/api/compute.googleapis.com/overview?project=126482806042"}]}]}},"response":{"statusCode":403}},"exit":1,"message":"Request to https://compute.googleapis.com/compute/v1/projects/126482806042 had HTTP Error: 403, Compute Engine API has not been used in project 126482806042 before or it is disabled. Enable it by visiting https://console.developers.google.com/apis/api/compute.googleapis.com/overview?project=126482806042 then retry. If you enabled this API recently, wait a few minutes for the action to propagate to our systems and retry.","status":403}
winston:file: written true false
[2026-06-08T20:39:02.540Z] Checked if tokens are valid: true, expires at: 1780953737220
winston:file: written true false
[2026-06-08T20:39:02.540Z] Checked if tokens are valid: true, expires at: 1780953737220
winston:file: written true false
[2026-06-08T20:39:02.541Z] >>> [apiv2][query] GET https://compute.googleapis.com/compute/v1/projects/126482806042 [none]
winston:file: logged 1073796 [debug] [2026-06-08T20:39:02.538Z] <<< [apiv2][status] GET https://compute.googleapis.com/compute/v1/projects/126482806042 403

winston:file: logged 1075800 [debug] [2026-06-08T20:39:02.539Z] <<< [apiv2][body] GET https://compute.googleapis.com/compute/v1/projects/126482806042 {"error":{"code":403,"message":"Compute Engine API has not been used in project 126482806042 before or it is disabled. Enable it by visiting https://console.developers.google.com/apis/api/compute.googleapis.com/overview?project=126482806042 then retry. If you enabled this API recently, wait a few minutes for the action to propagate to our systems and retry.","errors":[{"message":"Compute Engine API has not been used in project 126482806042 before or it is disabled. Enable it by visiting https://console.developers.google.com/apis/api/compute.googleapis.com/overview?project=126482806042 then retry. If you enabled this API recently, wait a few minutes for the action to propagate to our systems and retry.","domain":"usageLimits","reason":"accessNotConfigured","extendedHelp":"https://console.developers.google.com"}],"status":"PERMISSION_DENIED","details":[{"@type":"type.googleapis.com/google.rpc.ErrorInfo","reason":"SERVICE_DISABLED","domain":"googleapis.com","metadata":{"consumer":"projects/126482806042","serviceTitle":"Compute Engine API","containerInfo":"126482806042","activationUrl":"https://console.developers.google.com/apis/api/compute.googleapis.com/overview?project=126482806042","service":"compute.googleapis.com"}},{"@type":"type.googleapis.com/google.rpc.LocalizedMessage","locale":"en-US","message":"Compute Engine API has not been used in project 126482806042 before or it is disabled. Enable it by visiting https://console.developers.google.com/apis/api/compute.googleapis.com/overview?project=126482806042 then retry. If you enabled this API recently, wait a few minutes for the action to propagate to our systems and retry."},{"@type":"type.googleapis.com/google.rpc.Help","links":[{"description":"Google developers console API activation","url":"https://console.developers.google.com/apis/api/compute.googleapis.com/overview?project=126482806042"}]}]}}

winston:file: logged 1078390 [debug] [2026-06-08T20:39:02.540Z] unable to look up default compute service account. Falling back to 126482806042-compute@developer.gserviceaccount.com. Error: {"name":"FirebaseError","children":[],"context":{"body":{"error":{"code":403,"message":"Compute Engine API has not been used in project 126482806042 before or it is disabled. Enable it by visiting https://console.developers.google.com/apis/api/compute.googleapis.com/overview?project=126482806042 then retry. If you enabled this API recently, wait a few minutes for the action to propagate to our systems and retry.","errors":[{"message":"Compute Engine API has not been used in project 126482806042 before or it is disabled. Enable it by visiting https://console.developers.google.com/apis/api/compute.googleapis.com/overview?project=126482806042 then retry. If you enabled this API recently, wait a few minutes for the action to propagate to our systems and retry.","domain":"usageLimits","reason":"accessNotConfigured","extendedHelp":"https://console.developers.google.com"}],"status":"PERMISSION_DENIED","details":[{"@type":"type.googleapis.com/google.rpc.ErrorInfo","reason":"SERVICE_DISABLED","domain":"googleapis.com","metadata":{"consumer":"projects/126482806042","serviceTitle":"Compute Engine API","containerInfo":"126482806042","activationUrl":"https://console.developers.google.com/apis/api/compute.googleapis.com/overview?project=126482806042","service":"compute.googleapis.com"}},{"@type":"type.googleapis.com/google.rpc.LocalizedMessage","locale":"en-US","message":"Compute Engine API has not been used in project 126482806042 before or it is disabled. Enable it by visiting https://console.developers.google.com/apis/api/compute.googleapis.com/overview?project=126482806042 then retry. If you enabled this API recently, wait a few minutes for the action to propagate to our systems and retry."},{"@type":"type.googleapis.com/google.rpc.Help","links":[{"description":"Google developers console API activation","url":"https://console.developers.google.com/apis/api/compute.googleapis.com/overview?project=126482806042"}]}]}},"response":{"statusCode":403}},"exit":1,"message":"Request to https://compute.googleapis.com/compute/v1/projects/126482806042 had HTTP Error: 403, Compute Engine API has not been used in project 126482806042 before or it is disabled. Enable it by visiting https://console.developers.google.com/apis/api/compute.googleapis.com/overview?project=126482806042 then retry. If you enabled this API recently, wait a few minutes for the action to propagate to our systems and retry.","status":403}

winston:file: logged 1078486 [debug] [2026-06-08T20:39:02.540Z] Checked if tokens are valid: true, expires at: 1780953737220

winston:file: logged 1078582 [debug] [2026-06-08T20:39:02.540Z] Checked if tokens are valid: true, expires at: 1780953737220

winston:file: logged 1078711 [debug] [2026-06-08T20:39:02.541Z] >>> [apiv2][query] GET https://compute.googleapis.com/compute/v1/projects/126482806042 [none]

winston:file: written true false
[2026-06-08T20:39:02.678Z] <<< [apiv2][status] GET https://compute.googleapis.com/compute/v1/projects/126482806042 403
winston:file: written true false
[2026-06-08T20:39:02.679Z] <<< [apiv2][body] GET https://compute.googleapis.com/compute/v1/projects/126482806042 {"error":{"code":403,"message":"Compute Engine API has not been used in project 126482806042 before or it is disabled. Enable it by visiting https://console.developers.google.com/apis/api/compute.googleapis.com/overview?project=126482806042 then retry. If you enabled this API recently, wait a few minutes for the action to propagate to our systems and retry.","errors":[{"message":"Compute Engine API has not been used in project 126482806042 before or it is disabled. Enable it by visiting https://console.developers.google.com/apis/api/compute.googleapis.com/overview?project=126482806042 then retry. If you enabled this API recently, wait a few minutes for the action to propagate to our systems and retry.","domain":"usageLimits","reason":"accessNotConfigured","extendedHelp":"https://console.developers.google.com"}],"status":"PERMISSION_DENIED","details":[{"@type":"type.googleapis.com/google.rpc.ErrorInfo","reason":"SERVICE_DISABLED","domain":"googleapis.com","metadata":{"serviceTitle":"Compute Engine API","consumer":"projects/126482806042","containerInfo":"126482806042","service":"compute.googleapis.com","activationUrl":"https://console.developers.google.com/apis/api/compute.googleapis.com/overview?project=126482806042"}},{"@type":"type.googleapis.com/google.rpc.LocalizedMessage","locale":"en-US","message":"Compute Engine API has not been used in project 126482806042 before or it is disabled. Enable it by visiting https://console.developers.google.com/apis/api/compute.googleapis.com/overview?project=126482806042 then retry. If you enabled this API recently, wait a few minutes for the action to propagate to our systems and retry."},{"@type":"type.googleapis.com/google.rpc.Help","links":[{"description":"Google developers console API activation","url":"https://console.developers.google.com/apis/api/compute.googleapis.com/overview?project=126482806042"}]}]}}
winston:file: written true false
[2026-06-08T20:39:02.680Z] unable to look up default compute service account. Falling back to 126482806042-compute@developer.gserviceaccount.com. Error: {"name":"FirebaseError","children":[],"context":{"body":{"error":{"code":403,"message":"Compute Engine API has not been used in project 126482806042 before or it is disabled. Enable it by visiting https://console.developers.google.com/apis/api/compute.googleapis.com/overview?project=126482806042 then retry. If you enabled this API recently, wait a few minutes for the action to propagate to our systems and retry.","errors":[{"message":"Compute Engine API has not been used in project 126482806042 before or it is disabled. Enable it by visiting https://console.developers.google.com/apis/api/compute.googleapis.com/overview?project=126482806042 then retry. If you enabled this API recently, wait a few minutes for the action to propagate to our systems and retry.","domain":"usageLimits","reason":"accessNotConfigured","extendedHelp":"https://console.developers.google.com"}],"status":"PERMISSION_DENIED","details":[{"@type":"type.googleapis.com/google.rpc.ErrorInfo","reason":"SERVICE_DISABLED","domain":"googleapis.com","metadata":{"serviceTitle":"Compute Engine API","consumer":"projects/126482806042","containerInfo":"126482806042","service":"compute.googleapis.com","activationUrl":"https://console.developers.google.com/apis/api/compute.googleapis.com/overview?project=126482806042"}},{"@type":"type.googleapis.com/google.rpc.LocalizedMessage","locale":"en-US","message":"Compute Engine API has not been used in project 126482806042 before or it is disabled. Enable it by visiting https://console.developers.google.com/apis/api/compute.googleapis.com/overview?project=126482806042 then retry. If you enabled this API recently, wait a few minutes for the action to propagate to our systems and retry."},{"@type":"type.googleapis.com/google.rpc.Help","links":[{"description":"Google developers console API activation","url":"https://console.developers.google.com/apis/api/compute.googleapis.com/overview?project=126482806042"}]}]}},"response":{"statusCode":403}},"exit":1,"message":"Request to https://compute.googleapis.com/compute/v1/projects/126482806042 had HTTP Error: 403, Compute Engine API has not been used in project 126482806042 before or it is disabled. Enable it by visiting https://console.developers.google.com/apis/api/compute.googleapis.com/overview?project=126482806042 then retry. If you enabled this API recently, wait a few minutes for the action to propagate to our systems and retry.","status":403}
winston:file: written true false
[2026-06-08T20:39:02.680Z] Checked if tokens are valid: true, expires at: 1780953737220
winston:file: written true false
[2026-06-08T20:39:02.680Z] Checked if tokens are valid: true, expires at: 1780953737220
winston:file: written true false
[2026-06-08T20:39:02.680Z] >>> [apiv2][query] GET https://compute.googleapis.com/compute/v1/projects/126482806042 [none]
winston:file: logged 1078838 [debug] [2026-06-08T20:39:02.678Z] <<< [apiv2][status] GET https://compute.googleapis.com/compute/v1/projects/126482806042 403

winston:file: logged 1080842 [debug] [2026-06-08T20:39:02.679Z] <<< [apiv2][body] GET https://compute.googleapis.com/compute/v1/projects/126482806042 {"error":{"code":403,"message":"Compute Engine API has not been used in project 126482806042 before or it is disabled. Enable it by visiting https://console.developers.google.com/apis/api/compute.googleapis.com/overview?project=126482806042 then retry. If you enabled this API recently, wait a few minutes for the action to propagate to our systems and retry.","errors":[{"message":"Compute Engine API has not been used in project 126482806042 before or it is disabled. Enable it by visiting https://console.developers.google.com/apis/api/compute.googleapis.com/overview?project=126482806042 then retry. If you enabled this API recently, wait a few minutes for the action to propagate to our systems and retry.","domain":"usageLimits","reason":"accessNotConfigured","extendedHelp":"https://console.developers.google.com"}],"status":"PERMISSION_DENIED","details":[{"@type":"type.googleapis.com/google.rpc.ErrorInfo","reason":"SERVICE_DISABLED","domain":"googleapis.com","metadata":{"serviceTitle":"Compute Engine API","consumer":"projects/126482806042","containerInfo":"126482806042","service":"compute.googleapis.com","activationUrl":"https://console.developers.google.com/apis/api/compute.googleapis.com/overview?project=126482806042"}},{"@type":"type.googleapis.com/google.rpc.LocalizedMessage","locale":"en-US","message":"Compute Engine API has not been used in project 126482806042 before or it is disabled. Enable it by visiting https://console.developers.google.com/apis/api/compute.googleapis.com/overview?project=126482806042 then retry. If you enabled this API recently, wait a few minutes for the action to propagate to our systems and retry."},{"@type":"type.googleapis.com/google.rpc.Help","links":[{"description":"Google developers console API activation","url":"https://console.developers.google.com/apis/api/compute.googleapis.com/overview?project=126482806042"}]}]}}

winston:file: logged 1083432 [debug] [2026-06-08T20:39:02.680Z] unable to look up default compute service account. Falling back to 126482806042-compute@developer.gserviceaccount.com. Error: {"name":"FirebaseError","children":[],"context":{"body":{"error":{"code":403,"message":"Compute Engine API has not been used in project 126482806042 before or it is disabled. Enable it by visiting https://console.developers.google.com/apis/api/compute.googleapis.com/overview?project=126482806042 then retry. If you enabled this API recently, wait a few minutes for the action to propagate to our systems and retry.","errors":[{"message":"Compute Engine API has not been used in project 126482806042 before or it is disabled. Enable it by visiting https://console.developers.google.com/apis/api/compute.googleapis.com/overview?project=126482806042 then retry. If you enabled this API recently, wait a few minutes for the action to propagate to our systems and retry.","domain":"usageLimits","reason":"accessNotConfigured","extendedHelp":"https://console.developers.google.com"}],"status":"PERMISSION_DENIED","details":[{"@type":"type.googleapis.com/google.rpc.ErrorInfo","reason":"SERVICE_DISABLED","domain":"googleapis.com","metadata":{"serviceTitle":"Compute Engine API","consumer":"projects/126482806042","containerInfo":"126482806042","service":"compute.googleapis.com","activationUrl":"https://console.developers.google.com/apis/api/compute.googleapis.com/overview?project=126482806042"}},{"@type":"type.googleapis.com/google.rpc.LocalizedMessage","locale":"en-US","message":"Compute Engine API has not been used in project 126482806042 before or it is disabled. Enable it by visiting https://console.developers.google.com/apis/api/compute.googleapis.com/overview?project=126482806042 then retry. If you enabled this API recently, wait a few minutes for the action to propagate to our systems and retry."},{"@type":"type.googleapis.com/google.rpc.Help","links":[{"description":"Google developers console API activation","url":"https://console.developers.google.com/apis/api/compute.googleapis.com/overview?project=126482806042"}]}]}},"response":{"statusCode":403}},"exit":1,"message":"Request to https://compute.googleapis.com/compute/v1/projects/126482806042 had HTTP Error: 403, Compute Engine API has not been used in project 126482806042 before or it is disabled. Enable it by visiting https://console.developers.google.com/apis/api/compute.googleapis.com/overview?project=126482806042 then retry. If you enabled this API recently, wait a few minutes for the action to propagate to our systems and retry.","status":403}

winston:file: logged 1083528 [debug] [2026-06-08T20:39:02.680Z] Checked if tokens are valid: true, expires at: 1780953737220

winston:file: logged 1083624 [debug] [2026-06-08T20:39:02.680Z] Checked if tokens are valid: true, expires at: 1780953737220

winston:file: logged 1083753 [debug] [2026-06-08T20:39:02.680Z] >>> [apiv2][query] GET https://compute.googleapis.com/compute/v1/projects/126482806042 [none]

winston:file: written true false
[2026-06-08T20:39:02.794Z] <<< [apiv2][status] GET https://compute.googleapis.com/compute/v1/projects/126482806042 403
winston:file: written true false
[2026-06-08T20:39:02.794Z] <<< [apiv2][body] GET https://compute.googleapis.com/compute/v1/projects/126482806042 {"error":{"code":403,"message":"Compute Engine API has not been used in project 126482806042 before or it is disabled. Enable it by visiting https://console.developers.google.com/apis/api/compute.googleapis.com/overview?project=126482806042 then retry. If you enabled this API recently, wait a few minutes for the action to propagate to our systems and retry.","errors":[{"message":"Compute Engine API has not been used in project 126482806042 before or it is disabled. Enable it by visiting https://console.developers.google.com/apis/api/compute.googleapis.com/overview?project=126482806042 then retry. If you enabled this API recently, wait a few minutes for the action to propagate to our systems and retry.","domain":"usageLimits","reason":"accessNotConfigured","extendedHelp":"https://console.developers.google.com"}],"status":"PERMISSION_DENIED","details":[{"@type":"type.googleapis.com/google.rpc.ErrorInfo","reason":"SERVICE_DISABLED","domain":"googleapis.com","metadata":{"containerInfo":"126482806042","activationUrl":"https://console.developers.google.com/apis/api/compute.googleapis.com/overview?project=126482806042","consumer":"projects/126482806042","service":"compute.googleapis.com","serviceTitle":"Compute Engine API"}},{"@type":"type.googleapis.com/google.rpc.LocalizedMessage","locale":"en-US","message":"Compute Engine API has not been used in project 126482806042 before or it is disabled. Enable it by visiting https://console.developers.google.com/apis/api/compute.googleapis.com/overview?project=126482806042 then retry. If you enabled this API recently, wait a few minutes for the action to propagate to our systems and retry."},{"@type":"type.googleapis.com/google.rpc.Help","links":[{"description":"Google developers console API activation","url":"https://console.developers.google.com/apis/api/compute.googleapis.com/overview?project=126482806042"}]}]}}
winston:file: written true false
[2026-06-08T20:39:02.794Z] unable to look up default compute service account. Falling back to 126482806042-compute@developer.gserviceaccount.com. Error: {"name":"FirebaseError","children":[],"context":{"body":{"error":{"code":403,"message":"Compute Engine API has not been used in project 126482806042 before or it is disabled. Enable it by visiting https://console.developers.google.com/apis/api/compute.googleapis.com/overview?project=126482806042 then retry. If you enabled this API recently, wait a few minutes for the action to propagate to our systems and retry.","errors":[{"message":"Compute Engine API has not been used in project 126482806042 before or it is disabled. Enable it by visiting https://console.developers.google.com/apis/api/compute.googleapis.com/overview?project=126482806042 then retry. If you enabled this API recently, wait a few minutes for the action to propagate to our systems and retry.","domain":"usageLimits","reason":"accessNotConfigured","extendedHelp":"https://console.developers.google.com"}],"status":"PERMISSION_DENIED","details":[{"@type":"type.googleapis.com/google.rpc.ErrorInfo","reason":"SERVICE_DISABLED","domain":"googleapis.com","metadata":{"containerInfo":"126482806042","activationUrl":"https://console.developers.google.com/apis/api/compute.googleapis.com/overview?project=126482806042","consumer":"projects/126482806042","service":"compute.googleapis.com","serviceTitle":"Compute Engine API"}},{"@type":"type.googleapis.com/google.rpc.LocalizedMessage","locale":"en-US","message":"Compute Engine API has not been used in project 126482806042 before or it is disabled. Enable it by visiting https://console.developers.google.com/apis/api/compute.googleapis.com/overview?project=126482806042 then retry. If you enabled this API recently, wait a few minutes for the action to propagate to our systems and retry."},{"@type":"type.googleapis.com/google.rpc.Help","links":[{"description":"Google developers console API activation","url":"https://console.developers.google.com/apis/api/compute.googleapis.com/overview?project=126482806042"}]}]}},"response":{"statusCode":403}},"exit":1,"message":"Request to https://compute.googleapis.com/compute/v1/projects/126482806042 had HTTP Error: 403, Compute Engine API has not been used in project 126482806042 before or it is disabled. Enable it by visiting https://console.developers.google.com/apis/api/compute.googleapis.com/overview?project=126482806042 then retry. If you enabled this API recently, wait a few minutes for the action to propagate to our systems and retry.","status":403}
winston:file: written true false
[2026-06-08T20:39:02.794Z] Checked if tokens are valid: true, expires at: 1780953737220
winston:file: written true false
[2026-06-08T20:39:02.794Z] Checked if tokens are valid: true, expires at: 1780953737220
winston:file: written true false
[2026-06-08T20:39:02.794Z] >>> [apiv2][query] GET https://compute.googleapis.com/compute/v1/projects/126482806042 [none]
winston:file: logged 1083880 [debug] [2026-06-08T20:39:02.794Z] <<< [apiv2][status] GET https://compute.googleapis.com/compute/v1/projects/126482806042 403

winston:file: logged 1085884 [debug] [2026-06-08T20:39:02.794Z] <<< [apiv2][body] GET https://compute.googleapis.com/compute/v1/projects/126482806042 {"error":{"code":403,"message":"Compute Engine API has not been used in project 126482806042 before or it is disabled. Enable it by visiting https://console.developers.google.com/apis/api/compute.googleapis.com/overview?project=126482806042 then retry. If you enabled this API recently, wait a few minutes for the action to propagate to our systems and retry.","errors":[{"message":"Compute Engine API has not been used in project 126482806042 before or it is disabled. Enable it by visiting https://console.developers.google.com/apis/api/compute.googleapis.com/overview?project=126482806042 then retry. If you enabled this API recently, wait a few minutes for the action to propagate to our systems and retry.","domain":"usageLimits","reason":"accessNotConfigured","extendedHelp":"https://console.developers.google.com"}],"status":"PERMISSION_DENIED","details":[{"@type":"type.googleapis.com/google.rpc.ErrorInfo","reason":"SERVICE_DISABLED","domain":"googleapis.com","metadata":{"containerInfo":"126482806042","activationUrl":"https://console.developers.google.com/apis/api/compute.googleapis.com/overview?project=126482806042","consumer":"projects/126482806042","service":"compute.googleapis.com","serviceTitle":"Compute Engine API"}},{"@type":"type.googleapis.com/google.rpc.LocalizedMessage","locale":"en-US","message":"Compute Engine API has not been used in project 126482806042 before or it is disabled. Enable it by visiting https://console.developers.google.com/apis/api/compute.googleapis.com/overview?project=126482806042 then retry. If you enabled this API recently, wait a few minutes for the action to propagate to our systems and retry."},{"@type":"type.googleapis.com/google.rpc.Help","links":[{"description":"Google developers console API activation","url":"https://console.developers.google.com/apis/api/compute.googleapis.com/overview?project=126482806042"}]}]}}

winston:file: logged 1088474 [debug] [2026-06-08T20:39:02.794Z] unable to look up default compute service account. Falling back to 126482806042-compute@developer.gserviceaccount.com. Error: {"name":"FirebaseError","children":[],"context":{"body":{"error":{"code":403,"message":"Compute Engine API has not been used in project 126482806042 before or it is disabled. Enable it by visiting https://console.developers.google.com/apis/api/compute.googleapis.com/overview?project=126482806042 then retry. If you enabled this API recently, wait a few minutes for the action to propagate to our systems and retry.","errors":[{"message":"Compute Engine API has not been used in project 126482806042 before or it is disabled. Enable it by visiting https://console.developers.google.com/apis/api/compute.googleapis.com/overview?project=126482806042 then retry. If you enabled this API recently, wait a few minutes for the action to propagate to our systems and retry.","domain":"usageLimits","reason":"accessNotConfigured","extendedHelp":"https://console.developers.google.com"}],"status":"PERMISSION_DENIED","details":[{"@type":"type.googleapis.com/google.rpc.ErrorInfo","reason":"SERVICE_DISABLED","domain":"googleapis.com","metadata":{"containerInfo":"126482806042","activationUrl":"https://console.developers.google.com/apis/api/compute.googleapis.com/overview?project=126482806042","consumer":"projects/126482806042","service":"compute.googleapis.com","serviceTitle":"Compute Engine API"}},{"@type":"type.googleapis.com/google.rpc.LocalizedMessage","locale":"en-US","message":"Compute Engine API has not been used in project 126482806042 before or it is disabled. Enable it by visiting https://console.developers.google.com/apis/api/compute.googleapis.com/overview?project=126482806042 then retry. If you enabled this API recently, wait a few minutes for the action to propagate to our systems and retry."},{"@type":"type.googleapis.com/google.rpc.Help","links":[{"description":"Google developers console API activation","url":"https://console.developers.google.com/apis/api/compute.googleapis.com/overview?project=126482806042"}]}]}},"response":{"statusCode":403}},"exit":1,"message":"Request to https://compute.googleapis.com/compute/v1/projects/126482806042 had HTTP Error: 403, Compute Engine API has not been used in project 126482806042 before or it is disabled. Enable it by visiting https://console.developers.google.com/apis/api/compute.googleapis.com/overview?project=126482806042 then retry. If you enabled this API recently, wait a few minutes for the action to propagate to our systems and retry.","status":403}

winston:file: logged 1088570 [debug] [2026-06-08T20:39:02.794Z] Checked if tokens are valid: true, expires at: 1780953737220

winston:file: logged 1088666 [debug] [2026-06-08T20:39:02.794Z] Checked if tokens are valid: true, expires at: 1780953737220

winston:file: logged 1088795 [debug] [2026-06-08T20:39:02.794Z] >>> [apiv2][query] GET https://compute.googleapis.com/compute/v1/projects/126482806042 [none]

winston:file: written true false
[2026-06-08T20:39:02.938Z] <<< [apiv2][status] GET https://compute.googleapis.com/compute/v1/projects/126482806042 403
winston:file: written true false
[2026-06-08T20:39:02.939Z] <<< [apiv2][body] GET https://compute.googleapis.com/compute/v1/projects/126482806042 {"error":{"code":403,"message":"Compute Engine API has not been used in project 126482806042 before or it is disabled. Enable it by visiting https://console.developers.google.com/apis/api/compute.googleapis.com/overview?project=126482806042 then retry. If you enabled this API recently, wait a few minutes for the action to propagate to our systems and retry.","errors":[{"message":"Compute Engine API has not been used in project 126482806042 before or it is disabled. Enable it by visiting https://console.developers.google.com/apis/api/compute.googleapis.com/overview?project=126482806042 then retry. If you enabled this API recently, wait a few minutes for the action to propagate to our systems and retry.","domain":"usageLimits","reason":"accessNotConfigured","extendedHelp":"https://console.developers.google.com"}],"status":"PERMISSION_DENIED","details":[{"@type":"type.googleapis.com/google.rpc.ErrorInfo","reason":"SERVICE_DISABLED","domain":"googleapis.com","metadata":{"consumer":"projects/126482806042","serviceTitle":"Compute Engine API","containerInfo":"126482806042","activationUrl":"https://console.developers.google.com/apis/api/compute.googleapis.com/overview?project=126482806042","service":"compute.googleapis.com"}},{"@type":"type.googleapis.com/google.rpc.LocalizedMessage","locale":"en-US","message":"Compute Engine API has not been used in project 126482806042 before or it is disabled. Enable it by visiting https://console.developers.google.com/apis/api/compute.googleapis.com/overview?project=126482806042 then retry. If you enabled this API recently, wait a few minutes for the action to propagate to our systems and retry."},{"@type":"type.googleapis.com/google.rpc.Help","links":[{"description":"Google developers console API activation","url":"https://console.developers.google.com/apis/api/compute.googleapis.com/overview?project=126482806042"}]}]}}
winston:file: written true false
[2026-06-08T20:39:02.939Z] unable to look up default compute service account. Falling back to 126482806042-compute@developer.gserviceaccount.com. Error: {"name":"FirebaseError","children":[],"context":{"body":{"error":{"code":403,"message":"Compute Engine API has not been used in project 126482806042 before or it is disabled. Enable it by visiting https://console.developers.google.com/apis/api/compute.googleapis.com/overview?project=126482806042 then retry. If you enabled this API recently, wait a few minutes for the action to propagate to our systems and retry.","errors":[{"message":"Compute Engine API has not been used in project 126482806042 before or it is disabled. Enable it by visiting https://console.developers.google.com/apis/api/compute.googleapis.com/overview?project=126482806042 then retry. If you enabled this API recently, wait a few minutes for the action to propagate to our systems and retry.","domain":"usageLimits","reason":"accessNotConfigured","extendedHelp":"https://console.developers.google.com"}],"status":"PERMISSION_DENIED","details":[{"@type":"type.googleapis.com/google.rpc.ErrorInfo","reason":"SERVICE_DISABLED","domain":"googleapis.com","metadata":{"consumer":"projects/126482806042","serviceTitle":"Compute Engine API","containerInfo":"126482806042","activationUrl":"https://console.developers.google.com/apis/api/compute.googleapis.com/overview?project=126482806042","service":"compute.googleapis.com"}},{"@type":"type.googleapis.com/google.rpc.LocalizedMessage","locale":"en-US","message":"Compute Engine API has not been used in project 126482806042 before or it is disabled. Enable it by visiting https://console.developers.google.com/apis/api/compute.googleapis.com/overview?project=126482806042 then retry. If you enabled this API recently, wait a few minutes for the action to propagate to our systems and retry."},{"@type":"type.googleapis.com/google.rpc.Help","links":[{"description":"Google developers console API activation","url":"https://console.developers.google.com/apis/api/compute.googleapis.com/overview?project=126482806042"}]}]}},"response":{"statusCode":403}},"exit":1,"message":"Request to https://compute.googleapis.com/compute/v1/projects/126482806042 had HTTP Error: 403, Compute Engine API has not been used in project 126482806042 before or it is disabled. Enable it by visiting https://console.developers.google.com/apis/api/compute.googleapis.com/overview?project=126482806042 then retry. If you enabled this API recently, wait a few minutes for the action to propagate to our systems and retry.","status":403}
winston:file: written true false
[2026-06-08T20:39:02.940Z] Checked if tokens are valid: true, expires at: 1780953737220
winston:file: written true false
[2026-06-08T20:39:02.940Z] Checked if tokens are valid: true, expires at: 1780953737220
winston:file: written true false
[2026-06-08T20:39:02.940Z] >>> [apiv2][query] GET https://compute.googleapis.com/compute/v1/projects/126482806042 [none]
winston:file: logged 1088922 [debug] [2026-06-08T20:39:02.938Z] <<< [apiv2][status] GET https://compute.googleapis.com/compute/v1/projects/126482806042 403

winston:file: logged 1090926 [debug] [2026-06-08T20:39:02.939Z] <<< [apiv2][body] GET https://compute.googleapis.com/compute/v1/projects/126482806042 {"error":{"code":403,"message":"Compute Engine API has not been used in project 126482806042 before or it is disabled. Enable it by visiting https://console.developers.google.com/apis/api/compute.googleapis.com/overview?project=126482806042 then retry. If you enabled this API recently, wait a few minutes for the action to propagate to our systems and retry.","errors":[{"message":"Compute Engine API has not been used in project 126482806042 before or it is disabled. Enable it by visiting https://console.developers.google.com/apis/api/compute.googleapis.com/overview?project=126482806042 then retry. If you enabled this API recently, wait a few minutes for the action to propagate to our systems and retry.","domain":"usageLimits","reason":"accessNotConfigured","extendedHelp":"https://console.developers.google.com"}],"status":"PERMISSION_DENIED","details":[{"@type":"type.googleapis.com/google.rpc.ErrorInfo","reason":"SERVICE_DISABLED","domain":"googleapis.com","metadata":{"consumer":"projects/126482806042","serviceTitle":"Compute Engine API","containerInfo":"126482806042","activationUrl":"https://console.developers.google.com/apis/api/compute.googleapis.com/overview?project=126482806042","service":"compute.googleapis.com"}},{"@type":"type.googleapis.com/google.rpc.LocalizedMessage","locale":"en-US","message":"Compute Engine API has not been used in project 126482806042 before or it is disabled. Enable it by visiting https://console.developers.google.com/apis/api/compute.googleapis.com/overview?project=126482806042 then retry. If you enabled this API recently, wait a few minutes for the action to propagate to our systems and retry."},{"@type":"type.googleapis.com/google.rpc.Help","links":[{"description":"Google developers console API activation","url":"https://console.developers.google.com/apis/api/compute.googleapis.com/overview?project=126482806042"}]}]}}

winston:file: logged 1093516 [debug] [2026-06-08T20:39:02.939Z] unable to look up default compute service account. Falling back to 126482806042-compute@developer.gserviceaccount.com. Error: {"name":"FirebaseError","children":[],"context":{"body":{"error":{"code":403,"message":"Compute Engine API has not been used in project 126482806042 before or it is disabled. Enable it by visiting https://console.developers.google.com/apis/api/compute.googleapis.com/overview?project=126482806042 then retry. If you enabled this API recently, wait a few minutes for the action to propagate to our systems and retry.","errors":[{"message":"Compute Engine API has not been used in project 126482806042 before or it is disabled. Enable it by visiting https://console.developers.google.com/apis/api/compute.googleapis.com/overview?project=126482806042 then retry. If you enabled this API recently, wait a few minutes for the action to propagate to our systems and retry.","domain":"usageLimits","reason":"accessNotConfigured","extendedHelp":"https://console.developers.google.com"}],"status":"PERMISSION_DENIED","details":[{"@type":"type.googleapis.com/google.rpc.ErrorInfo","reason":"SERVICE_DISABLED","domain":"googleapis.com","metadata":{"consumer":"projects/126482806042","serviceTitle":"Compute Engine API","containerInfo":"126482806042","activationUrl":"https://console.developers.google.com/apis/api/compute.googleapis.com/overview?project=126482806042","service":"compute.googleapis.com"}},{"@type":"type.googleapis.com/google.rpc.LocalizedMessage","locale":"en-US","message":"Compute Engine API has not been used in project 126482806042 before or it is disabled. Enable it by visiting https://console.developers.google.com/apis/api/compute.googleapis.com/overview?project=126482806042 then retry. If you enabled this API recently, wait a few minutes for the action to propagate to our systems and retry."},{"@type":"type.googleapis.com/google.rpc.Help","links":[{"description":"Google developers console API activation","url":"https://console.developers.google.com/apis/api/compute.googleapis.com/overview?project=126482806042"}]}]}},"response":{"statusCode":403}},"exit":1,"message":"Request to https://compute.googleapis.com/compute/v1/projects/126482806042 had HTTP Error: 403, Compute Engine API has not been used in project 126482806042 before or it is disabled. Enable it by visiting https://console.developers.google.com/apis/api/compute.googleapis.com/overview?project=126482806042 then retry. If you enabled this API recently, wait a few minutes for the action to propagate to our systems and retry.","status":403}

winston:file: logged 1093612 [debug] [2026-06-08T20:39:02.940Z] Checked if tokens are valid: true, expires at: 1780953737220

winston:file: logged 1093708 [debug] [2026-06-08T20:39:02.940Z] Checked if tokens are valid: true, expires at: 1780953737220

winston:file: logged 1093837 [debug] [2026-06-08T20:39:02.940Z] >>> [apiv2][query] GET https://compute.googleapis.com/compute/v1/projects/126482806042 [none]

winston:file: written true false
[2026-06-08T20:39:03.074Z] <<< [apiv2][status] GET https://compute.googleapis.com/compute/v1/projects/126482806042 403
winston:file: written true false
[2026-06-08T20:39:03.074Z] <<< [apiv2][body] GET https://compute.googleapis.com/compute/v1/projects/126482806042 {"error":{"code":403,"message":"Compute Engine API has not been used in project 126482806042 before or it is disabled. Enable it by visiting https://console.developers.google.com/apis/api/compute.googleapis.com/overview?project=126482806042 then retry. If you enabled this API recently, wait a few minutes for the action to propagate to our systems and retry.","errors":[{"message":"Compute Engine API has not been used in project 126482806042 before or it is disabled. Enable it by visiting https://console.developers.google.com/apis/api/compute.googleapis.com/overview?project=126482806042 then retry. If you enabled this API recently, wait a few minutes for the action to propagate to our systems and retry.","domain":"usageLimits","reason":"accessNotConfigured","extendedHelp":"https://console.developers.google.com"}],"status":"PERMISSION_DENIED","details":[{"@type":"type.googleapis.com/google.rpc.ErrorInfo","reason":"SERVICE_DISABLED","domain":"googleapis.com","metadata":{"consumer":"projects/126482806042","containerInfo":"126482806042","activationUrl":"https://console.developers.google.com/apis/api/compute.googleapis.com/overview?project=126482806042","service":"compute.googleapis.com","serviceTitle":"Compute Engine API"}},{"@type":"type.googleapis.com/google.rpc.LocalizedMessage","locale":"en-US","message":"Compute Engine API has not been used in project 126482806042 before or it is disabled. Enable it by visiting https://console.developers.google.com/apis/api/compute.googleapis.com/overview?project=126482806042 then retry. If you enabled this API recently, wait a few minutes for the action to propagate to our systems and retry."},{"@type":"type.googleapis.com/google.rpc.Help","links":[{"description":"Google developers console API activation","url":"https://console.developers.google.com/apis/api/compute.googleapis.com/overview?project=126482806042"}]}]}}
winston:file: written true false
[2026-06-08T20:39:03.074Z] unable to look up default compute service account. Falling back to 126482806042-compute@developer.gserviceaccount.com. Error: {"name":"FirebaseError","children":[],"context":{"body":{"error":{"code":403,"message":"Compute Engine API has not been used in project 126482806042 before or it is disabled. Enable it by visiting https://console.developers.google.com/apis/api/compute.googleapis.com/overview?project=126482806042 then retry. If you enabled this API recently, wait a few minutes for the action to propagate to our systems and retry.","errors":[{"message":"Compute Engine API has not been used in project 126482806042 before or it is disabled. Enable it by visiting https://console.developers.google.com/apis/api/compute.googleapis.com/overview?project=126482806042 then retry. If you enabled this API recently, wait a few minutes for the action to propagate to our systems and retry.","domain":"usageLimits","reason":"accessNotConfigured","extendedHelp":"https://console.developers.google.com"}],"status":"PERMISSION_DENIED","details":[{"@type":"type.googleapis.com/google.rpc.ErrorInfo","reason":"SERVICE_DISABLED","domain":"googleapis.com","metadata":{"consumer":"projects/126482806042","containerInfo":"126482806042","activationUrl":"https://console.developers.google.com/apis/api/compute.googleapis.com/overview?project=126482806042","service":"compute.googleapis.com","serviceTitle":"Compute Engine API"}},{"@type":"type.googleapis.com/google.rpc.LocalizedMessage","locale":"en-US","message":"Compute Engine API has not been used in project 126482806042 before or it is disabled. Enable it by visiting https://console.developers.google.com/apis/api/compute.googleapis.com/overview?project=126482806042 then retry. If you enabled this API recently, wait a few minutes for the action to propagate to our systems and retry."},{"@type":"type.googleapis.com/google.rpc.Help","links":[{"description":"Google developers console API activation","url":"https://console.developers.google.com/apis/api/compute.googleapis.com/overview?project=126482806042"}]}]}},"response":{"statusCode":403}},"exit":1,"message":"Request to https://compute.googleapis.com/compute/v1/projects/126482806042 had HTTP Error: 403, Compute Engine API has not been used in project 126482806042 before or it is disabled. Enable it by visiting https://console.developers.google.com/apis/api/compute.googleapis.com/overview?project=126482806042 then retry. If you enabled this API recently, wait a few minutes for the action to propagate to our systems and retry.","status":403}
winston:file: written true false
[2026-06-08T20:39:03.074Z] Checked if tokens are valid: true, expires at: 1780953737220
winston:file: written true false
[2026-06-08T20:39:03.074Z] Checked if tokens are valid: true, expires at: 1780953737220
winston:file: written true false
[2026-06-08T20:39:03.074Z] >>> [apiv2][query] GET https://compute.googleapis.com/compute/v1/projects/126482806042 [none]
winston:file: logged 1093964 [debug] [2026-06-08T20:39:03.074Z] <<< [apiv2][status] GET https://compute.googleapis.com/compute/v1/projects/126482806042 403

winston:file: logged 1095968 [debug] [2026-06-08T20:39:03.074Z] <<< [apiv2][body] GET https://compute.googleapis.com/compute/v1/projects/126482806042 {"error":{"code":403,"message":"Compute Engine API has not been used in project 126482806042 before or it is disabled. Enable it by visiting https://console.developers.google.com/apis/api/compute.googleapis.com/overview?project=126482806042 then retry. If you enabled this API recently, wait a few minutes for the action to propagate to our systems and retry.","errors":[{"message":"Compute Engine API has not been used in project 126482806042 before or it is disabled. Enable it by visiting https://console.developers.google.com/apis/api/compute.googleapis.com/overview?project=126482806042 then retry. If you enabled this API recently, wait a few minutes for the action to propagate to our systems and retry.","domain":"usageLimits","reason":"accessNotConfigured","extendedHelp":"https://console.developers.google.com"}],"status":"PERMISSION_DENIED","details":[{"@type":"type.googleapis.com/google.rpc.ErrorInfo","reason":"SERVICE_DISABLED","domain":"googleapis.com","metadata":{"consumer":"projects/126482806042","containerInfo":"126482806042","activationUrl":"https://console.developers.google.com/apis/api/compute.googleapis.com/overview?project=126482806042","service":"compute.googleapis.com","serviceTitle":"Compute Engine API"}},{"@type":"type.googleapis.com/google.rpc.LocalizedMessage","locale":"en-US","message":"Compute Engine API has not been used in project 126482806042 before or it is disabled. Enable it by visiting https://console.developers.google.com/apis/api/compute.googleapis.com/overview?project=126482806042 then retry. If you enabled this API recently, wait a few minutes for the action to propagate to our systems and retry."},{"@type":"type.googleapis.com/google.rpc.Help","links":[{"description":"Google developers console API activation","url":"https://console.developers.google.com/apis/api/compute.googleapis.com/overview?project=126482806042"}]}]}}

winston:file: logged 1098558 [debug] [2026-06-08T20:39:03.074Z] unable to look up default compute service account. Falling back to 126482806042-compute@developer.gserviceaccount.com. Error: {"name":"FirebaseError","children":[],"context":{"body":{"error":{"code":403,"message":"Compute Engine API has not been used in project 126482806042 before or it is disabled. Enable it by visiting https://console.developers.google.com/apis/api/compute.googleapis.com/overview?project=126482806042 then retry. If you enabled this API recently, wait a few minutes for the action to propagate to our systems and retry.","errors":[{"message":"Compute Engine API has not been used in project 126482806042 before or it is disabled. Enable it by visiting https://console.developers.google.com/apis/api/compute.googleapis.com/overview?project=126482806042 then retry. If you enabled this API recently, wait a few minutes for the action to propagate to our systems and retry.","domain":"usageLimits","reason":"accessNotConfigured","extendedHelp":"https://console.developers.google.com"}],"status":"PERMISSION_DENIED","details":[{"@type":"type.googleapis.com/google.rpc.ErrorInfo","reason":"SERVICE_DISABLED","domain":"googleapis.com","metadata":{"consumer":"projects/126482806042","containerInfo":"126482806042","activationUrl":"https://console.developers.google.com/apis/api/compute.googleapis.com/overview?project=126482806042","service":"compute.googleapis.com","serviceTitle":"Compute Engine API"}},{"@type":"type.googleapis.com/google.rpc.LocalizedMessage","locale":"en-US","message":"Compute Engine API has not been used in project 126482806042 before or it is disabled. Enable it by visiting https://console.developers.google.com/apis/api/compute.googleapis.com/overview?project=126482806042 then retry. If you enabled this API recently, wait a few minutes for the action to propagate to our systems and retry."},{"@type":"type.googleapis.com/google.rpc.Help","links":[{"description":"Google developers console API activation","url":"https://console.developers.google.com/apis/api/compute.googleapis.com/overview?project=126482806042"}]}]}},"response":{"statusCode":403}},"exit":1,"message":"Request to https://compute.googleapis.com/compute/v1/projects/126482806042 had HTTP Error: 403, Compute Engine API has not been used in project 126482806042 before or it is disabled. Enable it by visiting https://console.developers.google.com/apis/api/compute.googleapis.com/overview?project=126482806042 then retry. If you enabled this API recently, wait a few minutes for the action to propagate to our systems and retry.","status":403}

winston:file: logged 1098654 [debug] [2026-06-08T20:39:03.074Z] Checked if tokens are valid: true, expires at: 1780953737220

winston:file: logged 1098750 [debug] [2026-06-08T20:39:03.074Z] Checked if tokens are valid: true, expires at: 1780953737220

winston:file: logged 1098879 [debug] [2026-06-08T20:39:03.074Z] >>> [apiv2][query] GET https://compute.googleapis.com/compute/v1/projects/126482806042 [none]

winston:file: written true false
[2026-06-08T20:39:03.249Z] <<< [apiv2][status] GET https://compute.googleapis.com/compute/v1/projects/126482806042 403
winston:file: written true false
[2026-06-08T20:39:03.250Z] <<< [apiv2][body] GET https://compute.googleapis.com/compute/v1/projects/126482806042 {"error":{"code":403,"message":"Compute Engine API has not been used in project 126482806042 before or it is disabled. Enable it by visiting https://console.developers.google.com/apis/api/compute.googleapis.com/overview?project=126482806042 then retry. If you enabled this API recently, wait a few minutes for the action to propagate to our systems and retry.","errors":[{"message":"Compute Engine API has not been used in project 126482806042 before or it is disabled. Enable it by visiting https://console.developers.google.com/apis/api/compute.googleapis.com/overview?project=126482806042 then retry. If you enabled this API recently, wait a few minutes for the action to propagate to our systems and retry.","domain":"usageLimits","reason":"accessNotConfigured","extendedHelp":"https://console.developers.google.com"}],"status":"PERMISSION_DENIED","details":[{"@type":"type.googleapis.com/google.rpc.ErrorInfo","reason":"SERVICE_DISABLED","domain":"googleapis.com","metadata":{"consumer":"projects/126482806042","serviceTitle":"Compute Engine API","activationUrl":"https://console.developers.google.com/apis/api/compute.googleapis.com/overview?project=126482806042","service":"compute.googleapis.com","containerInfo":"126482806042"}},{"@type":"type.googleapis.com/google.rpc.LocalizedMessage","locale":"en-US","message":"Compute Engine API has not been used in project 126482806042 before or it is disabled. Enable it by visiting https://console.developers.google.com/apis/api/compute.googleapis.com/overview?project=126482806042 then retry. If you enabled this API recently, wait a few minutes for the action to propagate to our systems and retry."},{"@type":"type.googleapis.com/google.rpc.Help","links":[{"description":"Google developers console API activation","url":"https://console.developers.google.com/apis/api/compute.googleapis.com/overview?project=126482806042"}]}]}}
winston:file: written true false
[2026-06-08T20:39:03.250Z] unable to look up default compute service account. Falling back to 126482806042-compute@developer.gserviceaccount.com. Error: {"name":"FirebaseError","children":[],"context":{"body":{"error":{"code":403,"message":"Compute Engine API has not been used in project 126482806042 before or it is disabled. Enable it by visiting https://console.developers.google.com/apis/api/compute.googleapis.com/overview?project=126482806042 then retry. If you enabled this API recently, wait a few minutes for the action to propagate to our systems and retry.","errors":[{"message":"Compute Engine API has not been used in project 126482806042 before or it is disabled. Enable it by visiting https://console.developers.google.com/apis/api/compute.googleapis.com/overview?project=126482806042 then retry. If you enabled this API recently, wait a few minutes for the action to propagate to our systems and retry.","domain":"usageLimits","reason":"accessNotConfigured","extendedHelp":"https://console.developers.google.com"}],"status":"PERMISSION_DENIED","details":[{"@type":"type.googleapis.com/google.rpc.ErrorInfo","reason":"SERVICE_DISABLED","domain":"googleapis.com","metadata":{"consumer":"projects/126482806042","serviceTitle":"Compute Engine API","activationUrl":"https://console.developers.google.com/apis/api/compute.googleapis.com/overview?project=126482806042","service":"compute.googleapis.com","containerInfo":"126482806042"}},{"@type":"type.googleapis.com/google.rpc.LocalizedMessage","locale":"en-US","message":"Compute Engine API has not been used in project 126482806042 before or it is disabled. Enable it by visiting https://console.developers.google.com/apis/api/compute.googleapis.com/overview?project=126482806042 then retry. If you enabled this API recently, wait a few minutes for the action to propagate to our systems and retry."},{"@type":"type.googleapis.com/google.rpc.Help","links":[{"description":"Google developers console API activation","url":"https://console.developers.google.com/apis/api/compute.googleapis.com/overview?project=126482806042"}]}]}},"response":{"statusCode":403}},"exit":1,"message":"Request to https://compute.googleapis.com/compute/v1/projects/126482806042 had HTTP Error: 403, Compute Engine API has not been used in project 126482806042 before or it is disabled. Enable it by visiting https://console.developers.google.com/apis/api/compute.googleapis.com/overview?project=126482806042 then retry. If you enabled this API recently, wait a few minutes for the action to propagate to our systems and retry.","status":403}
winston:file: written true false
[2026-06-08T20:39:03.250Z] Checked if tokens are valid: true, expires at: 1780953737220
winston:file: written true false
[2026-06-08T20:39:03.250Z] Checked if tokens are valid: true, expires at: 1780953737220
winston:file: written true false
[2026-06-08T20:39:03.251Z] >>> [apiv2][query] GET https://compute.googleapis.com/compute/v1/projects/126482806042 [none]
winston:file: logged 1099006 [debug] [2026-06-08T20:39:03.249Z] <<< [apiv2][status] GET https://compute.googleapis.com/compute/v1/projects/126482806042 403

winston:file: logged 1101010 [debug] [2026-06-08T20:39:03.250Z] <<< [apiv2][body] GET https://compute.googleapis.com/compute/v1/projects/126482806042 {"error":{"code":403,"message":"Compute Engine API has not been used in project 126482806042 before or it is disabled. Enable it by visiting https://console.developers.google.com/apis/api/compute.googleapis.com/overview?project=126482806042 then retry. If you enabled this API recently, wait a few minutes for the action to propagate to our systems and retry.","errors":[{"message":"Compute Engine API has not been used in project 126482806042 before or it is disabled. Enable it by visiting https://console.developers.google.com/apis/api/compute.googleapis.com/overview?project=126482806042 then retry. If you enabled this API recently, wait a few minutes for the action to propagate to our systems and retry.","domain":"usageLimits","reason":"accessNotConfigured","extendedHelp":"https://console.developers.google.com"}],"status":"PERMISSION_DENIED","details":[{"@type":"type.googleapis.com/google.rpc.ErrorInfo","reason":"SERVICE_DISABLED","domain":"googleapis.com","metadata":{"consumer":"projects/126482806042","serviceTitle":"Compute Engine API","activationUrl":"https://console.developers.google.com/apis/api/compute.googleapis.com/overview?project=126482806042","service":"compute.googleapis.com","containerInfo":"126482806042"}},{"@type":"type.googleapis.com/google.rpc.LocalizedMessage","locale":"en-US","message":"Compute Engine API has not been used in project 126482806042 before or it is disabled. Enable it by visiting https://console.developers.google.com/apis/api/compute.googleapis.com/overview?project=126482806042 then retry. If you enabled this API recently, wait a few minutes for the action to propagate to our systems and retry."},{"@type":"type.googleapis.com/google.rpc.Help","links":[{"description":"Google developers console API activation","url":"https://console.developers.google.com/apis/api/compute.googleapis.com/overview?project=126482806042"}]}]}}

winston:file: logged 1103600 [debug] [2026-06-08T20:39:03.250Z] unable to look up default compute service account. Falling back to 126482806042-compute@developer.gserviceaccount.com. Error: {"name":"FirebaseError","children":[],"context":{"body":{"error":{"code":403,"message":"Compute Engine API has not been used in project 126482806042 before or it is disabled. Enable it by visiting https://console.developers.google.com/apis/api/compute.googleapis.com/overview?project=126482806042 then retry. If you enabled this API recently, wait a few minutes for the action to propagate to our systems and retry.","errors":[{"message":"Compute Engine API has not been used in project 126482806042 before or it is disabled. Enable it by visiting https://console.developers.google.com/apis/api/compute.googleapis.com/overview?project=126482806042 then retry. If you enabled this API recently, wait a few minutes for the action to propagate to our systems and retry.","domain":"usageLimits","reason":"accessNotConfigured","extendedHelp":"https://console.developers.google.com"}],"status":"PERMISSION_DENIED","details":[{"@type":"type.googleapis.com/google.rpc.ErrorInfo","reason":"SERVICE_DISABLED","domain":"googleapis.com","metadata":{"consumer":"projects/126482806042","serviceTitle":"Compute Engine API","activationUrl":"https://console.developers.google.com/apis/api/compute.googleapis.com/overview?project=126482806042","service":"compute.googleapis.com","containerInfo":"126482806042"}},{"@type":"type.googleapis.com/google.rpc.LocalizedMessage","locale":"en-US","message":"Compute Engine API has not been used in project 126482806042 before or it is disabled. Enable it by visiting https://console.developers.google.com/apis/api/compute.googleapis.com/overview?project=126482806042 then retry. If you enabled this API recently, wait a few minutes for the action to propagate to our systems and retry."},{"@type":"type.googleapis.com/google.rpc.Help","links":[{"description":"Google developers console API activation","url":"https://console.developers.google.com/apis/api/compute.googleapis.com/overview?project=126482806042"}]}]}},"response":{"statusCode":403}},"exit":1,"message":"Request to https://compute.googleapis.com/compute/v1/projects/126482806042 had HTTP Error: 403, Compute Engine API has not been used in project 126482806042 before or it is disabled. Enable it by visiting https://console.developers.google.com/apis/api/compute.googleapis.com/overview?project=126482806042 then retry. If you enabled this API recently, wait a few minutes for the action to propagate to our systems and retry.","status":403}

winston:file: logged 1103696 [debug] [2026-06-08T20:39:03.250Z] Checked if tokens are valid: true, expires at: 1780953737220

winston:file: logged 1103792 [debug] [2026-06-08T20:39:03.250Z] Checked if tokens are valid: true, expires at: 1780953737220

winston:file: logged 1103921 [debug] [2026-06-08T20:39:03.251Z] >>> [apiv2][query] GET https://compute.googleapis.com/compute/v1/projects/126482806042 [none]

winston:file: written true false
[2026-06-08T20:39:03.392Z] <<< [apiv2][status] GET https://compute.googleapis.com/compute/v1/projects/126482806042 403
winston:file: written true false
[2026-06-08T20:39:03.393Z] <<< [apiv2][body] GET https://compute.googleapis.com/compute/v1/projects/126482806042 {"error":{"code":403,"message":"Compute Engine API has not been used in project 126482806042 before or it is disabled. Enable it by visiting https://console.developers.google.com/apis/api/compute.googleapis.com/overview?project=126482806042 then retry. If you enabled this API recently, wait a few minutes for the action to propagate to our systems and retry.","errors":[{"message":"Compute Engine API has not been used in project 126482806042 before or it is disabled. Enable it by visiting https://console.developers.google.com/apis/api/compute.googleapis.com/overview?project=126482806042 then retry. If you enabled this API recently, wait a few minutes for the action to propagate to our systems and retry.","domain":"usageLimits","reason":"accessNotConfigured","extendedHelp":"https://console.developers.google.com"}],"status":"PERMISSION_DENIED","details":[{"@type":"type.googleapis.com/google.rpc.ErrorInfo","reason":"SERVICE_DISABLED","domain":"googleapis.com","metadata":{"activationUrl":"https://console.developers.google.com/apis/api/compute.googleapis.com/overview?project=126482806042","service":"compute.googleapis.com","containerInfo":"126482806042","consumer":"projects/126482806042","serviceTitle":"Compute Engine API"}},{"@type":"type.googleapis.com/google.rpc.LocalizedMessage","locale":"en-US","message":"Compute Engine API has not been used in project 126482806042 before or it is disabled. Enable it by visiting https://console.developers.google.com/apis/api/compute.googleapis.com/overview?project=126482806042 then retry. If you enabled this API recently, wait a few minutes for the action to propagate to our systems and retry."},{"@type":"type.googleapis.com/google.rpc.Help","links":[{"description":"Google developers console API activation","url":"https://console.developers.google.com/apis/api/compute.googleapis.com/overview?project=126482806042"}]}]}}
winston:file: written true false
[2026-06-08T20:39:03.393Z] unable to look up default compute service account. Falling back to 126482806042-compute@developer.gserviceaccount.com. Error: {"name":"FirebaseError","children":[],"context":{"body":{"error":{"code":403,"message":"Compute Engine API has not been used in project 126482806042 before or it is disabled. Enable it by visiting https://console.developers.google.com/apis/api/compute.googleapis.com/overview?project=126482806042 then retry. If you enabled this API recently, wait a few minutes for the action to propagate to our systems and retry.","errors":[{"message":"Compute Engine API has not been used in project 126482806042 before or it is disabled. Enable it by visiting https://console.developers.google.com/apis/api/compute.googleapis.com/overview?project=126482806042 then retry. If you enabled this API recently, wait a few minutes for the action to propagate to our systems and retry.","domain":"usageLimits","reason":"accessNotConfigured","extendedHelp":"https://console.developers.google.com"}],"status":"PERMISSION_DENIED","details":[{"@type":"type.googleapis.com/google.rpc.ErrorInfo","reason":"SERVICE_DISABLED","domain":"googleapis.com","metadata":{"activationUrl":"https://console.developers.google.com/apis/api/compute.googleapis.com/overview?project=126482806042","service":"compute.googleapis.com","containerInfo":"126482806042","consumer":"projects/126482806042","serviceTitle":"Compute Engine API"}},{"@type":"type.googleapis.com/google.rpc.LocalizedMessage","locale":"en-US","message":"Compute Engine API has not been used in project 126482806042 before or it is disabled. Enable it by visiting https://console.developers.google.com/apis/api/compute.googleapis.com/overview?project=126482806042 then retry. If you enabled this API recently, wait a few minutes for the action to propagate to our systems and retry."},{"@type":"type.googleapis.com/google.rpc.Help","links":[{"description":"Google developers console API activation","url":"https://console.developers.google.com/apis/api/compute.googleapis.com/overview?project=126482806042"}]}]}},"response":{"statusCode":403}},"exit":1,"message":"Request to https://compute.googleapis.com/compute/v1/projects/126482806042 had HTTP Error: 403, Compute Engine API has not been used in project 126482806042 before or it is disabled. Enable it by visiting https://console.developers.google.com/apis/api/compute.googleapis.com/overview?project=126482806042 then retry. If you enabled this API recently, wait a few minutes for the action to propagate to our systems and retry.","status":403}
winston:file: written true false
[2026-06-08T20:39:03.394Z] Checked if tokens are valid: true, expires at: 1780953737220
winston:file: written true false
[2026-06-08T20:39:03.394Z] Checked if tokens are valid: true, expires at: 1780953737220
winston:file: written true false
[2026-06-08T20:39:03.394Z] >>> [apiv2][query] GET https://compute.googleapis.com/compute/v1/projects/126482806042 [none]
winston:file: logged 1104048 [debug] [2026-06-08T20:39:03.392Z] <<< [apiv2][status] GET https://compute.googleapis.com/compute/v1/projects/126482806042 403

winston:file: logged 1106052 [debug] [2026-06-08T20:39:03.393Z] <<< [apiv2][body] GET https://compute.googleapis.com/compute/v1/projects/126482806042 {"error":{"code":403,"message":"Compute Engine API has not been used in project 126482806042 before or it is disabled. Enable it by visiting https://console.developers.google.com/apis/api/compute.googleapis.com/overview?project=126482806042 then retry. If you enabled this API recently, wait a few minutes for the action to propagate to our systems and retry.","errors":[{"message":"Compute Engine API has not been used in project 126482806042 before or it is disabled. Enable it by visiting https://console.developers.google.com/apis/api/compute.googleapis.com/overview?project=126482806042 then retry. If you enabled this API recently, wait a few minutes for the action to propagate to our systems and retry.","domain":"usageLimits","reason":"accessNotConfigured","extendedHelp":"https://console.developers.google.com"}],"status":"PERMISSION_DENIED","details":[{"@type":"type.googleapis.com/google.rpc.ErrorInfo","reason":"SERVICE_DISABLED","domain":"googleapis.com","metadata":{"activationUrl":"https://console.developers.google.com/apis/api/compute.googleapis.com/overview?project=126482806042","service":"compute.googleapis.com","containerInfo":"126482806042","consumer":"projects/126482806042","serviceTitle":"Compute Engine API"}},{"@type":"type.googleapis.com/google.rpc.LocalizedMessage","locale":"en-US","message":"Compute Engine API has not been used in project 126482806042 before or it is disabled. Enable it by visiting https://console.developers.google.com/apis/api/compute.googleapis.com/overview?project=126482806042 then retry. If you enabled this API recently, wait a few minutes for the action to propagate to our systems and retry."},{"@type":"type.googleapis.com/google.rpc.Help","links":[{"description":"Google developers console API activation","url":"https://console.developers.google.com/apis/api/compute.googleapis.com/overview?project=126482806042"}]}]}}

winston:file: logged 1108642 [debug] [2026-06-08T20:39:03.393Z] unable to look up default compute service account. Falling back to 126482806042-compute@developer.gserviceaccount.com. Error: {"name":"FirebaseError","children":[],"context":{"body":{"error":{"code":403,"message":"Compute Engine API has not been used in project 126482806042 before or it is disabled. Enable it by visiting https://console.developers.google.com/apis/api/compute.googleapis.com/overview?project=126482806042 then retry. If you enabled this API recently, wait a few minutes for the action to propagate to our systems and retry.","errors":[{"message":"Compute Engine API has not been used in project 126482806042 before or it is disabled. Enable it by visiting https://console.developers.google.com/apis/api/compute.googleapis.com/overview?project=126482806042 then retry. If you enabled this API recently, wait a few minutes for the action to propagate to our systems and retry.","domain":"usageLimits","reason":"accessNotConfigured","extendedHelp":"https://console.developers.google.com"}],"status":"PERMISSION_DENIED","details":[{"@type":"type.googleapis.com/google.rpc.ErrorInfo","reason":"SERVICE_DISABLED","domain":"googleapis.com","metadata":{"activationUrl":"https://console.developers.google.com/apis/api/compute.googleapis.com/overview?project=126482806042","service":"compute.googleapis.com","containerInfo":"126482806042","consumer":"projects/126482806042","serviceTitle":"Compute Engine API"}},{"@type":"type.googleapis.com/google.rpc.LocalizedMessage","locale":"en-US","message":"Compute Engine API has not been used in project 126482806042 before or it is disabled. Enable it by visiting https://console.developers.google.com/apis/api/compute.googleapis.com/overview?project=126482806042 then retry. If you enabled this API recently, wait a few minutes for the action to propagate to our systems and retry."},{"@type":"type.googleapis.com/google.rpc.Help","links":[{"description":"Google developers console API activation","url":"https://console.developers.google.com/apis/api/compute.googleapis.com/overview?project=126482806042"}]}]}},"response":{"statusCode":403}},"exit":1,"message":"Request to https://compute.googleapis.com/compute/v1/projects/126482806042 had HTTP Error: 403, Compute Engine API has not been used in project 126482806042 before or it is disabled. Enable it by visiting https://console.developers.google.com/apis/api/compute.googleapis.com/overview?project=126482806042 then retry. If you enabled this API recently, wait a few minutes for the action to propagate to our systems and retry.","status":403}

winston:file: logged 1108738 [debug] [2026-06-08T20:39:03.394Z] Checked if tokens are valid: true, expires at: 1780953737220

winston:file: logged 1108834 [debug] [2026-06-08T20:39:03.394Z] Checked if tokens are valid: true, expires at: 1780953737220

winston:file: logged 1108963 [debug] [2026-06-08T20:39:03.394Z] >>> [apiv2][query] GET https://compute.googleapis.com/compute/v1/projects/126482806042 [none]

winston:file: written true false
[2026-06-08T20:39:03.552Z] <<< [apiv2][status] GET https://compute.googleapis.com/compute/v1/projects/126482806042 403
winston:file: written true false
[2026-06-08T20:39:03.552Z] <<< [apiv2][body] GET https://compute.googleapis.com/compute/v1/projects/126482806042 {"error":{"code":403,"message":"Compute Engine API has not been used in project 126482806042 before or it is disabled. Enable it by visiting https://console.developers.google.com/apis/api/compute.googleapis.com/overview?project=126482806042 then retry. If you enabled this API recently, wait a few minutes for the action to propagate to our systems and retry.","errors":[{"message":"Compute Engine API has not been used in project 126482806042 before or it is disabled. Enable it by visiting https://console.developers.google.com/apis/api/compute.googleapis.com/overview?project=126482806042 then retry. If you enabled this API recently, wait a few minutes for the action to propagate to our systems and retry.","domain":"usageLimits","reason":"accessNotConfigured","extendedHelp":"https://console.developers.google.com"}],"status":"PERMISSION_DENIED","details":[{"@type":"type.googleapis.com/google.rpc.ErrorInfo","reason":"SERVICE_DISABLED","domain":"googleapis.com","metadata":{"service":"compute.googleapis.com","activationUrl":"https://console.developers.google.com/apis/api/compute.googleapis.com/overview?project=126482806042","containerInfo":"126482806042","consumer":"projects/126482806042","serviceTitle":"Compute Engine API"}},{"@type":"type.googleapis.com/google.rpc.LocalizedMessage","locale":"en-US","message":"Compute Engine API has not been used in project 126482806042 before or it is disabled. Enable it by visiting https://console.developers.google.com/apis/api/compute.googleapis.com/overview?project=126482806042 then retry. If you enabled this API recently, wait a few minutes for the action to propagate to our systems and retry."},{"@type":"type.googleapis.com/google.rpc.Help","links":[{"description":"Google developers console API activation","url":"https://console.developers.google.com/apis/api/compute.googleapis.com/overview?project=126482806042"}]}]}}
winston:file: written true false
[2026-06-08T20:39:03.553Z] unable to look up default compute service account. Falling back to 126482806042-compute@developer.gserviceaccount.com. Error: {"name":"FirebaseError","children":[],"context":{"body":{"error":{"code":403,"message":"Compute Engine API has not been used in project 126482806042 before or it is disabled. Enable it by visiting https://console.developers.google.com/apis/api/compute.googleapis.com/overview?project=126482806042 then retry. If you enabled this API recently, wait a few minutes for the action to propagate to our systems and retry.","errors":[{"message":"Compute Engine API has not been used in project 126482806042 before or it is disabled. Enable it by visiting https://console.developers.google.com/apis/api/compute.googleapis.com/overview?project=126482806042 then retry. If you enabled this API recently, wait a few minutes for the action to propagate to our systems and retry.","domain":"usageLimits","reason":"accessNotConfigured","extendedHelp":"https://console.developers.google.com"}],"status":"PERMISSION_DENIED","details":[{"@type":"type.googleapis.com/google.rpc.ErrorInfo","reason":"SERVICE_DISABLED","domain":"googleapis.com","metadata":{"service":"compute.googleapis.com","activationUrl":"https://console.developers.google.com/apis/api/compute.googleapis.com/overview?project=126482806042","containerInfo":"126482806042","consumer":"projects/126482806042","serviceTitle":"Compute Engine API"}},{"@type":"type.googleapis.com/google.rpc.LocalizedMessage","locale":"en-US","message":"Compute Engine API has not been used in project 126482806042 before or it is disabled. Enable it by visiting https://console.developers.google.com/apis/api/compute.googleapis.com/overview?project=126482806042 then retry. If you enabled this API recently, wait a few minutes for the action to propagate to our systems and retry."},{"@type":"type.googleapis.com/google.rpc.Help","links":[{"description":"Google developers console API activation","url":"https://console.developers.google.com/apis/api/compute.googleapis.com/overview?project=126482806042"}]}]}},"response":{"statusCode":403}},"exit":1,"message":"Request to https://compute.googleapis.com/compute/v1/projects/126482806042 had HTTP Error: 403, Compute Engine API has not been used in project 126482806042 before or it is disabled. Enable it by visiting https://console.developers.google.com/apis/api/compute.googleapis.com/overview?project=126482806042 then retry. If you enabled this API recently, wait a few minutes for the action to propagate to our systems and retry.","status":403}
winston:file: written true false
[2026-06-08T20:39:03.553Z] Checked if tokens are valid: true, expires at: 1780953737220
winston:file: written true false
[2026-06-08T20:39:03.554Z] Checked if tokens are valid: true, expires at: 1780953737220
winston:file: written true false
[2026-06-08T20:39:03.554Z] >>> [apiv2][query] GET https://compute.googleapis.com/compute/v1/projects/126482806042 [none]
winston:file: logged 1109090 [debug] [2026-06-08T20:39:03.552Z] <<< [apiv2][status] GET https://compute.googleapis.com/compute/v1/projects/126482806042 403

winston:file: logged 1111094 [debug] [2026-06-08T20:39:03.552Z] <<< [apiv2][body] GET https://compute.googleapis.com/compute/v1/projects/126482806042 {"error":{"code":403,"message":"Compute Engine API has not been used in project 126482806042 before or it is disabled. Enable it by visiting https://console.developers.google.com/apis/api/compute.googleapis.com/overview?project=126482806042 then retry. If you enabled this API recently, wait a few minutes for the action to propagate to our systems and retry.","errors":[{"message":"Compute Engine API has not been used in project 126482806042 before or it is disabled. Enable it by visiting https://console.developers.google.com/apis/api/compute.googleapis.com/overview?project=126482806042 then retry. If you enabled this API recently, wait a few minutes for the action to propagate to our systems and retry.","domain":"usageLimits","reason":"accessNotConfigured","extendedHelp":"https://console.developers.google.com"}],"status":"PERMISSION_DENIED","details":[{"@type":"type.googleapis.com/google.rpc.ErrorInfo","reason":"SERVICE_DISABLED","domain":"googleapis.com","metadata":{"service":"compute.googleapis.com","activationUrl":"https://console.developers.google.com/apis/api/compute.googleapis.com/overview?project=126482806042","containerInfo":"126482806042","consumer":"projects/126482806042","serviceTitle":"Compute Engine API"}},{"@type":"type.googleapis.com/google.rpc.LocalizedMessage","locale":"en-US","message":"Compute Engine API has not been used in project 126482806042 before or it is disabled. Enable it by visiting https://console.developers.google.com/apis/api/compute.googleapis.com/overview?project=126482806042 then retry. If you enabled this API recently, wait a few minutes for the action to propagate to our systems and retry."},{"@type":"type.googleapis.com/google.rpc.Help","links":[{"description":"Google developers console API activation","url":"https://console.developers.google.com/apis/api/compute.googleapis.com/overview?project=126482806042"}]}]}}

winston:file: logged 1113684 [debug] [2026-06-08T20:39:03.553Z] unable to look up default compute service account. Falling back to 126482806042-compute@developer.gserviceaccount.com. Error: {"name":"FirebaseError","children":[],"context":{"body":{"error":{"code":403,"message":"Compute Engine API has not been used in project 126482806042 before or it is disabled. Enable it by visiting https://console.developers.google.com/apis/api/compute.googleapis.com/overview?project=126482806042 then retry. If you enabled this API recently, wait a few minutes for the action to propagate to our systems and retry.","errors":[{"message":"Compute Engine API has not been used in project 126482806042 before or it is disabled. Enable it by visiting https://console.developers.google.com/apis/api/compute.googleapis.com/overview?project=126482806042 then retry. If you enabled this API recently, wait a few minutes for the action to propagate to our systems and retry.","domain":"usageLimits","reason":"accessNotConfigured","extendedHelp":"https://console.developers.google.com"}],"status":"PERMISSION_DENIED","details":[{"@type":"type.googleapis.com/google.rpc.ErrorInfo","reason":"SERVICE_DISABLED","domain":"googleapis.com","metadata":{"service":"compute.googleapis.com","activationUrl":"https://console.developers.google.com/apis/api/compute.googleapis.com/overview?project=126482806042","containerInfo":"126482806042","consumer":"projects/126482806042","serviceTitle":"Compute Engine API"}},{"@type":"type.googleapis.com/google.rpc.LocalizedMessage","locale":"en-US","message":"Compute Engine API has not been used in project 126482806042 before or it is disabled. Enable it by visiting https://console.developers.google.com/apis/api/compute.googleapis.com/overview?project=126482806042 then retry. If you enabled this API recently, wait a few minutes for the action to propagate to our systems and retry."},{"@type":"type.googleapis.com/google.rpc.Help","links":[{"description":"Google developers console API activation","url":"https://console.developers.google.com/apis/api/compute.googleapis.com/overview?project=126482806042"}]}]}},"response":{"statusCode":403}},"exit":1,"message":"Request to https://compute.googleapis.com/compute/v1/projects/126482806042 had HTTP Error: 403, Compute Engine API has not been used in project 126482806042 before or it is disabled. Enable it by visiting https://console.developers.google.com/apis/api/compute.googleapis.com/overview?project=126482806042 then retry. If you enabled this API recently, wait a few minutes for the action to propagate to our systems and retry.","status":403}

winston:file: logged 1113780 [debug] [2026-06-08T20:39:03.553Z] Checked if tokens are valid: true, expires at: 1780953737220

winston:file: logged 1113876 [debug] [2026-06-08T20:39:03.554Z] Checked if tokens are valid: true, expires at: 1780953737220

winston:file: logged 1114005 [debug] [2026-06-08T20:39:03.554Z] >>> [apiv2][query] GET https://compute.googleapis.com/compute/v1/projects/126482806042 [none]

winston:file: written true false
[2026-06-08T20:39:03.705Z] <<< [apiv2][status] GET https://compute.googleapis.com/compute/v1/projects/126482806042 403
winston:file: written true false
[2026-06-08T20:39:03.705Z] <<< [apiv2][body] GET https://compute.googleapis.com/compute/v1/projects/126482806042 {"error":{"code":403,"message":"Compute Engine API has not been used in project 126482806042 before or it is disabled. Enable it by visiting https://console.developers.google.com/apis/api/compute.googleapis.com/overview?project=126482806042 then retry. If you enabled this API recently, wait a few minutes for the action to propagate to our systems and retry.","errors":[{"message":"Compute Engine API has not been used in project 126482806042 before or it is disabled. Enable it by visiting https://console.developers.google.com/apis/api/compute.googleapis.com/overview?project=126482806042 then retry. If you enabled this API recently, wait a few minutes for the action to propagate to our systems and retry.","domain":"usageLimits","reason":"accessNotConfigured","extendedHelp":"https://console.developers.google.com"}],"status":"PERMISSION_DENIED","details":[{"@type":"type.googleapis.com/google.rpc.ErrorInfo","reason":"SERVICE_DISABLED","domain":"googleapis.com","metadata":{"activationUrl":"https://console.developers.google.com/apis/api/compute.googleapis.com/overview?project=126482806042","containerInfo":"126482806042","serviceTitle":"Compute Engine API","service":"compute.googleapis.com","consumer":"projects/126482806042"}},{"@type":"type.googleapis.com/google.rpc.LocalizedMessage","locale":"en-US","message":"Compute Engine API has not been used in project 126482806042 before or it is disabled. Enable it by visiting https://console.developers.google.com/apis/api/compute.googleapis.com/overview?project=126482806042 then retry. If you enabled this API recently, wait a few minutes for the action to propagate to our systems and retry."},{"@type":"type.googleapis.com/google.rpc.Help","links":[{"description":"Google developers console API activation","url":"https://console.developers.google.com/apis/api/compute.googleapis.com/overview?project=126482806042"}]}]}}
winston:file: written true false
[2026-06-08T20:39:03.706Z] unable to look up default compute service account. Falling back to 126482806042-compute@developer.gserviceaccount.com. Error: {"name":"FirebaseError","children":[],"context":{"body":{"error":{"code":403,"message":"Compute Engine API has not been used in project 126482806042 before or it is disabled. Enable it by visiting https://console.developers.google.com/apis/api/compute.googleapis.com/overview?project=126482806042 then retry. If you enabled this API recently, wait a few minutes for the action to propagate to our systems and retry.","errors":[{"message":"Compute Engine API has not been used in project 126482806042 before or it is disabled. Enable it by visiting https://console.developers.google.com/apis/api/compute.googleapis.com/overview?project=126482806042 then retry. If you enabled this API recently, wait a few minutes for the action to propagate to our systems and retry.","domain":"usageLimits","reason":"accessNotConfigured","extendedHelp":"https://console.developers.google.com"}],"status":"PERMISSION_DENIED","details":[{"@type":"type.googleapis.com/google.rpc.ErrorInfo","reason":"SERVICE_DISABLED","domain":"googleapis.com","metadata":{"activationUrl":"https://console.developers.google.com/apis/api/compute.googleapis.com/overview?project=126482806042","containerInfo":"126482806042","serviceTitle":"Compute Engine API","service":"compute.googleapis.com","consumer":"projects/126482806042"}},{"@type":"type.googleapis.com/google.rpc.LocalizedMessage","locale":"en-US","message":"Compute Engine API has not been used in project 126482806042 before or it is disabled. Enable it by visiting https://console.developers.google.com/apis/api/compute.googleapis.com/overview?project=126482806042 then retry. If you enabled this API recently, wait a few minutes for the action to propagate to our systems and retry."},{"@type":"type.googleapis.com/google.rpc.Help","links":[{"description":"Google developers console API activation","url":"https://console.developers.google.com/apis/api/compute.googleapis.com/overview?project=126482806042"}]}]}},"response":{"statusCode":403}},"exit":1,"message":"Request to https://compute.googleapis.com/compute/v1/projects/126482806042 had HTTP Error: 403, Compute Engine API has not been used in project 126482806042 before or it is disabled. Enable it by visiting https://console.developers.google.com/apis/api/compute.googleapis.com/overview?project=126482806042 then retry. If you enabled this API recently, wait a few minutes for the action to propagate to our systems and retry.","status":403}
winston:file: written true false
[2026-06-08T20:39:03.706Z] Checked if tokens are valid: true, expires at: 1780953737220
winston:file: written true false
[2026-06-08T20:39:03.706Z] Checked if tokens are valid: true, expires at: 1780953737220
winston:file: written true false
[2026-06-08T20:39:03.706Z] >>> [apiv2][query] GET https://compute.googleapis.com/compute/v1/projects/126482806042 [none]
winston:file: logged 1114132 [debug] [2026-06-08T20:39:03.705Z] <<< [apiv2][status] GET https://compute.googleapis.com/compute/v1/projects/126482806042 403

winston:file: logged 1116136 [debug] [2026-06-08T20:39:03.705Z] <<< [apiv2][body] GET https://compute.googleapis.com/compute/v1/projects/126482806042 {"error":{"code":403,"message":"Compute Engine API has not been used in project 126482806042 before or it is disabled. Enable it by visiting https://console.developers.google.com/apis/api/compute.googleapis.com/overview?project=126482806042 then retry. If you enabled this API recently, wait a few minutes for the action to propagate to our systems and retry.","errors":[{"message":"Compute Engine API has not been used in project 126482806042 before or it is disabled. Enable it by visiting https://console.developers.google.com/apis/api/compute.googleapis.com/overview?project=126482806042 then retry. If you enabled this API recently, wait a few minutes for the action to propagate to our systems and retry.","domain":"usageLimits","reason":"accessNotConfigured","extendedHelp":"https://console.developers.google.com"}],"status":"PERMISSION_DENIED","details":[{"@type":"type.googleapis.com/google.rpc.ErrorInfo","reason":"SERVICE_DISABLED","domain":"googleapis.com","metadata":{"activationUrl":"https://console.developers.google.com/apis/api/compute.googleapis.com/overview?project=126482806042","containerInfo":"126482806042","serviceTitle":"Compute Engine API","service":"compute.googleapis.com","consumer":"projects/126482806042"}},{"@type":"type.googleapis.com/google.rpc.LocalizedMessage","locale":"en-US","message":"Compute Engine API has not been used in project 126482806042 before or it is disabled. Enable it by visiting https://console.developers.google.com/apis/api/compute.googleapis.com/overview?project=126482806042 then retry. If you enabled this API recently, wait a few minutes for the action to propagate to our systems and retry."},{"@type":"type.googleapis.com/google.rpc.Help","links":[{"description":"Google developers console API activation","url":"https://console.developers.google.com/apis/api/compute.googleapis.com/overview?project=126482806042"}]}]}}

winston:file: logged 1118726 [debug] [2026-06-08T20:39:03.706Z] unable to look up default compute service account. Falling back to 126482806042-compute@developer.gserviceaccount.com. Error: {"name":"FirebaseError","children":[],"context":{"body":{"error":{"code":403,"message":"Compute Engine API has not been used in project 126482806042 before or it is disabled. Enable it by visiting https://console.developers.google.com/apis/api/compute.googleapis.com/overview?project=126482806042 then retry. If you enabled this API recently, wait a few minutes for the action to propagate to our systems and retry.","errors":[{"message":"Compute Engine API has not been used in project 126482806042 before or it is disabled. Enable it by visiting https://console.developers.google.com/apis/api/compute.googleapis.com/overview?project=126482806042 then retry. If you enabled this API recently, wait a few minutes for the action to propagate to our systems and retry.","domain":"usageLimits","reason":"accessNotConfigured","extendedHelp":"https://console.developers.google.com"}],"status":"PERMISSION_DENIED","details":[{"@type":"type.googleapis.com/google.rpc.ErrorInfo","reason":"SERVICE_DISABLED","domain":"googleapis.com","metadata":{"activationUrl":"https://console.developers.google.com/apis/api/compute.googleapis.com/overview?project=126482806042","containerInfo":"126482806042","serviceTitle":"Compute Engine API","service":"compute.googleapis.com","consumer":"projects/126482806042"}},{"@type":"type.googleapis.com/google.rpc.LocalizedMessage","locale":"en-US","message":"Compute Engine API has not been used in project 126482806042 before or it is disabled. Enable it by visiting https://console.developers.google.com/apis/api/compute.googleapis.com/overview?project=126482806042 then retry. If you enabled this API recently, wait a few minutes for the action to propagate to our systems and retry."},{"@type":"type.googleapis.com/google.rpc.Help","links":[{"description":"Google developers console API activation","url":"https://console.developers.google.com/apis/api/compute.googleapis.com/overview?project=126482806042"}]}]}},"response":{"statusCode":403}},"exit":1,"message":"Request to https://compute.googleapis.com/compute/v1/projects/126482806042 had HTTP Error: 403, Compute Engine API has not been used in project 126482806042 before or it is disabled. Enable it by visiting https://console.developers.google.com/apis/api/compute.googleapis.com/overview?project=126482806042 then retry. If you enabled this API recently, wait a few minutes for the action to propagate to our systems and retry.","status":403}

winston:file: logged 1118822 [debug] [2026-06-08T20:39:03.706Z] Checked if tokens are valid: true, expires at: 1780953737220

winston:file: logged 1118918 [debug] [2026-06-08T20:39:03.706Z] Checked if tokens are valid: true, expires at: 1780953737220

winston:file: logged 1119047 [debug] [2026-06-08T20:39:03.706Z] >>> [apiv2][query] GET https://compute.googleapis.com/compute/v1/projects/126482806042 [none]

winston:file: written true false
[2026-06-08T20:39:03.851Z] <<< [apiv2][status] GET https://compute.googleapis.com/compute/v1/projects/126482806042 403
winston:file: written true false
[2026-06-08T20:39:03.851Z] <<< [apiv2][body] GET https://compute.googleapis.com/compute/v1/projects/126482806042 {"error":{"code":403,"message":"Compute Engine API has not been used in project 126482806042 before or it is disabled. Enable it by visiting https://console.developers.google.com/apis/api/compute.googleapis.com/overview?project=126482806042 then retry. If you enabled this API recently, wait a few minutes for the action to propagate to our systems and retry.","errors":[{"message":"Compute Engine API has not been used in project 126482806042 before or it is disabled. Enable it by visiting https://console.developers.google.com/apis/api/compute.googleapis.com/overview?project=126482806042 then retry. If you enabled this API recently, wait a few minutes for the action to propagate to our systems and retry.","domain":"usageLimits","reason":"accessNotConfigured","extendedHelp":"https://console.developers.google.com"}],"status":"PERMISSION_DENIED","details":[{"@type":"type.googleapis.com/google.rpc.ErrorInfo","reason":"SERVICE_DISABLED","domain":"googleapis.com","metadata":{"activationUrl":"https://console.developers.google.com/apis/api/compute.googleapis.com/overview?project=126482806042","containerInfo":"126482806042","consumer":"projects/126482806042","serviceTitle":"Compute Engine API","service":"compute.googleapis.com"}},{"@type":"type.googleapis.com/google.rpc.LocalizedMessage","locale":"en-US","message":"Compute Engine API has not been used in project 126482806042 before or it is disabled. Enable it by visiting https://console.developers.google.com/apis/api/compute.googleapis.com/overview?project=126482806042 then retry. If you enabled this API recently, wait a few minutes for the action to propagate to our systems and retry."},{"@type":"type.googleapis.com/google.rpc.Help","links":[{"description":"Google developers console API activation","url":"https://console.developers.google.com/apis/api/compute.googleapis.com/overview?project=126482806042"}]}]}}
winston:file: written true false
[2026-06-08T20:39:03.852Z] unable to look up default compute service account. Falling back to 126482806042-compute@developer.gserviceaccount.com. Error: {"name":"FirebaseError","children":[],"context":{"body":{"error":{"code":403,"message":"Compute Engine API has not been used in project 126482806042 before or it is disabled. Enable it by visiting https://console.developers.google.com/apis/api/compute.googleapis.com/overview?project=126482806042 then retry. If you enabled this API recently, wait a few minutes for the action to propagate to our systems and retry.","errors":[{"message":"Compute Engine API has not been used in project 126482806042 before or it is disabled. Enable it by visiting https://console.developers.google.com/apis/api/compute.googleapis.com/overview?project=126482806042 then retry. If you enabled this API recently, wait a few minutes for the action to propagate to our systems and retry.","domain":"usageLimits","reason":"accessNotConfigured","extendedHelp":"https://console.developers.google.com"}],"status":"PERMISSION_DENIED","details":[{"@type":"type.googleapis.com/google.rpc.ErrorInfo","reason":"SERVICE_DISABLED","domain":"googleapis.com","metadata":{"activationUrl":"https://console.developers.google.com/apis/api/compute.googleapis.com/overview?project=126482806042","containerInfo":"126482806042","consumer":"projects/126482806042","serviceTitle":"Compute Engine API","service":"compute.googleapis.com"}},{"@type":"type.googleapis.com/google.rpc.LocalizedMessage","locale":"en-US","message":"Compute Engine API has not been used in project 126482806042 before or it is disabled. Enable it by visiting https://console.developers.google.com/apis/api/compute.googleapis.com/overview?project=126482806042 then retry. If you enabled this API recently, wait a few minutes for the action to propagate to our systems and retry."},{"@type":"type.googleapis.com/google.rpc.Help","links":[{"description":"Google developers console API activation","url":"https://console.developers.google.com/apis/api/compute.googleapis.com/overview?project=126482806042"}]}]}},"response":{"statusCode":403}},"exit":1,"message":"Request to https://compute.googleapis.com/compute/v1/projects/126482806042 had HTTP Error: 403, Compute Engine API has not been used in project 126482806042 before or it is disabled. Enable it by visiting https://console.developers.google.com/apis/api/compute.googleapis.com/overview?project=126482806042 then retry. If you enabled this API recently, wait a few minutes for the action to propagate to our systems and retry.","status":403}
winston:file: written true false
[2026-06-08T20:39:03.852Z] Checked if tokens are valid: true, expires at: 1780953737220
winston:file: written true false
[2026-06-08T20:39:03.852Z] Checked if tokens are valid: true, expires at: 1780953737220
winston:file: written true false
[2026-06-08T20:39:03.853Z] >>> [apiv2][query] GET https://compute.googleapis.com/compute/v1/projects/126482806042 [none]
winston:file: logged 1119174 [debug] [2026-06-08T20:39:03.851Z] <<< [apiv2][status] GET https://compute.googleapis.com/compute/v1/projects/126482806042 403

winston:file: logged 1121178 [debug] [2026-06-08T20:39:03.851Z] <<< [apiv2][body] GET https://compute.googleapis.com/compute/v1/projects/126482806042 {"error":{"code":403,"message":"Compute Engine API has not been used in project 126482806042 before or it is disabled. Enable it by visiting https://console.developers.google.com/apis/api/compute.googleapis.com/overview?project=126482806042 then retry. If you enabled this API recently, wait a few minutes for the action to propagate to our systems and retry.","errors":[{"message":"Compute Engine API has not been used in project 126482806042 before or it is disabled. Enable it by visiting https://console.developers.google.com/apis/api/compute.googleapis.com/overview?project=126482806042 then retry. If you enabled this API recently, wait a few minutes for the action to propagate to our systems and retry.","domain":"usageLimits","reason":"accessNotConfigured","extendedHelp":"https://console.developers.google.com"}],"status":"PERMISSION_DENIED","details":[{"@type":"type.googleapis.com/google.rpc.ErrorInfo","reason":"SERVICE_DISABLED","domain":"googleapis.com","metadata":{"activationUrl":"https://console.developers.google.com/apis/api/compute.googleapis.com/overview?project=126482806042","containerInfo":"126482806042","consumer":"projects/126482806042","serviceTitle":"Compute Engine API","service":"compute.googleapis.com"}},{"@type":"type.googleapis.com/google.rpc.LocalizedMessage","locale":"en-US","message":"Compute Engine API has not been used in project 126482806042 before or it is disabled. Enable it by visiting https://console.developers.google.com/apis/api/compute.googleapis.com/overview?project=126482806042 then retry. If you enabled this API recently, wait a few minutes for the action to propagate to our systems and retry."},{"@type":"type.googleapis.com/google.rpc.Help","links":[{"description":"Google developers console API activation","url":"https://console.developers.google.com/apis/api/compute.googleapis.com/overview?project=126482806042"}]}]}}

winston:file: logged 1123768 [debug] [2026-06-08T20:39:03.852Z] unable to look up default compute service account. Falling back to 126482806042-compute@developer.gserviceaccount.com. Error: {"name":"FirebaseError","children":[],"context":{"body":{"error":{"code":403,"message":"Compute Engine API has not been used in project 126482806042 before or it is disabled. Enable it by visiting https://console.developers.google.com/apis/api/compute.googleapis.com/overview?project=126482806042 then retry. If you enabled this API recently, wait a few minutes for the action to propagate to our systems and retry.","errors":[{"message":"Compute Engine API has not been used in project 126482806042 before or it is disabled. Enable it by visiting https://console.developers.google.com/apis/api/compute.googleapis.com/overview?project=126482806042 then retry. If you enabled this API recently, wait a few minutes for the action to propagate to our systems and retry.","domain":"usageLimits","reason":"accessNotConfigured","extendedHelp":"https://console.developers.google.com"}],"status":"PERMISSION_DENIED","details":[{"@type":"type.googleapis.com/google.rpc.ErrorInfo","reason":"SERVICE_DISABLED","domain":"googleapis.com","metadata":{"activationUrl":"https://console.developers.google.com/apis/api/compute.googleapis.com/overview?project=126482806042","containerInfo":"126482806042","consumer":"projects/126482806042","serviceTitle":"Compute Engine API","service":"compute.googleapis.com"}},{"@type":"type.googleapis.com/google.rpc.LocalizedMessage","locale":"en-US","message":"Compute Engine API has not been used in project 126482806042 before or it is disabled. Enable it by visiting https://console.developers.google.com/apis/api/compute.googleapis.com/overview?project=126482806042 then retry. If you enabled this API recently, wait a few minutes for the action to propagate to our systems and retry."},{"@type":"type.googleapis.com/google.rpc.Help","links":[{"description":"Google developers console API activation","url":"https://console.developers.google.com/apis/api/compute.googleapis.com/overview?project=126482806042"}]}]}},"response":{"statusCode":403}},"exit":1,"message":"Request to https://compute.googleapis.com/compute/v1/projects/126482806042 had HTTP Error: 403, Compute Engine API has not been used in project 126482806042 before or it is disabled. Enable it by visiting https://console.developers.google.com/apis/api/compute.googleapis.com/overview?project=126482806042 then retry. If you enabled this API recently, wait a few minutes for the action to propagate to our systems and retry.","status":403}

winston:file: logged 1123864 [debug] [2026-06-08T20:39:03.852Z] Checked if tokens are valid: true, expires at: 1780953737220

winston:file: logged 1123960 [debug] [2026-06-08T20:39:03.852Z] Checked if tokens are valid: true, expires at: 1780953737220

winston:file: logged 1124089 [debug] [2026-06-08T20:39:03.853Z] >>> [apiv2][query] GET https://compute.googleapis.com/compute/v1/projects/126482806042 [none]

winston:file: written true false
[2026-06-08T20:39:04.000Z] <<< [apiv2][status] GET https://compute.googleapis.com/compute/v1/projects/126482806042 403
winston:file: written true false
[2026-06-08T20:39:04.001Z] <<< [apiv2][body] GET https://compute.googleapis.com/compute/v1/projects/126482806042 {"error":{"code":403,"message":"Compute Engine API has not been used in project 126482806042 before or it is disabled. Enable it by visiting https://console.developers.google.com/apis/api/compute.googleapis.com/overview?project=126482806042 then retry. If you enabled this API recently, wait a few minutes for the action to propagate to our systems and retry.","errors":[{"message":"Compute Engine API has not been used in project 126482806042 before or it is disabled. Enable it by visiting https://console.developers.google.com/apis/api/compute.googleapis.com/overview?project=126482806042 then retry. If you enabled this API recently, wait a few minutes for the action to propagate to our systems and retry.","domain":"usageLimits","reason":"accessNotConfigured","extendedHelp":"https://console.developers.google.com"}],"status":"PERMISSION_DENIED","details":[{"@type":"type.googleapis.com/google.rpc.ErrorInfo","reason":"SERVICE_DISABLED","domain":"googleapis.com","metadata":{"containerInfo":"126482806042","consumer":"projects/126482806042","service":"compute.googleapis.com","activationUrl":"https://console.developers.google.com/apis/api/compute.googleapis.com/overview?project=126482806042","serviceTitle":"Compute Engine API"}},{"@type":"type.googleapis.com/google.rpc.LocalizedMessage","locale":"en-US","message":"Compute Engine API has not been used in project 126482806042 before or it is disabled. Enable it by visiting https://console.developers.google.com/apis/api/compute.googleapis.com/overview?project=126482806042 then retry. If you enabled this API recently, wait a few minutes for the action to propagate to our systems and retry."},{"@type":"type.googleapis.com/google.rpc.Help","links":[{"description":"Google developers console API activation","url":"https://console.developers.google.com/apis/api/compute.googleapis.com/overview?project=126482806042"}]}]}}
winston:file: written true false
[2026-06-08T20:39:04.001Z] unable to look up default compute service account. Falling back to 126482806042-compute@developer.gserviceaccount.com. Error: {"name":"FirebaseError","children":[],"context":{"body":{"error":{"code":403,"message":"Compute Engine API has not been used in project 126482806042 before or it is disabled. Enable it by visiting https://console.developers.google.com/apis/api/compute.googleapis.com/overview?project=126482806042 then retry. If you enabled this API recently, wait a few minutes for the action to propagate to our systems and retry.","errors":[{"message":"Compute Engine API has not been used in project 126482806042 before or it is disabled. Enable it by visiting https://console.developers.google.com/apis/api/compute.googleapis.com/overview?project=126482806042 then retry. If you enabled this API recently, wait a few minutes for the action to propagate to our systems and retry.","domain":"usageLimits","reason":"accessNotConfigured","extendedHelp":"https://console.developers.google.com"}],"status":"PERMISSION_DENIED","details":[{"@type":"type.googleapis.com/google.rpc.ErrorInfo","reason":"SERVICE_DISABLED","domain":"googleapis.com","metadata":{"containerInfo":"126482806042","consumer":"projects/126482806042","service":"compute.googleapis.com","activationUrl":"https://console.developers.google.com/apis/api/compute.googleapis.com/overview?project=126482806042","serviceTitle":"Compute Engine API"}},{"@type":"type.googleapis.com/google.rpc.LocalizedMessage","locale":"en-US","message":"Compute Engine API has not been used in project 126482806042 before or it is disabled. Enable it by visiting https://console.developers.google.com/apis/api/compute.googleapis.com/overview?project=126482806042 then retry. If you enabled this API recently, wait a few minutes for the action to propagate to our systems and retry."},{"@type":"type.googleapis.com/google.rpc.Help","links":[{"description":"Google developers console API activation","url":"https://console.developers.google.com/apis/api/compute.googleapis.com/overview?project=126482806042"}]}]}},"response":{"statusCode":403}},"exit":1,"message":"Request to https://compute.googleapis.com/compute/v1/projects/126482806042 had HTTP Error: 403, Compute Engine API has not been used in project 126482806042 before or it is disabled. Enable it by visiting https://console.developers.google.com/apis/api/compute.googleapis.com/overview?project=126482806042 then retry. If you enabled this API recently, wait a few minutes for the action to propagate to our systems and retry.","status":403}
winston:file: written true false
[2026-06-08T20:39:04.002Z] Checked if tokens are valid: true, expires at: 1780953737220
winston:file: written true false
[2026-06-08T20:39:04.002Z] Checked if tokens are valid: true, expires at: 1780953737220
winston:file: written true false
[2026-06-08T20:39:04.003Z] >>> [apiv2][query] GET https://compute.googleapis.com/compute/v1/projects/126482806042 [none]
winston:file: logged 1124216 [debug] [2026-06-08T20:39:04.000Z] <<< [apiv2][status] GET https://compute.googleapis.com/compute/v1/projects/126482806042 403

winston:file: logged 1126220 [debug] [2026-06-08T20:39:04.001Z] <<< [apiv2][body] GET https://compute.googleapis.com/compute/v1/projects/126482806042 {"error":{"code":403,"message":"Compute Engine API has not been used in project 126482806042 before or it is disabled. Enable it by visiting https://console.developers.google.com/apis/api/compute.googleapis.com/overview?project=126482806042 then retry. If you enabled this API recently, wait a few minutes for the action to propagate to our systems and retry.","errors":[{"message":"Compute Engine API has not been used in project 126482806042 before or it is disabled. Enable it by visiting https://console.developers.google.com/apis/api/compute.googleapis.com/overview?project=126482806042 then retry. If you enabled this API recently, wait a few minutes for the action to propagate to our systems and retry.","domain":"usageLimits","reason":"accessNotConfigured","extendedHelp":"https://console.developers.google.com"}],"status":"PERMISSION_DENIED","details":[{"@type":"type.googleapis.com/google.rpc.ErrorInfo","reason":"SERVICE_DISABLED","domain":"googleapis.com","metadata":{"containerInfo":"126482806042","consumer":"projects/126482806042","service":"compute.googleapis.com","activationUrl":"https://console.developers.google.com/apis/api/compute.googleapis.com/overview?project=126482806042","serviceTitle":"Compute Engine API"}},{"@type":"type.googleapis.com/google.rpc.LocalizedMessage","locale":"en-US","message":"Compute Engine API has not been used in project 126482806042 before or it is disabled. Enable it by visiting https://console.developers.google.com/apis/api/compute.googleapis.com/overview?project=126482806042 then retry. If you enabled this API recently, wait a few minutes for the action to propagate to our systems and retry."},{"@type":"type.googleapis.com/google.rpc.Help","links":[{"description":"Google developers console API activation","url":"https://console.developers.google.com/apis/api/compute.googleapis.com/overview?project=126482806042"}]}]}}

winston:file: logged 1128810 [debug] [2026-06-08T20:39:04.001Z] unable to look up default compute service account. Falling back to 126482806042-compute@developer.gserviceaccount.com. Error: {"name":"FirebaseError","children":[],"context":{"body":{"error":{"code":403,"message":"Compute Engine API has not been used in project 126482806042 before or it is disabled. Enable it by visiting https://console.developers.google.com/apis/api/compute.googleapis.com/overview?project=126482806042 then retry. If you enabled this API recently, wait a few minutes for the action to propagate to our systems and retry.","errors":[{"message":"Compute Engine API has not been used in project 126482806042 before or it is disabled. Enable it by visiting https://console.developers.google.com/apis/api/compute.googleapis.com/overview?project=126482806042 then retry. If you enabled this API recently, wait a few minutes for the action to propagate to our systems and retry.","domain":"usageLimits","reason":"accessNotConfigured","extendedHelp":"https://console.developers.google.com"}],"status":"PERMISSION_DENIED","details":[{"@type":"type.googleapis.com/google.rpc.ErrorInfo","reason":"SERVICE_DISABLED","domain":"googleapis.com","metadata":{"containerInfo":"126482806042","consumer":"projects/126482806042","service":"compute.googleapis.com","activationUrl":"https://console.developers.google.com/apis/api/compute.googleapis.com/overview?project=126482806042","serviceTitle":"Compute Engine API"}},{"@type":"type.googleapis.com/google.rpc.LocalizedMessage","locale":"en-US","message":"Compute Engine API has not been used in project 126482806042 before or it is disabled. Enable it by visiting https://console.developers.google.com/apis/api/compute.googleapis.com/overview?project=126482806042 then retry. If you enabled this API recently, wait a few minutes for the action to propagate to our systems and retry."},{"@type":"type.googleapis.com/google.rpc.Help","links":[{"description":"Google developers console API activation","url":"https://console.developers.google.com/apis/api/compute.googleapis.com/overview?project=126482806042"}]}]}},"response":{"statusCode":403}},"exit":1,"message":"Request to https://compute.googleapis.com/compute/v1/projects/126482806042 had HTTP Error: 403, Compute Engine API has not been used in project 126482806042 before or it is disabled. Enable it by visiting https://console.developers.google.com/apis/api/compute.googleapis.com/overview?project=126482806042 then retry. If you enabled this API recently, wait a few minutes for the action to propagate to our systems and retry.","status":403}

winston:file: logged 1128906 [debug] [2026-06-08T20:39:04.002Z] Checked if tokens are valid: true, expires at: 1780953737220

winston:file: logged 1129002 [debug] [2026-06-08T20:39:04.002Z] Checked if tokens are valid: true, expires at: 1780953737220

winston:file: logged 1129131 [debug] [2026-06-08T20:39:04.003Z] >>> [apiv2][query] GET https://compute.googleapis.com/compute/v1/projects/126482806042 [none]

winston:file: written true false
[2026-06-08T20:39:04.153Z] <<< [apiv2][status] GET https://compute.googleapis.com/compute/v1/projects/126482806042 403
winston:file: written true false
[2026-06-08T20:39:04.153Z] <<< [apiv2][body] GET https://compute.googleapis.com/compute/v1/projects/126482806042 {"error":{"code":403,"message":"Compute Engine API has not been used in project 126482806042 before or it is disabled. Enable it by visiting https://console.developers.google.com/apis/api/compute.googleapis.com/overview?project=126482806042 then retry. If you enabled this API recently, wait a few minutes for the action to propagate to our systems and retry.","errors":[{"message":"Compute Engine API has not been used in project 126482806042 before or it is disabled. Enable it by visiting https://console.developers.google.com/apis/api/compute.googleapis.com/overview?project=126482806042 then retry. If you enabled this API recently, wait a few minutes for the action to propagate to our systems and retry.","domain":"usageLimits","reason":"accessNotConfigured","extendedHelp":"https://console.developers.google.com"}],"status":"PERMISSION_DENIED","details":[{"@type":"type.googleapis.com/google.rpc.ErrorInfo","reason":"SERVICE_DISABLED","domain":"googleapis.com","metadata":{"containerInfo":"126482806042","consumer":"projects/126482806042","service":"compute.googleapis.com","activationUrl":"https://console.developers.google.com/apis/api/compute.googleapis.com/overview?project=126482806042","serviceTitle":"Compute Engine API"}},{"@type":"type.googleapis.com/google.rpc.LocalizedMessage","locale":"en-US","message":"Compute Engine API has not been used in project 126482806042 before or it is disabled. Enable it by visiting https://console.developers.google.com/apis/api/compute.googleapis.com/overview?project=126482806042 then retry. If you enabled this API recently, wait a few minutes for the action to propagate to our systems and retry."},{"@type":"type.googleapis.com/google.rpc.Help","links":[{"description":"Google developers console API activation","url":"https://console.developers.google.com/apis/api/compute.googleapis.com/overview?project=126482806042"}]}]}}
winston:file: written true false
[2026-06-08T20:39:04.153Z] unable to look up default compute service account. Falling back to 126482806042-compute@developer.gserviceaccount.com. Error: {"name":"FirebaseError","children":[],"context":{"body":{"error":{"code":403,"message":"Compute Engine API has not been used in project 126482806042 before or it is disabled. Enable it by visiting https://console.developers.google.com/apis/api/compute.googleapis.com/overview?project=126482806042 then retry. If you enabled this API recently, wait a few minutes for the action to propagate to our systems and retry.","errors":[{"message":"Compute Engine API has not been used in project 126482806042 before or it is disabled. Enable it by visiting https://console.developers.google.com/apis/api/compute.googleapis.com/overview?project=126482806042 then retry. If you enabled this API recently, wait a few minutes for the action to propagate to our systems and retry.","domain":"usageLimits","reason":"accessNotConfigured","extendedHelp":"https://console.developers.google.com"}],"status":"PERMISSION_DENIED","details":[{"@type":"type.googleapis.com/google.rpc.ErrorInfo","reason":"SERVICE_DISABLED","domain":"googleapis.com","metadata":{"containerInfo":"126482806042","consumer":"projects/126482806042","service":"compute.googleapis.com","activationUrl":"https://console.developers.google.com/apis/api/compute.googleapis.com/overview?project=126482806042","serviceTitle":"Compute Engine API"}},{"@type":"type.googleapis.com/google.rpc.LocalizedMessage","locale":"en-US","message":"Compute Engine API has not been used in project 126482806042 before or it is disabled. Enable it by visiting https://console.developers.google.com/apis/api/compute.googleapis.com/overview?project=126482806042 then retry. If you enabled this API recently, wait a few minutes for the action to propagate to our systems and retry."},{"@type":"type.googleapis.com/google.rpc.Help","links":[{"description":"Google developers console API activation","url":"https://console.developers.google.com/apis/api/compute.googleapis.com/overview?project=126482806042"}]}]}},"response":{"statusCode":403}},"exit":1,"message":"Request to https://compute.googleapis.com/compute/v1/projects/126482806042 had HTTP Error: 403, Compute Engine API has not been used in project 126482806042 before or it is disabled. Enable it by visiting https://console.developers.google.com/apis/api/compute.googleapis.com/overview?project=126482806042 then retry. If you enabled this API recently, wait a few minutes for the action to propagate to our systems and retry.","status":403}
winston:file: written true false
[2026-06-08T20:39:04.153Z] Checked if tokens are valid: true, expires at: 1780953737220
winston:file: written true false
[2026-06-08T20:39:04.153Z] Checked if tokens are valid: true, expires at: 1780953737220
winston:file: written true false
[2026-06-08T20:39:04.153Z] >>> [apiv2][query] GET https://compute.googleapis.com/compute/v1/projects/126482806042 [none]
winston:file: logged 1129258 [debug] [2026-06-08T20:39:04.153Z] <<< [apiv2][status] GET https://compute.googleapis.com/compute/v1/projects/126482806042 403

winston:file: logged 1131262 [debug] [2026-06-08T20:39:04.153Z] <<< [apiv2][body] GET https://compute.googleapis.com/compute/v1/projects/126482806042 {"error":{"code":403,"message":"Compute Engine API has not been used in project 126482806042 before or it is disabled. Enable it by visiting https://console.developers.google.com/apis/api/compute.googleapis.com/overview?project=126482806042 then retry. If you enabled this API recently, wait a few minutes for the action to propagate to our systems and retry.","errors":[{"message":"Compute Engine API has not been used in project 126482806042 before or it is disabled. Enable it by visiting https://console.developers.google.com/apis/api/compute.googleapis.com/overview?project=126482806042 then retry. If you enabled this API recently, wait a few minutes for the action to propagate to our systems and retry.","domain":"usageLimits","reason":"accessNotConfigured","extendedHelp":"https://console.developers.google.com"}],"status":"PERMISSION_DENIED","details":[{"@type":"type.googleapis.com/google.rpc.ErrorInfo","reason":"SERVICE_DISABLED","domain":"googleapis.com","metadata":{"containerInfo":"126482806042","consumer":"projects/126482806042","service":"compute.googleapis.com","activationUrl":"https://console.developers.google.com/apis/api/compute.googleapis.com/overview?project=126482806042","serviceTitle":"Compute Engine API"}},{"@type":"type.googleapis.com/google.rpc.LocalizedMessage","locale":"en-US","message":"Compute Engine API has not been used in project 126482806042 before or it is disabled. Enable it by visiting https://console.developers.google.com/apis/api/compute.googleapis.com/overview?project=126482806042 then retry. If you enabled this API recently, wait a few minutes for the action to propagate to our systems and retry."},{"@type":"type.googleapis.com/google.rpc.Help","links":[{"description":"Google developers console API activation","url":"https://console.developers.google.com/apis/api/compute.googleapis.com/overview?project=126482806042"}]}]}}

winston:file: logged 1133852 [debug] [2026-06-08T20:39:04.153Z] unable to look up default compute service account. Falling back to 126482806042-compute@developer.gserviceaccount.com. Error: {"name":"FirebaseError","children":[],"context":{"body":{"error":{"code":403,"message":"Compute Engine API has not been used in project 126482806042 before or it is disabled. Enable it by visiting https://console.developers.google.com/apis/api/compute.googleapis.com/overview?project=126482806042 then retry. If you enabled this API recently, wait a few minutes for the action to propagate to our systems and retry.","errors":[{"message":"Compute Engine API has not been used in project 126482806042 before or it is disabled. Enable it by visiting https://console.developers.google.com/apis/api/compute.googleapis.com/overview?project=126482806042 then retry. If you enabled this API recently, wait a few minutes for the action to propagate to our systems and retry.","domain":"usageLimits","reason":"accessNotConfigured","extendedHelp":"https://console.developers.google.com"}],"status":"PERMISSION_DENIED","details":[{"@type":"type.googleapis.com/google.rpc.ErrorInfo","reason":"SERVICE_DISABLED","domain":"googleapis.com","metadata":{"containerInfo":"126482806042","consumer":"projects/126482806042","service":"compute.googleapis.com","activationUrl":"https://console.developers.google.com/apis/api/compute.googleapis.com/overview?project=126482806042","serviceTitle":"Compute Engine API"}},{"@type":"type.googleapis.com/google.rpc.LocalizedMessage","locale":"en-US","message":"Compute Engine API has not been used in project 126482806042 before or it is disabled. Enable it by visiting https://console.developers.google.com/apis/api/compute.googleapis.com/overview?project=126482806042 then retry. If you enabled this API recently, wait a few minutes for the action to propagate to our systems and retry."},{"@type":"type.googleapis.com/google.rpc.Help","links":[{"description":"Google developers console API activation","url":"https://console.developers.google.com/apis/api/compute.googleapis.com/overview?project=126482806042"}]}]}},"response":{"statusCode":403}},"exit":1,"message":"Request to https://compute.googleapis.com/compute/v1/projects/126482806042 had HTTP Error: 403, Compute Engine API has not been used in project 126482806042 before or it is disabled. Enable it by visiting https://console.developers.google.com/apis/api/compute.googleapis.com/overview?project=126482806042 then retry. If you enabled this API recently, wait a few minutes for the action to propagate to our systems and retry.","status":403}

winston:file: logged 1133948 [debug] [2026-06-08T20:39:04.153Z] Checked if tokens are valid: true, expires at: 1780953737220

winston:file: logged 1134044 [debug] [2026-06-08T20:39:04.153Z] Checked if tokens are valid: true, expires at: 1780953737220

winston:file: logged 1134173 [debug] [2026-06-08T20:39:04.153Z] >>> [apiv2][query] GET https://compute.googleapis.com/compute/v1/projects/126482806042 [none]

winston:file: written true false
[2026-06-08T20:39:04.277Z] <<< [apiv2][status] GET https://compute.googleapis.com/compute/v1/projects/126482806042 403
winston:file: written true false
[2026-06-08T20:39:04.277Z] <<< [apiv2][body] GET https://compute.googleapis.com/compute/v1/projects/126482806042 {"error":{"code":403,"message":"Compute Engine API has not been used in project 126482806042 before or it is disabled. Enable it by visiting https://console.developers.google.com/apis/api/compute.googleapis.com/overview?project=126482806042 then retry. If you enabled this API recently, wait a few minutes for the action to propagate to our systems and retry.","errors":[{"message":"Compute Engine API has not been used in project 126482806042 before or it is disabled. Enable it by visiting https://console.developers.google.com/apis/api/compute.googleapis.com/overview?project=126482806042 then retry. If you enabled this API recently, wait a few minutes for the action to propagate to our systems and retry.","domain":"usageLimits","reason":"accessNotConfigured","extendedHelp":"https://console.developers.google.com"}],"status":"PERMISSION_DENIED","details":[{"@type":"type.googleapis.com/google.rpc.ErrorInfo","reason":"SERVICE_DISABLED","domain":"googleapis.com","metadata":{"activationUrl":"https://console.developers.google.com/apis/api/compute.googleapis.com/overview?project=126482806042","serviceTitle":"Compute Engine API","service":"compute.googleapis.com","containerInfo":"126482806042","consumer":"projects/126482806042"}},{"@type":"type.googleapis.com/google.rpc.LocalizedMessage","locale":"en-US","message":"Compute Engine API has not been used in project 126482806042 before or it is disabled. Enable it by visiting https://console.developers.google.com/apis/api/compute.googleapis.com/overview?project=126482806042 then retry. If you enabled this API recently, wait a few minutes for the action to propagate to our systems and retry."},{"@type":"type.googleapis.com/google.rpc.Help","links":[{"description":"Google developers console API activation","url":"https://console.developers.google.com/apis/api/compute.googleapis.com/overview?project=126482806042"}]}]}}
winston:file: written true false
[2026-06-08T20:39:04.277Z] unable to look up default compute service account. Falling back to 126482806042-compute@developer.gserviceaccount.com. Error: {"name":"FirebaseError","children":[],"context":{"body":{"error":{"code":403,"message":"Compute Engine API has not been used in project 126482806042 before or it is disabled. Enable it by visiting https://console.developers.google.com/apis/api/compute.googleapis.com/overview?project=126482806042 then retry. If you enabled this API recently, wait a few minutes for the action to propagate to our systems and retry.","errors":[{"message":"Compute Engine API has not been used in project 126482806042 before or it is disabled. Enable it by visiting https://console.developers.google.com/apis/api/compute.googleapis.com/overview?project=126482806042 then retry. If you enabled this API recently, wait a few minutes for the action to propagate to our systems and retry.","domain":"usageLimits","reason":"accessNotConfigured","extendedHelp":"https://console.developers.google.com"}],"status":"PERMISSION_DENIED","details":[{"@type":"type.googleapis.com/google.rpc.ErrorInfo","reason":"SERVICE_DISABLED","domain":"googleapis.com","metadata":{"activationUrl":"https://console.developers.google.com/apis/api/compute.googleapis.com/overview?project=126482806042","serviceTitle":"Compute Engine API","service":"compute.googleapis.com","containerInfo":"126482806042","consumer":"projects/126482806042"}},{"@type":"type.googleapis.com/google.rpc.LocalizedMessage","locale":"en-US","message":"Compute Engine API has not been used in project 126482806042 before or it is disabled. Enable it by visiting https://console.developers.google.com/apis/api/compute.googleapis.com/overview?project=126482806042 then retry. If you enabled this API recently, wait a few minutes for the action to propagate to our systems and retry."},{"@type":"type.googleapis.com/google.rpc.Help","links":[{"description":"Google developers console API activation","url":"https://console.developers.google.com/apis/api/compute.googleapis.com/overview?project=126482806042"}]}]}},"response":{"statusCode":403}},"exit":1,"message":"Request to https://compute.googleapis.com/compute/v1/projects/126482806042 had HTTP Error: 403, Compute Engine API has not been used in project 126482806042 before or it is disabled. Enable it by visiting https://console.developers.google.com/apis/api/compute.googleapis.com/overview?project=126482806042 then retry. If you enabled this API recently, wait a few minutes for the action to propagate to our systems and retry.","status":403}
winston:file: written true false
[2026-06-08T20:39:04.278Z] Checked if tokens are valid: true, expires at: 1780953737220
winston:file: written true false
[2026-06-08T20:39:04.278Z] Checked if tokens are valid: true, expires at: 1780953737220
winston:file: written true false
[2026-06-08T20:39:04.278Z] >>> [apiv2][query] GET https://compute.googleapis.com/compute/v1/projects/126482806042 [none]
winston:file: logged 1134300 [debug] [2026-06-08T20:39:04.277Z] <<< [apiv2][status] GET https://compute.googleapis.com/compute/v1/projects/126482806042 403

winston:file: logged 1136304 [debug] [2026-06-08T20:39:04.277Z] <<< [apiv2][body] GET https://compute.googleapis.com/compute/v1/projects/126482806042 {"error":{"code":403,"message":"Compute Engine API has not been used in project 126482806042 before or it is disabled. Enable it by visiting https://console.developers.google.com/apis/api/compute.googleapis.com/overview?project=126482806042 then retry. If you enabled this API recently, wait a few minutes for the action to propagate to our systems and retry.","errors":[{"message":"Compute Engine API has not been used in project 126482806042 before or it is disabled. Enable it by visiting https://console.developers.google.com/apis/api/compute.googleapis.com/overview?project=126482806042 then retry. If you enabled this API recently, wait a few minutes for the action to propagate to our systems and retry.","domain":"usageLimits","reason":"accessNotConfigured","extendedHelp":"https://console.developers.google.com"}],"status":"PERMISSION_DENIED","details":[{"@type":"type.googleapis.com/google.rpc.ErrorInfo","reason":"SERVICE_DISABLED","domain":"googleapis.com","metadata":{"activationUrl":"https://console.developers.google.com/apis/api/compute.googleapis.com/overview?project=126482806042","serviceTitle":"Compute Engine API","service":"compute.googleapis.com","containerInfo":"126482806042","consumer":"projects/126482806042"}},{"@type":"type.googleapis.com/google.rpc.LocalizedMessage","locale":"en-US","message":"Compute Engine API has not been used in project 126482806042 before or it is disabled. Enable it by visiting https://console.developers.google.com/apis/api/compute.googleapis.com/overview?project=126482806042 then retry. If you enabled this API recently, wait a few minutes for the action to propagate to our systems and retry."},{"@type":"type.googleapis.com/google.rpc.Help","links":[{"description":"Google developers console API activation","url":"https://console.developers.google.com/apis/api/compute.googleapis.com/overview?project=126482806042"}]}]}}

winston:file: logged 1138894 [debug] [2026-06-08T20:39:04.277Z] unable to look up default compute service account. Falling back to 126482806042-compute@developer.gserviceaccount.com. Error: {"name":"FirebaseError","children":[],"context":{"body":{"error":{"code":403,"message":"Compute Engine API has not been used in project 126482806042 before or it is disabled. Enable it by visiting https://console.developers.google.com/apis/api/compute.googleapis.com/overview?project=126482806042 then retry. If you enabled this API recently, wait a few minutes for the action to propagate to our systems and retry.","errors":[{"message":"Compute Engine API has not been used in project 126482806042 before or it is disabled. Enable it by visiting https://console.developers.google.com/apis/api/compute.googleapis.com/overview?project=126482806042 then retry. If you enabled this API recently, wait a few minutes for the action to propagate to our systems and retry.","domain":"usageLimits","reason":"accessNotConfigured","extendedHelp":"https://console.developers.google.com"}],"status":"PERMISSION_DENIED","details":[{"@type":"type.googleapis.com/google.rpc.ErrorInfo","reason":"SERVICE_DISABLED","domain":"googleapis.com","metadata":{"activationUrl":"https://console.developers.google.com/apis/api/compute.googleapis.com/overview?project=126482806042","serviceTitle":"Compute Engine API","service":"compute.googleapis.com","containerInfo":"126482806042","consumer":"projects/126482806042"}},{"@type":"type.googleapis.com/google.rpc.LocalizedMessage","locale":"en-US","message":"Compute Engine API has not been used in project 126482806042 before or it is disabled. Enable it by visiting https://console.developers.google.com/apis/api/compute.googleapis.com/overview?project=126482806042 then retry. If you enabled this API recently, wait a few minutes for the action to propagate to our systems and retry."},{"@type":"type.googleapis.com/google.rpc.Help","links":[{"description":"Google developers console API activation","url":"https://console.developers.google.com/apis/api/compute.googleapis.com/overview?project=126482806042"}]}]}},"response":{"statusCode":403}},"exit":1,"message":"Request to https://compute.googleapis.com/compute/v1/projects/126482806042 had HTTP Error: 403, Compute Engine API has not been used in project 126482806042 before or it is disabled. Enable it by visiting https://console.developers.google.com/apis/api/compute.googleapis.com/overview?project=126482806042 then retry. If you enabled this API recently, wait a few minutes for the action to propagate to our systems and retry.","status":403}

winston:file: logged 1138990 [debug] [2026-06-08T20:39:04.278Z] Checked if tokens are valid: true, expires at: 1780953737220

winston:file: logged 1139086 [debug] [2026-06-08T20:39:04.278Z] Checked if tokens are valid: true, expires at: 1780953737220

winston:file: logged 1139215 [debug] [2026-06-08T20:39:04.278Z] >>> [apiv2][query] GET https://compute.googleapis.com/compute/v1/projects/126482806042 [none]

winston:file: written true false
[2026-06-08T20:39:04.425Z] <<< [apiv2][status] GET https://compute.googleapis.com/compute/v1/projects/126482806042 403
winston:file: written true false
[2026-06-08T20:39:04.425Z] <<< [apiv2][body] GET https://compute.googleapis.com/compute/v1/projects/126482806042 {"error":{"code":403,"message":"Compute Engine API has not been used in project 126482806042 before or it is disabled. Enable it by visiting https://console.developers.google.com/apis/api/compute.googleapis.com/overview?project=126482806042 then retry. If you enabled this API recently, wait a few minutes for the action to propagate to our systems and retry.","errors":[{"message":"Compute Engine API has not been used in project 126482806042 before or it is disabled. Enable it by visiting https://console.developers.google.com/apis/api/compute.googleapis.com/overview?project=126482806042 then retry. If you enabled this API recently, wait a few minutes for the action to propagate to our systems and retry.","domain":"usageLimits","reason":"accessNotConfigured","extendedHelp":"https://console.developers.google.com"}],"status":"PERMISSION_DENIED","details":[{"@type":"type.googleapis.com/google.rpc.ErrorInfo","reason":"SERVICE_DISABLED","domain":"googleapis.com","metadata":{"consumer":"projects/126482806042","service":"compute.googleapis.com","activationUrl":"https://console.developers.google.com/apis/api/compute.googleapis.com/overview?project=126482806042","containerInfo":"126482806042","serviceTitle":"Compute Engine API"}},{"@type":"type.googleapis.com/google.rpc.LocalizedMessage","locale":"en-US","message":"Compute Engine API has not been used in project 126482806042 before or it is disabled. Enable it by visiting https://console.developers.google.com/apis/api/compute.googleapis.com/overview?project=126482806042 then retry. If you enabled this API recently, wait a few minutes for the action to propagate to our systems and retry."},{"@type":"type.googleapis.com/google.rpc.Help","links":[{"description":"Google developers console API activation","url":"https://console.developers.google.com/apis/api/compute.googleapis.com/overview?project=126482806042"}]}]}}
winston:file: written true false
[2026-06-08T20:39:04.425Z] unable to look up default compute service account. Falling back to 126482806042-compute@developer.gserviceaccount.com. Error: {"name":"FirebaseError","children":[],"context":{"body":{"error":{"code":403,"message":"Compute Engine API has not been used in project 126482806042 before or it is disabled. Enable it by visiting https://console.developers.google.com/apis/api/compute.googleapis.com/overview?project=126482806042 then retry. If you enabled this API recently, wait a few minutes for the action to propagate to our systems and retry.","errors":[{"message":"Compute Engine API has not been used in project 126482806042 before or it is disabled. Enable it by visiting https://console.developers.google.com/apis/api/compute.googleapis.com/overview?project=126482806042 then retry. If you enabled this API recently, wait a few minutes for the action to propagate to our systems and retry.","domain":"usageLimits","reason":"accessNotConfigured","extendedHelp":"https://console.developers.google.com"}],"status":"PERMISSION_DENIED","details":[{"@type":"type.googleapis.com/google.rpc.ErrorInfo","reason":"SERVICE_DISABLED","domain":"googleapis.com","metadata":{"consumer":"projects/126482806042","service":"compute.googleapis.com","activationUrl":"https://console.developers.google.com/apis/api/compute.googleapis.com/overview?project=126482806042","containerInfo":"126482806042","serviceTitle":"Compute Engine API"}},{"@type":"type.googleapis.com/google.rpc.LocalizedMessage","locale":"en-US","message":"Compute Engine API has not been used in project 126482806042 before or it is disabled. Enable it by visiting https://console.developers.google.com/apis/api/compute.googleapis.com/overview?project=126482806042 then retry. If you enabled this API recently, wait a few minutes for the action to propagate to our systems and retry."},{"@type":"type.googleapis.com/google.rpc.Help","links":[{"description":"Google developers console API activation","url":"https://console.developers.google.com/apis/api/compute.googleapis.com/overview?project=126482806042"}]}]}},"response":{"statusCode":403}},"exit":1,"message":"Request to https://compute.googleapis.com/compute/v1/projects/126482806042 had HTTP Error: 403, Compute Engine API has not been used in project 126482806042 before or it is disabled. Enable it by visiting https://console.developers.google.com/apis/api/compute.googleapis.com/overview?project=126482806042 then retry. If you enabled this API recently, wait a few minutes for the action to propagate to our systems and retry.","status":403}
winston:file: written true false
[2026-06-08T20:39:04.426Z] Checked if tokens are valid: true, expires at: 1780953737220
winston:file: written true false
[2026-06-08T20:39:04.426Z] Checked if tokens are valid: true, expires at: 1780953737220
winston:file: written true false
[2026-06-08T20:39:04.426Z] >>> [apiv2][query] GET https://compute.googleapis.com/compute/v1/projects/126482806042 [none]
winston:file: logged 1139342 [debug] [2026-06-08T20:39:04.425Z] <<< [apiv2][status] GET https://compute.googleapis.com/compute/v1/projects/126482806042 403

winston:file: logged 1141346 [debug] [2026-06-08T20:39:04.425Z] <<< [apiv2][body] GET https://compute.googleapis.com/compute/v1/projects/126482806042 {"error":{"code":403,"message":"Compute Engine API has not been used in project 126482806042 before or it is disabled. Enable it by visiting https://console.developers.google.com/apis/api/compute.googleapis.com/overview?project=126482806042 then retry. If you enabled this API recently, wait a few minutes for the action to propagate to our systems and retry.","errors":[{"message":"Compute Engine API has not been used in project 126482806042 before or it is disabled. Enable it by visiting https://console.developers.google.com/apis/api/compute.googleapis.com/overview?project=126482806042 then retry. If you enabled this API recently, wait a few minutes for the action to propagate to our systems and retry.","domain":"usageLimits","reason":"accessNotConfigured","extendedHelp":"https://console.developers.google.com"}],"status":"PERMISSION_DENIED","details":[{"@type":"type.googleapis.com/google.rpc.ErrorInfo","reason":"SERVICE_DISABLED","domain":"googleapis.com","metadata":{"consumer":"projects/126482806042","service":"compute.googleapis.com","activationUrl":"https://console.developers.google.com/apis/api/compute.googleapis.com/overview?project=126482806042","containerInfo":"126482806042","serviceTitle":"Compute Engine API"}},{"@type":"type.googleapis.com/google.rpc.LocalizedMessage","locale":"en-US","message":"Compute Engine API has not been used in project 126482806042 before or it is disabled. Enable it by visiting https://console.developers.google.com/apis/api/compute.googleapis.com/overview?project=126482806042 then retry. If you enabled this API recently, wait a few minutes for the action to propagate to our systems and retry."},{"@type":"type.googleapis.com/google.rpc.Help","links":[{"description":"Google developers console API activation","url":"https://console.developers.google.com/apis/api/compute.googleapis.com/overview?project=126482806042"}]}]}}

winston:file: logged 1143936 [debug] [2026-06-08T20:39:04.425Z] unable to look up default compute service account. Falling back to 126482806042-compute@developer.gserviceaccount.com. Error: {"name":"FirebaseError","children":[],"context":{"body":{"error":{"code":403,"message":"Compute Engine API has not been used in project 126482806042 before or it is disabled. Enable it by visiting https://console.developers.google.com/apis/api/compute.googleapis.com/overview?project=126482806042 then retry. If you enabled this API recently, wait a few minutes for the action to propagate to our systems and retry.","errors":[{"message":"Compute Engine API has not been used in project 126482806042 before or it is disabled. Enable it by visiting https://console.developers.google.com/apis/api/compute.googleapis.com/overview?project=126482806042 then retry. If you enabled this API recently, wait a few minutes for the action to propagate to our systems and retry.","domain":"usageLimits","reason":"accessNotConfigured","extendedHelp":"https://console.developers.google.com"}],"status":"PERMISSION_DENIED","details":[{"@type":"type.googleapis.com/google.rpc.ErrorInfo","reason":"SERVICE_DISABLED","domain":"googleapis.com","metadata":{"consumer":"projects/126482806042","service":"compute.googleapis.com","activationUrl":"https://console.developers.google.com/apis/api/compute.googleapis.com/overview?project=126482806042","containerInfo":"126482806042","serviceTitle":"Compute Engine API"}},{"@type":"type.googleapis.com/google.rpc.LocalizedMessage","locale":"en-US","message":"Compute Engine API has not been used in project 126482806042 before or it is disabled. Enable it by visiting https://console.developers.google.com/apis/api/compute.googleapis.com/overview?project=126482806042 then retry. If you enabled this API recently, wait a few minutes for the action to propagate to our systems and retry."},{"@type":"type.googleapis.com/google.rpc.Help","links":[{"description":"Google developers console API activation","url":"https://console.developers.google.com/apis/api/compute.googleapis.com/overview?project=126482806042"}]}]}},"response":{"statusCode":403}},"exit":1,"message":"Request to https://compute.googleapis.com/compute/v1/projects/126482806042 had HTTP Error: 403, Compute Engine API has not been used in project 126482806042 before or it is disabled. Enable it by visiting https://console.developers.google.com/apis/api/compute.googleapis.com/overview?project=126482806042 then retry. If you enabled this API recently, wait a few minutes for the action to propagate to our systems and retry.","status":403}

winston:file: logged 1144032 [debug] [2026-06-08T20:39:04.426Z] Checked if tokens are valid: true, expires at: 1780953737220

winston:file: logged 1144128 [debug] [2026-06-08T20:39:04.426Z] Checked if tokens are valid: true, expires at: 1780953737220

winston:file: logged 1144257 [debug] [2026-06-08T20:39:04.426Z] >>> [apiv2][query] GET https://compute.googleapis.com/compute/v1/projects/126482806042 [none]

winston:file: written true false
[2026-06-08T20:39:04.583Z] <<< [apiv2][status] GET https://compute.googleapis.com/compute/v1/projects/126482806042 403
winston:file: written true false
[2026-06-08T20:39:04.584Z] <<< [apiv2][body] GET https://compute.googleapis.com/compute/v1/projects/126482806042 {"error":{"code":403,"message":"Compute Engine API has not been used in project 126482806042 before or it is disabled. Enable it by visiting https://console.developers.google.com/apis/api/compute.googleapis.com/overview?project=126482806042 then retry. If you enabled this API recently, wait a few minutes for the action to propagate to our systems and retry.","errors":[{"message":"Compute Engine API has not been used in project 126482806042 before or it is disabled. Enable it by visiting https://console.developers.google.com/apis/api/compute.googleapis.com/overview?project=126482806042 then retry. If you enabled this API recently, wait a few minutes for the action to propagate to our systems and retry.","domain":"usageLimits","reason":"accessNotConfigured","extendedHelp":"https://console.developers.google.com"}],"status":"PERMISSION_DENIED","details":[{"@type":"type.googleapis.com/google.rpc.ErrorInfo","reason":"SERVICE_DISABLED","domain":"googleapis.com","metadata":{"containerInfo":"126482806042","activationUrl":"https://console.developers.google.com/apis/api/compute.googleapis.com/overview?project=126482806042","service":"compute.googleapis.com","consumer":"projects/126482806042","serviceTitle":"Compute Engine API"}},{"@type":"type.googleapis.com/google.rpc.LocalizedMessage","locale":"en-US","message":"Compute Engine API has not been used in project 126482806042 before or it is disabled. Enable it by visiting https://console.developers.google.com/apis/api/compute.googleapis.com/overview?project=126482806042 then retry. If you enabled this API recently, wait a few minutes for the action to propagate to our systems and retry."},{"@type":"type.googleapis.com/google.rpc.Help","links":[{"description":"Google developers console API activation","url":"https://console.developers.google.com/apis/api/compute.googleapis.com/overview?project=126482806042"}]}]}}
winston:file: written true false
[2026-06-08T20:39:04.584Z] unable to look up default compute service account. Falling back to 126482806042-compute@developer.gserviceaccount.com. Error: {"name":"FirebaseError","children":[],"context":{"body":{"error":{"code":403,"message":"Compute Engine API has not been used in project 126482806042 before or it is disabled. Enable it by visiting https://console.developers.google.com/apis/api/compute.googleapis.com/overview?project=126482806042 then retry. If you enabled this API recently, wait a few minutes for the action to propagate to our systems and retry.","errors":[{"message":"Compute Engine API has not been used in project 126482806042 before or it is disabled. Enable it by visiting https://console.developers.google.com/apis/api/compute.googleapis.com/overview?project=126482806042 then retry. If you enabled this API recently, wait a few minutes for the action to propagate to our systems and retry.","domain":"usageLimits","reason":"accessNotConfigured","extendedHelp":"https://console.developers.google.com"}],"status":"PERMISSION_DENIED","details":[{"@type":"type.googleapis.com/google.rpc.ErrorInfo","reason":"SERVICE_DISABLED","domain":"googleapis.com","metadata":{"containerInfo":"126482806042","activationUrl":"https://console.developers.google.com/apis/api/compute.googleapis.com/overview?project=126482806042","service":"compute.googleapis.com","consumer":"projects/126482806042","serviceTitle":"Compute Engine API"}},{"@type":"type.googleapis.com/google.rpc.LocalizedMessage","locale":"en-US","message":"Compute Engine API has not been used in project 126482806042 before or it is disabled. Enable it by visiting https://console.developers.google.com/apis/api/compute.googleapis.com/overview?project=126482806042 then retry. If you enabled this API recently, wait a few minutes for the action to propagate to our systems and retry."},{"@type":"type.googleapis.com/google.rpc.Help","links":[{"description":"Google developers console API activation","url":"https://console.developers.google.com/apis/api/compute.googleapis.com/overview?project=126482806042"}]}]}},"response":{"statusCode":403}},"exit":1,"message":"Request to https://compute.googleapis.com/compute/v1/projects/126482806042 had HTTP Error: 403, Compute Engine API has not been used in project 126482806042 before or it is disabled. Enable it by visiting https://console.developers.google.com/apis/api/compute.googleapis.com/overview?project=126482806042 then retry. If you enabled this API recently, wait a few minutes for the action to propagate to our systems and retry.","status":403}
winston:file: written true false
[2026-06-08T20:39:04.585Z] Checked if tokens are valid: true, expires at: 1780953737220
winston:file: written true false
[2026-06-08T20:39:04.585Z] Checked if tokens are valid: true, expires at: 1780953737220
winston:file: written true false
[2026-06-08T20:39:04.585Z] >>> [apiv2][query] GET https://compute.googleapis.com/compute/v1/projects/126482806042 [none]
winston:file: logged 1144384 [debug] [2026-06-08T20:39:04.583Z] <<< [apiv2][status] GET https://compute.googleapis.com/compute/v1/projects/126482806042 403

winston:file: logged 1146388 [debug] [2026-06-08T20:39:04.584Z] <<< [apiv2][body] GET https://compute.googleapis.com/compute/v1/projects/126482806042 {"error":{"code":403,"message":"Compute Engine API has not been used in project 126482806042 before or it is disabled. Enable it by visiting https://console.developers.google.com/apis/api/compute.googleapis.com/overview?project=126482806042 then retry. If you enabled this API recently, wait a few minutes for the action to propagate to our systems and retry.","errors":[{"message":"Compute Engine API has not been used in project 126482806042 before or it is disabled. Enable it by visiting https://console.developers.google.com/apis/api/compute.googleapis.com/overview?project=126482806042 then retry. If you enabled this API recently, wait a few minutes for the action to propagate to our systems and retry.","domain":"usageLimits","reason":"accessNotConfigured","extendedHelp":"https://console.developers.google.com"}],"status":"PERMISSION_DENIED","details":[{"@type":"type.googleapis.com/google.rpc.ErrorInfo","reason":"SERVICE_DISABLED","domain":"googleapis.com","metadata":{"containerInfo":"126482806042","activationUrl":"https://console.developers.google.com/apis/api/compute.googleapis.com/overview?project=126482806042","service":"compute.googleapis.com","consumer":"projects/126482806042","serviceTitle":"Compute Engine API"}},{"@type":"type.googleapis.com/google.rpc.LocalizedMessage","locale":"en-US","message":"Compute Engine API has not been used in project 126482806042 before or it is disabled. Enable it by visiting https://console.developers.google.com/apis/api/compute.googleapis.com/overview?project=126482806042 then retry. If you enabled this API recently, wait a few minutes for the action to propagate to our systems and retry."},{"@type":"type.googleapis.com/google.rpc.Help","links":[{"description":"Google developers console API activation","url":"https://console.developers.google.com/apis/api/compute.googleapis.com/overview?project=126482806042"}]}]}}

winston:file: logged 1148978 [debug] [2026-06-08T20:39:04.584Z] unable to look up default compute service account. Falling back to 126482806042-compute@developer.gserviceaccount.com. Error: {"name":"FirebaseError","children":[],"context":{"body":{"error":{"code":403,"message":"Compute Engine API has not been used in project 126482806042 before or it is disabled. Enable it by visiting https://console.developers.google.com/apis/api/compute.googleapis.com/overview?project=126482806042 then retry. If you enabled this API recently, wait a few minutes for the action to propagate to our systems and retry.","errors":[{"message":"Compute Engine API has not been used in project 126482806042 before or it is disabled. Enable it by visiting https://console.developers.google.com/apis/api/compute.googleapis.com/overview?project=126482806042 then retry. If you enabled this API recently, wait a few minutes for the action to propagate to our systems and retry.","domain":"usageLimits","reason":"accessNotConfigured","extendedHelp":"https://console.developers.google.com"}],"status":"PERMISSION_DENIED","details":[{"@type":"type.googleapis.com/google.rpc.ErrorInfo","reason":"SERVICE_DISABLED","domain":"googleapis.com","metadata":{"containerInfo":"126482806042","activationUrl":"https://console.developers.google.com/apis/api/compute.googleapis.com/overview?project=126482806042","service":"compute.googleapis.com","consumer":"projects/126482806042","serviceTitle":"Compute Engine API"}},{"@type":"type.googleapis.com/google.rpc.LocalizedMessage","locale":"en-US","message":"Compute Engine API has not been used in project 126482806042 before or it is disabled. Enable it by visiting https://console.developers.google.com/apis/api/compute.googleapis.com/overview?project=126482806042 then retry. If you enabled this API recently, wait a few minutes for the action to propagate to our systems and retry."},{"@type":"type.googleapis.com/google.rpc.Help","links":[{"description":"Google developers console API activation","url":"https://console.developers.google.com/apis/api/compute.googleapis.com/overview?project=126482806042"}]}]}},"response":{"statusCode":403}},"exit":1,"message":"Request to https://compute.googleapis.com/compute/v1/projects/126482806042 had HTTP Error: 403, Compute Engine API has not been used in project 126482806042 before or it is disabled. Enable it by visiting https://console.developers.google.com/apis/api/compute.googleapis.com/overview?project=126482806042 then retry. If you enabled this API recently, wait a few minutes for the action to propagate to our systems and retry.","status":403}

winston:file: logged 1149074 [debug] [2026-06-08T20:39:04.585Z] Checked if tokens are valid: true, expires at: 1780953737220

winston:file: logged 1149170 [debug] [2026-06-08T20:39:04.585Z] Checked if tokens are valid: true, expires at: 1780953737220

winston:file: logged 1149299 [debug] [2026-06-08T20:39:04.585Z] >>> [apiv2][query] GET https://compute.googleapis.com/compute/v1/projects/126482806042 [none]

winston:file: written true false
[2026-06-08T20:39:04.715Z] <<< [apiv2][status] GET https://compute.googleapis.com/compute/v1/projects/126482806042 403
winston:file: written true false
[2026-06-08T20:39:04.716Z] <<< [apiv2][body] GET https://compute.googleapis.com/compute/v1/projects/126482806042 {"error":{"code":403,"message":"Compute Engine API has not been used in project 126482806042 before or it is disabled. Enable it by visiting https://console.developers.google.com/apis/api/compute.googleapis.com/overview?project=126482806042 then retry. If you enabled this API recently, wait a few minutes for the action to propagate to our systems and retry.","errors":[{"message":"Compute Engine API has not been used in project 126482806042 before or it is disabled. Enable it by visiting https://console.developers.google.com/apis/api/compute.googleapis.com/overview?project=126482806042 then retry. If you enabled this API recently, wait a few minutes for the action to propagate to our systems and retry.","domain":"usageLimits","reason":"accessNotConfigured","extendedHelp":"https://console.developers.google.com"}],"status":"PERMISSION_DENIED","details":[{"@type":"type.googleapis.com/google.rpc.ErrorInfo","reason":"SERVICE_DISABLED","domain":"googleapis.com","metadata":{"serviceTitle":"Compute Engine API","containerInfo":"126482806042","service":"compute.googleapis.com","activationUrl":"https://console.developers.google.com/apis/api/compute.googleapis.com/overview?project=126482806042","consumer":"projects/126482806042"}},{"@type":"type.googleapis.com/google.rpc.LocalizedMessage","locale":"en-US","message":"Compute Engine API has not been used in project 126482806042 before or it is disabled. Enable it by visiting https://console.developers.google.com/apis/api/compute.googleapis.com/overview?project=126482806042 then retry. If you enabled this API recently, wait a few minutes for the action to propagate to our systems and retry."},{"@type":"type.googleapis.com/google.rpc.Help","links":[{"description":"Google developers console API activation","url":"https://console.developers.google.com/apis/api/compute.googleapis.com/overview?project=126482806042"}]}]}}
winston:file: written true false
[2026-06-08T20:39:04.717Z] unable to look up default compute service account. Falling back to 126482806042-compute@developer.gserviceaccount.com. Error: {"name":"FirebaseError","children":[],"context":{"body":{"error":{"code":403,"message":"Compute Engine API has not been used in project 126482806042 before or it is disabled. Enable it by visiting https://console.developers.google.com/apis/api/compute.googleapis.com/overview?project=126482806042 then retry. If you enabled this API recently, wait a few minutes for the action to propagate to our systems and retry.","errors":[{"message":"Compute Engine API has not been used in project 126482806042 before or it is disabled. Enable it by visiting https://console.developers.google.com/apis/api/compute.googleapis.com/overview?project=126482806042 then retry. If you enabled this API recently, wait a few minutes for the action to propagate to our systems and retry.","domain":"usageLimits","reason":"accessNotConfigured","extendedHelp":"https://console.developers.google.com"}],"status":"PERMISSION_DENIED","details":[{"@type":"type.googleapis.com/google.rpc.ErrorInfo","reason":"SERVICE_DISABLED","domain":"googleapis.com","metadata":{"serviceTitle":"Compute Engine API","containerInfo":"126482806042","service":"compute.googleapis.com","activationUrl":"https://console.developers.google.com/apis/api/compute.googleapis.com/overview?project=126482806042","consumer":"projects/126482806042"}},{"@type":"type.googleapis.com/google.rpc.LocalizedMessage","locale":"en-US","message":"Compute Engine API has not been used in project 126482806042 before or it is disabled. Enable it by visiting https://console.developers.google.com/apis/api/compute.googleapis.com/overview?project=126482806042 then retry. If you enabled this API recently, wait a few minutes for the action to propagate to our systems and retry."},{"@type":"type.googleapis.com/google.rpc.Help","links":[{"description":"Google developers console API activation","url":"https://console.developers.google.com/apis/api/compute.googleapis.com/overview?project=126482806042"}]}]}},"response":{"statusCode":403}},"exit":1,"message":"Request to https://compute.googleapis.com/compute/v1/projects/126482806042 had HTTP Error: 403, Compute Engine API has not been used in project 126482806042 before or it is disabled. Enable it by visiting https://console.developers.google.com/apis/api/compute.googleapis.com/overview?project=126482806042 then retry. If you enabled this API recently, wait a few minutes for the action to propagate to our systems and retry.","status":403}
winston:file: written true false
[2026-06-08T20:39:04.717Z] Checked if tokens are valid: true, expires at: 1780953737220
winston:file: written true false
[2026-06-08T20:39:04.717Z] Checked if tokens are valid: true, expires at: 1780953737220
winston:file: written true false
[2026-06-08T20:39:04.717Z] >>> [apiv2][query] GET https://compute.googleapis.com/compute/v1/projects/126482806042 [none]
winston:file: logged 1149426 [debug] [2026-06-08T20:39:04.715Z] <<< [apiv2][status] GET https://compute.googleapis.com/compute/v1/projects/126482806042 403

winston:file: logged 1151430 [debug] [2026-06-08T20:39:04.716Z] <<< [apiv2][body] GET https://compute.googleapis.com/compute/v1/projects/126482806042 {"error":{"code":403,"message":"Compute Engine API has not been used in project 126482806042 before or it is disabled. Enable it by visiting https://console.developers.google.com/apis/api/compute.googleapis.com/overview?project=126482806042 then retry. If you enabled this API recently, wait a few minutes for the action to propagate to our systems and retry.","errors":[{"message":"Compute Engine API has not been used in project 126482806042 before or it is disabled. Enable it by visiting https://console.developers.google.com/apis/api/compute.googleapis.com/overview?project=126482806042 then retry. If you enabled this API recently, wait a few minutes for the action to propagate to our systems and retry.","domain":"usageLimits","reason":"accessNotConfigured","extendedHelp":"https://console.developers.google.com"}],"status":"PERMISSION_DENIED","details":[{"@type":"type.googleapis.com/google.rpc.ErrorInfo","reason":"SERVICE_DISABLED","domain":"googleapis.com","metadata":{"serviceTitle":"Compute Engine API","containerInfo":"126482806042","service":"compute.googleapis.com","activationUrl":"https://console.developers.google.com/apis/api/compute.googleapis.com/overview?project=126482806042","consumer":"projects/126482806042"}},{"@type":"type.googleapis.com/google.rpc.LocalizedMessage","locale":"en-US","message":"Compute Engine API has not been used in project 126482806042 before or it is disabled. Enable it by visiting https://console.developers.google.com/apis/api/compute.googleapis.com/overview?project=126482806042 then retry. If you enabled this API recently, wait a few minutes for the action to propagate to our systems and retry."},{"@type":"type.googleapis.com/google.rpc.Help","links":[{"description":"Google developers console API activation","url":"https://console.developers.google.com/apis/api/compute.googleapis.com/overview?project=126482806042"}]}]}}

winston:file: logged 1154020 [debug] [2026-06-08T20:39:04.717Z] unable to look up default compute service account. Falling back to 126482806042-compute@developer.gserviceaccount.com. Error: {"name":"FirebaseError","children":[],"context":{"body":{"error":{"code":403,"message":"Compute Engine API has not been used in project 126482806042 before or it is disabled. Enable it by visiting https://console.developers.google.com/apis/api/compute.googleapis.com/overview?project=126482806042 then retry. If you enabled this API recently, wait a few minutes for the action to propagate to our systems and retry.","errors":[{"message":"Compute Engine API has not been used in project 126482806042 before or it is disabled. Enable it by visiting https://console.developers.google.com/apis/api/compute.googleapis.com/overview?project=126482806042 then retry. If you enabled this API recently, wait a few minutes for the action to propagate to our systems and retry.","domain":"usageLimits","reason":"accessNotConfigured","extendedHelp":"https://console.developers.google.com"}],"status":"PERMISSION_DENIED","details":[{"@type":"type.googleapis.com/google.rpc.ErrorInfo","reason":"SERVICE_DISABLED","domain":"googleapis.com","metadata":{"serviceTitle":"Compute Engine API","containerInfo":"126482806042","service":"compute.googleapis.com","activationUrl":"https://console.developers.google.com/apis/api/compute.googleapis.com/overview?project=126482806042","consumer":"projects/126482806042"}},{"@type":"type.googleapis.com/google.rpc.LocalizedMessage","locale":"en-US","message":"Compute Engine API has not been used in project 126482806042 before or it is disabled. Enable it by visiting https://console.developers.google.com/apis/api/compute.googleapis.com/overview?project=126482806042 then retry. If you enabled this API recently, wait a few minutes for the action to propagate to our systems and retry."},{"@type":"type.googleapis.com/google.rpc.Help","links":[{"description":"Google developers console API activation","url":"https://console.developers.google.com/apis/api/compute.googleapis.com/overview?project=126482806042"}]}]}},"response":{"statusCode":403}},"exit":1,"message":"Request to https://compute.googleapis.com/compute/v1/projects/126482806042 had HTTP Error: 403, Compute Engine API has not been used in project 126482806042 before or it is disabled. Enable it by visiting https://console.developers.google.com/apis/api/compute.googleapis.com/overview?project=126482806042 then retry. If you enabled this API recently, wait a few minutes for the action to propagate to our systems and retry.","status":403}

winston:file: logged 1154116 [debug] [2026-06-08T20:39:04.717Z] Checked if tokens are valid: true, expires at: 1780953737220

winston:file: logged 1154212 [debug] [2026-06-08T20:39:04.717Z] Checked if tokens are valid: true, expires at: 1780953737220

winston:file: logged 1154341 [debug] [2026-06-08T20:39:04.717Z] >>> [apiv2][query] GET https://compute.googleapis.com/compute/v1/projects/126482806042 [none]

winston:file: written true false
[2026-06-08T20:39:04.859Z] <<< [apiv2][status] GET https://compute.googleapis.com/compute/v1/projects/126482806042 403
winston:file: written true false
[2026-06-08T20:39:04.859Z] <<< [apiv2][body] GET https://compute.googleapis.com/compute/v1/projects/126482806042 {"error":{"code":403,"message":"Compute Engine API has not been used in project 126482806042 before or it is disabled. Enable it by visiting https://console.developers.google.com/apis/api/compute.googleapis.com/overview?project=126482806042 then retry. If you enabled this API recently, wait a few minutes for the action to propagate to our systems and retry.","errors":[{"message":"Compute Engine API has not been used in project 126482806042 before or it is disabled. Enable it by visiting https://console.developers.google.com/apis/api/compute.googleapis.com/overview?project=126482806042 then retry. If you enabled this API recently, wait a few minutes for the action to propagate to our systems and retry.","domain":"usageLimits","reason":"accessNotConfigured","extendedHelp":"https://console.developers.google.com"}],"status":"PERMISSION_DENIED","details":[{"@type":"type.googleapis.com/google.rpc.ErrorInfo","reason":"SERVICE_DISABLED","domain":"googleapis.com","metadata":{"serviceTitle":"Compute Engine API","consumer":"projects/126482806042","activationUrl":"https://console.developers.google.com/apis/api/compute.googleapis.com/overview?project=126482806042","service":"compute.googleapis.com","containerInfo":"126482806042"}},{"@type":"type.googleapis.com/google.rpc.LocalizedMessage","locale":"en-US","message":"Compute Engine API has not been used in project 126482806042 before or it is disabled. Enable it by visiting https://console.developers.google.com/apis/api/compute.googleapis.com/overview?project=126482806042 then retry. If you enabled this API recently, wait a few minutes for the action to propagate to our systems and retry."},{"@type":"type.googleapis.com/google.rpc.Help","links":[{"description":"Google developers console API activation","url":"https://console.developers.google.com/apis/api/compute.googleapis.com/overview?project=126482806042"}]}]}}
winston:file: written true false
[2026-06-08T20:39:04.860Z] unable to look up default compute service account. Falling back to 126482806042-compute@developer.gserviceaccount.com. Error: {"name":"FirebaseError","children":[],"context":{"body":{"error":{"code":403,"message":"Compute Engine API has not been used in project 126482806042 before or it is disabled. Enable it by visiting https://console.developers.google.com/apis/api/compute.googleapis.com/overview?project=126482806042 then retry. If you enabled this API recently, wait a few minutes for the action to propagate to our systems and retry.","errors":[{"message":"Compute Engine API has not been used in project 126482806042 before or it is disabled. Enable it by visiting https://console.developers.google.com/apis/api/compute.googleapis.com/overview?project=126482806042 then retry. If you enabled this API recently, wait a few minutes for the action to propagate to our systems and retry.","domain":"usageLimits","reason":"accessNotConfigured","extendedHelp":"https://console.developers.google.com"}],"status":"PERMISSION_DENIED","details":[{"@type":"type.googleapis.com/google.rpc.ErrorInfo","reason":"SERVICE_DISABLED","domain":"googleapis.com","metadata":{"serviceTitle":"Compute Engine API","consumer":"projects/126482806042","activationUrl":"https://console.developers.google.com/apis/api/compute.googleapis.com/overview?project=126482806042","service":"compute.googleapis.com","containerInfo":"126482806042"}},{"@type":"type.googleapis.com/google.rpc.LocalizedMessage","locale":"en-US","message":"Compute Engine API has not been used in project 126482806042 before or it is disabled. Enable it by visiting https://console.developers.google.com/apis/api/compute.googleapis.com/overview?project=126482806042 then retry. If you enabled this API recently, wait a few minutes for the action to propagate to our systems and retry."},{"@type":"type.googleapis.com/google.rpc.Help","links":[{"description":"Google developers console API activation","url":"https://console.developers.google.com/apis/api/compute.googleapis.com/overview?project=126482806042"}]}]}},"response":{"statusCode":403}},"exit":1,"message":"Request to https://compute.googleapis.com/compute/v1/projects/126482806042 had HTTP Error: 403, Compute Engine API has not been used in project 126482806042 before or it is disabled. Enable it by visiting https://console.developers.google.com/apis/api/compute.googleapis.com/overview?project=126482806042 then retry. If you enabled this API recently, wait a few minutes for the action to propagate to our systems and retry.","status":403}
winston:file: written true false
[2026-06-08T20:39:04.860Z] Checked if tokens are valid: true, expires at: 1780953737220
winston:file: written true false
[2026-06-08T20:39:04.860Z] Checked if tokens are valid: true, expires at: 1780953737220
winston:file: written true false
[2026-06-08T20:39:04.860Z] >>> [apiv2][query] GET https://compute.googleapis.com/compute/v1/projects/126482806042 [none]
winston:file: logged 1154468 [debug] [2026-06-08T20:39:04.859Z] <<< [apiv2][status] GET https://compute.googleapis.com/compute/v1/projects/126482806042 403

winston:file: logged 1156472 [debug] [2026-06-08T20:39:04.859Z] <<< [apiv2][body] GET https://compute.googleapis.com/compute/v1/projects/126482806042 {"error":{"code":403,"message":"Compute Engine API has not been used in project 126482806042 before or it is disabled. Enable it by visiting https://console.developers.google.com/apis/api/compute.googleapis.com/overview?project=126482806042 then retry. If you enabled this API recently, wait a few minutes for the action to propagate to our systems and retry.","errors":[{"message":"Compute Engine API has not been used in project 126482806042 before or it is disabled. Enable it by visiting https://console.developers.google.com/apis/api/compute.googleapis.com/overview?project=126482806042 then retry. If you enabled this API recently, wait a few minutes for the action to propagate to our systems and retry.","domain":"usageLimits","reason":"accessNotConfigured","extendedHelp":"https://console.developers.google.com"}],"status":"PERMISSION_DENIED","details":[{"@type":"type.googleapis.com/google.rpc.ErrorInfo","reason":"SERVICE_DISABLED","domain":"googleapis.com","metadata":{"serviceTitle":"Compute Engine API","consumer":"projects/126482806042","activationUrl":"https://console.developers.google.com/apis/api/compute.googleapis.com/overview?project=126482806042","service":"compute.googleapis.com","containerInfo":"126482806042"}},{"@type":"type.googleapis.com/google.rpc.LocalizedMessage","locale":"en-US","message":"Compute Engine API has not been used in project 126482806042 before or it is disabled. Enable it by visiting https://console.developers.google.com/apis/api/compute.googleapis.com/overview?project=126482806042 then retry. If you enabled this API recently, wait a few minutes for the action to propagate to our systems and retry."},{"@type":"type.googleapis.com/google.rpc.Help","links":[{"description":"Google developers console API activation","url":"https://console.developers.google.com/apis/api/compute.googleapis.com/overview?project=126482806042"}]}]}}

winston:file: logged 1159062 [debug] [2026-06-08T20:39:04.860Z] unable to look up default compute service account. Falling back to 126482806042-compute@developer.gserviceaccount.com. Error: {"name":"FirebaseError","children":[],"context":{"body":{"error":{"code":403,"message":"Compute Engine API has not been used in project 126482806042 before or it is disabled. Enable it by visiting https://console.developers.google.com/apis/api/compute.googleapis.com/overview?project=126482806042 then retry. If you enabled this API recently, wait a few minutes for the action to propagate to our systems and retry.","errors":[{"message":"Compute Engine API has not been used in project 126482806042 before or it is disabled. Enable it by visiting https://console.developers.google.com/apis/api/compute.googleapis.com/overview?project=126482806042 then retry. If you enabled this API recently, wait a few minutes for the action to propagate to our systems and retry.","domain":"usageLimits","reason":"accessNotConfigured","extendedHelp":"https://console.developers.google.com"}],"status":"PERMISSION_DENIED","details":[{"@type":"type.googleapis.com/google.rpc.ErrorInfo","reason":"SERVICE_DISABLED","domain":"googleapis.com","metadata":{"serviceTitle":"Compute Engine API","consumer":"projects/126482806042","activationUrl":"https://console.developers.google.com/apis/api/compute.googleapis.com/overview?project=126482806042","service":"compute.googleapis.com","containerInfo":"126482806042"}},{"@type":"type.googleapis.com/google.rpc.LocalizedMessage","locale":"en-US","message":"Compute Engine API has not been used in project 126482806042 before or it is disabled. Enable it by visiting https://console.developers.google.com/apis/api/compute.googleapis.com/overview?project=126482806042 then retry. If you enabled this API recently, wait a few minutes for the action to propagate to our systems and retry."},{"@type":"type.googleapis.com/google.rpc.Help","links":[{"description":"Google developers console API activation","url":"https://console.developers.google.com/apis/api/compute.googleapis.com/overview?project=126482806042"}]}]}},"response":{"statusCode":403}},"exit":1,"message":"Request to https://compute.googleapis.com/compute/v1/projects/126482806042 had HTTP Error: 403, Compute Engine API has not been used in project 126482806042 before or it is disabled. Enable it by visiting https://console.developers.google.com/apis/api/compute.googleapis.com/overview?project=126482806042 then retry. If you enabled this API recently, wait a few minutes for the action to propagate to our systems and retry.","status":403}

winston:file: logged 1159158 [debug] [2026-06-08T20:39:04.860Z] Checked if tokens are valid: true, expires at: 1780953737220

winston:file: logged 1159254 [debug] [2026-06-08T20:39:04.860Z] Checked if tokens are valid: true, expires at: 1780953737220

winston:file: logged 1159383 [debug] [2026-06-08T20:39:04.860Z] >>> [apiv2][query] GET https://compute.googleapis.com/compute/v1/projects/126482806042 [none]

winston:file: written true false
[2026-06-08T20:39:04.991Z] <<< [apiv2][status] GET https://compute.googleapis.com/compute/v1/projects/126482806042 403
winston:file: written true false
[2026-06-08T20:39:04.992Z] <<< [apiv2][body] GET https://compute.googleapis.com/compute/v1/projects/126482806042 {"error":{"code":403,"message":"Compute Engine API has not been used in project 126482806042 before or it is disabled. Enable it by visiting https://console.developers.google.com/apis/api/compute.googleapis.com/overview?project=126482806042 then retry. If you enabled this API recently, wait a few minutes for the action to propagate to our systems and retry.","errors":[{"message":"Compute Engine API has not been used in project 126482806042 before or it is disabled. Enable it by visiting https://console.developers.google.com/apis/api/compute.googleapis.com/overview?project=126482806042 then retry. If you enabled this API recently, wait a few minutes for the action to propagate to our systems and retry.","domain":"usageLimits","reason":"accessNotConfigured","extendedHelp":"https://console.developers.google.com"}],"status":"PERMISSION_DENIED","details":[{"@type":"type.googleapis.com/google.rpc.ErrorInfo","reason":"SERVICE_DISABLED","domain":"googleapis.com","metadata":{"activationUrl":"https://console.developers.google.com/apis/api/compute.googleapis.com/overview?project=126482806042","consumer":"projects/126482806042","containerInfo":"126482806042","service":"compute.googleapis.com","serviceTitle":"Compute Engine API"}},{"@type":"type.googleapis.com/google.rpc.LocalizedMessage","locale":"en-US","message":"Compute Engine API has not been used in project 126482806042 before or it is disabled. Enable it by visiting https://console.developers.google.com/apis/api/compute.googleapis.com/overview?project=126482806042 then retry. If you enabled this API recently, wait a few minutes for the action to propagate to our systems and retry."},{"@type":"type.googleapis.com/google.rpc.Help","links":[{"description":"Google developers console API activation","url":"https://console.developers.google.com/apis/api/compute.googleapis.com/overview?project=126482806042"}]}]}}
winston:file: written true false
[2026-06-08T20:39:04.992Z] unable to look up default compute service account. Falling back to 126482806042-compute@developer.gserviceaccount.com. Error: {"name":"FirebaseError","children":[],"context":{"body":{"error":{"code":403,"message":"Compute Engine API has not been used in project 126482806042 before or it is disabled. Enable it by visiting https://console.developers.google.com/apis/api/compute.googleapis.com/overview?project=126482806042 then retry. If you enabled this API recently, wait a few minutes for the action to propagate to our systems and retry.","errors":[{"message":"Compute Engine API has not been used in project 126482806042 before or it is disabled. Enable it by visiting https://console.developers.google.com/apis/api/compute.googleapis.com/overview?project=126482806042 then retry. If you enabled this API recently, wait a few minutes for the action to propagate to our systems and retry.","domain":"usageLimits","reason":"accessNotConfigured","extendedHelp":"https://console.developers.google.com"}],"status":"PERMISSION_DENIED","details":[{"@type":"type.googleapis.com/google.rpc.ErrorInfo","reason":"SERVICE_DISABLED","domain":"googleapis.com","metadata":{"activationUrl":"https://console.developers.google.com/apis/api/compute.googleapis.com/overview?project=126482806042","consumer":"projects/126482806042","containerInfo":"126482806042","service":"compute.googleapis.com","serviceTitle":"Compute Engine API"}},{"@type":"type.googleapis.com/google.rpc.LocalizedMessage","locale":"en-US","message":"Compute Engine API has not been used in project 126482806042 before or it is disabled. Enable it by visiting https://console.developers.google.com/apis/api/compute.googleapis.com/overview?project=126482806042 then retry. If you enabled this API recently, wait a few minutes for the action to propagate to our systems and retry."},{"@type":"type.googleapis.com/google.rpc.Help","links":[{"description":"Google developers console API activation","url":"https://console.developers.google.com/apis/api/compute.googleapis.com/overview?project=126482806042"}]}]}},"response":{"statusCode":403}},"exit":1,"message":"Request to https://compute.googleapis.com/compute/v1/projects/126482806042 had HTTP Error: 403, Compute Engine API has not been used in project 126482806042 before or it is disabled. Enable it by visiting https://console.developers.google.com/apis/api/compute.googleapis.com/overview?project=126482806042 then retry. If you enabled this API recently, wait a few minutes for the action to propagate to our systems and retry.","status":403}
winston:file: written true false
[2026-06-08T20:39:04.993Z] Checked if tokens are valid: true, expires at: 1780953737220
winston:file: written true false
[2026-06-08T20:39:04.993Z] Checked if tokens are valid: true, expires at: 1780953737220
winston:file: written true false
[2026-06-08T20:39:04.993Z] >>> [apiv2][query] GET https://compute.googleapis.com/compute/v1/projects/126482806042 [none]
winston:file: logged 1159510 [debug] [2026-06-08T20:39:04.991Z] <<< [apiv2][status] GET https://compute.googleapis.com/compute/v1/projects/126482806042 403

winston:file: logged 1161514 [debug] [2026-06-08T20:39:04.992Z] <<< [apiv2][body] GET https://compute.googleapis.com/compute/v1/projects/126482806042 {"error":{"code":403,"message":"Compute Engine API has not been used in project 126482806042 before or it is disabled. Enable it by visiting https://console.developers.google.com/apis/api/compute.googleapis.com/overview?project=126482806042 then retry. If you enabled this API recently, wait a few minutes for the action to propagate to our systems and retry.","errors":[{"message":"Compute Engine API has not been used in project 126482806042 before or it is disabled. Enable it by visiting https://console.developers.google.com/apis/api/compute.googleapis.com/overview?project=126482806042 then retry. If you enabled this API recently, wait a few minutes for the action to propagate to our systems and retry.","domain":"usageLimits","reason":"accessNotConfigured","extendedHelp":"https://console.developers.google.com"}],"status":"PERMISSION_DENIED","details":[{"@type":"type.googleapis.com/google.rpc.ErrorInfo","reason":"SERVICE_DISABLED","domain":"googleapis.com","metadata":{"activationUrl":"https://console.developers.google.com/apis/api/compute.googleapis.com/overview?project=126482806042","consumer":"projects/126482806042","containerInfo":"126482806042","service":"compute.googleapis.com","serviceTitle":"Compute Engine API"}},{"@type":"type.googleapis.com/google.rpc.LocalizedMessage","locale":"en-US","message":"Compute Engine API has not been used in project 126482806042 before or it is disabled. Enable it by visiting https://console.developers.google.com/apis/api/compute.googleapis.com/overview?project=126482806042 then retry. If you enabled this API recently, wait a few minutes for the action to propagate to our systems and retry."},{"@type":"type.googleapis.com/google.rpc.Help","links":[{"description":"Google developers console API activation","url":"https://console.developers.google.com/apis/api/compute.googleapis.com/overview?project=126482806042"}]}]}}

winston:file: logged 1164104 [debug] [2026-06-08T20:39:04.992Z] unable to look up default compute service account. Falling back to 126482806042-compute@developer.gserviceaccount.com. Error: {"name":"FirebaseError","children":[],"context":{"body":{"error":{"code":403,"message":"Compute Engine API has not been used in project 126482806042 before or it is disabled. Enable it by visiting https://console.developers.google.com/apis/api/compute.googleapis.com/overview?project=126482806042 then retry. If you enabled this API recently, wait a few minutes for the action to propagate to our systems and retry.","errors":[{"message":"Compute Engine API has not been used in project 126482806042 before or it is disabled. Enable it by visiting https://console.developers.google.com/apis/api/compute.googleapis.com/overview?project=126482806042 then retry. If you enabled this API recently, wait a few minutes for the action to propagate to our systems and retry.","domain":"usageLimits","reason":"accessNotConfigured","extendedHelp":"https://console.developers.google.com"}],"status":"PERMISSION_DENIED","details":[{"@type":"type.googleapis.com/google.rpc.ErrorInfo","reason":"SERVICE_DISABLED","domain":"googleapis.com","metadata":{"activationUrl":"https://console.developers.google.com/apis/api/compute.googleapis.com/overview?project=126482806042","consumer":"projects/126482806042","containerInfo":"126482806042","service":"compute.googleapis.com","serviceTitle":"Compute Engine API"}},{"@type":"type.googleapis.com/google.rpc.LocalizedMessage","locale":"en-US","message":"Compute Engine API has not been used in project 126482806042 before or it is disabled. Enable it by visiting https://console.developers.google.com/apis/api/compute.googleapis.com/overview?project=126482806042 then retry. If you enabled this API recently, wait a few minutes for the action to propagate to our systems and retry."},{"@type":"type.googleapis.com/google.rpc.Help","links":[{"description":"Google developers console API activation","url":"https://console.developers.google.com/apis/api/compute.googleapis.com/overview?project=126482806042"}]}]}},"response":{"statusCode":403}},"exit":1,"message":"Request to https://compute.googleapis.com/compute/v1/projects/126482806042 had HTTP Error: 403, Compute Engine API has not been used in project 126482806042 before or it is disabled. Enable it by visiting https://console.developers.google.com/apis/api/compute.googleapis.com/overview?project=126482806042 then retry. If you enabled this API recently, wait a few minutes for the action to propagate to our systems and retry.","status":403}

winston:file: logged 1164200 [debug] [2026-06-08T20:39:04.993Z] Checked if tokens are valid: true, expires at: 1780953737220

winston:file: logged 1164296 [debug] [2026-06-08T20:39:04.993Z] Checked if tokens are valid: true, expires at: 1780953737220

winston:file: logged 1164425 [debug] [2026-06-08T20:39:04.993Z] >>> [apiv2][query] GET https://compute.googleapis.com/compute/v1/projects/126482806042 [none]

winston:file: written true false
[2026-06-08T20:39:05.105Z] <<< [apiv2][status] GET https://compute.googleapis.com/compute/v1/projects/126482806042 403
winston:file: written true false
[2026-06-08T20:39:05.106Z] <<< [apiv2][body] GET https://compute.googleapis.com/compute/v1/projects/126482806042 {"error":{"code":403,"message":"Compute Engine API has not been used in project 126482806042 before or it is disabled. Enable it by visiting https://console.developers.google.com/apis/api/compute.googleapis.com/overview?project=126482806042 then retry. If you enabled this API recently, wait a few minutes for the action to propagate to our systems and retry.","errors":[{"message":"Compute Engine API has not been used in project 126482806042 before or it is disabled. Enable it by visiting https://console.developers.google.com/apis/api/compute.googleapis.com/overview?project=126482806042 then retry. If you enabled this API recently, wait a few minutes for the action to propagate to our systems and retry.","domain":"usageLimits","reason":"accessNotConfigured","extendedHelp":"https://console.developers.google.com"}],"status":"PERMISSION_DENIED","details":[{"@type":"type.googleapis.com/google.rpc.ErrorInfo","reason":"SERVICE_DISABLED","domain":"googleapis.com","metadata":{"service":"compute.googleapis.com","consumer":"projects/126482806042","serviceTitle":"Compute Engine API","activationUrl":"https://console.developers.google.com/apis/api/compute.googleapis.com/overview?project=126482806042","containerInfo":"126482806042"}},{"@type":"type.googleapis.com/google.rpc.LocalizedMessage","locale":"en-US","message":"Compute Engine API has not been used in project 126482806042 before or it is disabled. Enable it by visiting https://console.developers.google.com/apis/api/compute.googleapis.com/overview?project=126482806042 then retry. If you enabled this API recently, wait a few minutes for the action to propagate to our systems and retry."},{"@type":"type.googleapis.com/google.rpc.Help","links":[{"description":"Google developers console API activation","url":"https://console.developers.google.com/apis/api/compute.googleapis.com/overview?project=126482806042"}]}]}}
winston:file: written true false
[2026-06-08T20:39:05.106Z] unable to look up default compute service account. Falling back to 126482806042-compute@developer.gserviceaccount.com. Error: {"name":"FirebaseError","children":[],"context":{"body":{"error":{"code":403,"message":"Compute Engine API has not been used in project 126482806042 before or it is disabled. Enable it by visiting https://console.developers.google.com/apis/api/compute.googleapis.com/overview?project=126482806042 then retry. If you enabled this API recently, wait a few minutes for the action to propagate to our systems and retry.","errors":[{"message":"Compute Engine API has not been used in project 126482806042 before or it is disabled. Enable it by visiting https://console.developers.google.com/apis/api/compute.googleapis.com/overview?project=126482806042 then retry. If you enabled this API recently, wait a few minutes for the action to propagate to our systems and retry.","domain":"usageLimits","reason":"accessNotConfigured","extendedHelp":"https://console.developers.google.com"}],"status":"PERMISSION_DENIED","details":[{"@type":"type.googleapis.com/google.rpc.ErrorInfo","reason":"SERVICE_DISABLED","domain":"googleapis.com","metadata":{"service":"compute.googleapis.com","consumer":"projects/126482806042","serviceTitle":"Compute Engine API","activationUrl":"https://console.developers.google.com/apis/api/compute.googleapis.com/overview?project=126482806042","containerInfo":"126482806042"}},{"@type":"type.googleapis.com/google.rpc.LocalizedMessage","locale":"en-US","message":"Compute Engine API has not been used in project 126482806042 before or it is disabled. Enable it by visiting https://console.developers.google.com/apis/api/compute.googleapis.com/overview?project=126482806042 then retry. If you enabled this API recently, wait a few minutes for the action to propagate to our systems and retry."},{"@type":"type.googleapis.com/google.rpc.Help","links":[{"description":"Google developers console API activation","url":"https://console.developers.google.com/apis/api/compute.googleapis.com/overview?project=126482806042"}]}]}},"response":{"statusCode":403}},"exit":1,"message":"Request to https://compute.googleapis.com/compute/v1/projects/126482806042 had HTTP Error: 403, Compute Engine API has not been used in project 126482806042 before or it is disabled. Enable it by visiting https://console.developers.google.com/apis/api/compute.googleapis.com/overview?project=126482806042 then retry. If you enabled this API recently, wait a few minutes for the action to propagate to our systems and retry.","status":403}
winston:file: written true false
[2026-06-08T20:39:05.106Z] Checked if tokens are valid: true, expires at: 1780953737220
winston:file: written true false
[2026-06-08T20:39:05.107Z] Checked if tokens are valid: true, expires at: 1780953737220
winston:file: written true false
[2026-06-08T20:39:05.107Z] >>> [apiv2][query] GET https://compute.googleapis.com/compute/v1/projects/126482806042 [none]
winston:file: logged 1164552 [debug] [2026-06-08T20:39:05.105Z] <<< [apiv2][status] GET https://compute.googleapis.com/compute/v1/projects/126482806042 403

winston:file: logged 1166556 [debug] [2026-06-08T20:39:05.106Z] <<< [apiv2][body] GET https://compute.googleapis.com/compute/v1/projects/126482806042 {"error":{"code":403,"message":"Compute Engine API has not been used in project 126482806042 before or it is disabled. Enable it by visiting https://console.developers.google.com/apis/api/compute.googleapis.com/overview?project=126482806042 then retry. If you enabled this API recently, wait a few minutes for the action to propagate to our systems and retry.","errors":[{"message":"Compute Engine API has not been used in project 126482806042 before or it is disabled. Enable it by visiting https://console.developers.google.com/apis/api/compute.googleapis.com/overview?project=126482806042 then retry. If you enabled this API recently, wait a few minutes for the action to propagate to our systems and retry.","domain":"usageLimits","reason":"accessNotConfigured","extendedHelp":"https://console.developers.google.com"}],"status":"PERMISSION_DENIED","details":[{"@type":"type.googleapis.com/google.rpc.ErrorInfo","reason":"SERVICE_DISABLED","domain":"googleapis.com","metadata":{"service":"compute.googleapis.com","consumer":"projects/126482806042","serviceTitle":"Compute Engine API","activationUrl":"https://console.developers.google.com/apis/api/compute.googleapis.com/overview?project=126482806042","containerInfo":"126482806042"}},{"@type":"type.googleapis.com/google.rpc.LocalizedMessage","locale":"en-US","message":"Compute Engine API has not been used in project 126482806042 before or it is disabled. Enable it by visiting https://console.developers.google.com/apis/api/compute.googleapis.com/overview?project=126482806042 then retry. If you enabled this API recently, wait a few minutes for the action to propagate to our systems and retry."},{"@type":"type.googleapis.com/google.rpc.Help","links":[{"description":"Google developers console API activation","url":"https://console.developers.google.com/apis/api/compute.googleapis.com/overview?project=126482806042"}]}]}}

winston:file: logged 1169146 [debug] [2026-06-08T20:39:05.106Z] unable to look up default compute service account. Falling back to 126482806042-compute@developer.gserviceaccount.com. Error: {"name":"FirebaseError","children":[],"context":{"body":{"error":{"code":403,"message":"Compute Engine API has not been used in project 126482806042 before or it is disabled. Enable it by visiting https://console.developers.google.com/apis/api/compute.googleapis.com/overview?project=126482806042 then retry. If you enabled this API recently, wait a few minutes for the action to propagate to our systems and retry.","errors":[{"message":"Compute Engine API has not been used in project 126482806042 before or it is disabled. Enable it by visiting https://console.developers.google.com/apis/api/compute.googleapis.com/overview?project=126482806042 then retry. If you enabled this API recently, wait a few minutes for the action to propagate to our systems and retry.","domain":"usageLimits","reason":"accessNotConfigured","extendedHelp":"https://console.developers.google.com"}],"status":"PERMISSION_DENIED","details":[{"@type":"type.googleapis.com/google.rpc.ErrorInfo","reason":"SERVICE_DISABLED","domain":"googleapis.com","metadata":{"service":"compute.googleapis.com","consumer":"projects/126482806042","serviceTitle":"Compute Engine API","activationUrl":"https://console.developers.google.com/apis/api/compute.googleapis.com/overview?project=126482806042","containerInfo":"126482806042"}},{"@type":"type.googleapis.com/google.rpc.LocalizedMessage","locale":"en-US","message":"Compute Engine API has not been used in project 126482806042 before or it is disabled. Enable it by visiting https://console.developers.google.com/apis/api/compute.googleapis.com/overview?project=126482806042 then retry. If you enabled this API recently, wait a few minutes for the action to propagate to our systems and retry."},{"@type":"type.googleapis.com/google.rpc.Help","links":[{"description":"Google developers console API activation","url":"https://console.developers.google.com/apis/api/compute.googleapis.com/overview?project=126482806042"}]}]}},"response":{"statusCode":403}},"exit":1,"message":"Request to https://compute.googleapis.com/compute/v1/projects/126482806042 had HTTP Error: 403, Compute Engine API has not been used in project 126482806042 before or it is disabled. Enable it by visiting https://console.developers.google.com/apis/api/compute.googleapis.com/overview?project=126482806042 then retry. If you enabled this API recently, wait a few minutes for the action to propagate to our systems and retry.","status":403}

winston:file: logged 1169242 [debug] [2026-06-08T20:39:05.106Z] Checked if tokens are valid: true, expires at: 1780953737220

winston:file: logged 1169338 [debug] [2026-06-08T20:39:05.107Z] Checked if tokens are valid: true, expires at: 1780953737220

winston:file: logged 1169467 [debug] [2026-06-08T20:39:05.107Z] >>> [apiv2][query] GET https://compute.googleapis.com/compute/v1/projects/126482806042 [none]

winston:file: written true false
[2026-06-08T20:39:05.259Z] <<< [apiv2][status] GET https://compute.googleapis.com/compute/v1/projects/126482806042 403
winston:file: written true false
[2026-06-08T20:39:05.259Z] <<< [apiv2][body] GET https://compute.googleapis.com/compute/v1/projects/126482806042 {"error":{"code":403,"message":"Compute Engine API has not been used in project 126482806042 before or it is disabled. Enable it by visiting https://console.developers.google.com/apis/api/compute.googleapis.com/overview?project=126482806042 then retry. If you enabled this API recently, wait a few minutes for the action to propagate to our systems and retry.","errors":[{"message":"Compute Engine API has not been used in project 126482806042 before or it is disabled. Enable it by visiting https://console.developers.google.com/apis/api/compute.googleapis.com/overview?project=126482806042 then retry. If you enabled this API recently, wait a few minutes for the action to propagate to our systems and retry.","domain":"usageLimits","reason":"accessNotConfigured","extendedHelp":"https://console.developers.google.com"}],"status":"PERMISSION_DENIED","details":[{"@type":"type.googleapis.com/google.rpc.ErrorInfo","reason":"SERVICE_DISABLED","domain":"googleapis.com","metadata":{"activationUrl":"https://console.developers.google.com/apis/api/compute.googleapis.com/overview?project=126482806042","service":"compute.googleapis.com","serviceTitle":"Compute Engine API","containerInfo":"126482806042","consumer":"projects/126482806042"}},{"@type":"type.googleapis.com/google.rpc.LocalizedMessage","locale":"en-US","message":"Compute Engine API has not been used in project 126482806042 before or it is disabled. Enable it by visiting https://console.developers.google.com/apis/api/compute.googleapis.com/overview?project=126482806042 then retry. If you enabled this API recently, wait a few minutes for the action to propagate to our systems and retry."},{"@type":"type.googleapis.com/google.rpc.Help","links":[{"description":"Google developers console API activation","url":"https://console.developers.google.com/apis/api/compute.googleapis.com/overview?project=126482806042"}]}]}}
winston:file: written true false
[2026-06-08T20:39:05.259Z] unable to look up default compute service account. Falling back to 126482806042-compute@developer.gserviceaccount.com. Error: {"name":"FirebaseError","children":[],"context":{"body":{"error":{"code":403,"message":"Compute Engine API has not been used in project 126482806042 before or it is disabled. Enable it by visiting https://console.developers.google.com/apis/api/compute.googleapis.com/overview?project=126482806042 then retry. If you enabled this API recently, wait a few minutes for the action to propagate to our systems and retry.","errors":[{"message":"Compute Engine API has not been used in project 126482806042 before or it is disabled. Enable it by visiting https://console.developers.google.com/apis/api/compute.googleapis.com/overview?project=126482806042 then retry. If you enabled this API recently, wait a few minutes for the action to propagate to our systems and retry.","domain":"usageLimits","reason":"accessNotConfigured","extendedHelp":"https://console.developers.google.com"}],"status":"PERMISSION_DENIED","details":[{"@type":"type.googleapis.com/google.rpc.ErrorInfo","reason":"SERVICE_DISABLED","domain":"googleapis.com","metadata":{"activationUrl":"https://console.developers.google.com/apis/api/compute.googleapis.com/overview?project=126482806042","service":"compute.googleapis.com","serviceTitle":"Compute Engine API","containerInfo":"126482806042","consumer":"projects/126482806042"}},{"@type":"type.googleapis.com/google.rpc.LocalizedMessage","locale":"en-US","message":"Compute Engine API has not been used in project 126482806042 before or it is disabled. Enable it by visiting https://console.developers.google.com/apis/api/compute.googleapis.com/overview?project=126482806042 then retry. If you enabled this API recently, wait a few minutes for the action to propagate to our systems and retry."},{"@type":"type.googleapis.com/google.rpc.Help","links":[{"description":"Google developers console API activation","url":"https://console.developers.google.com/apis/api/compute.googleapis.com/overview?project=126482806042"}]}]}},"response":{"statusCode":403}},"exit":1,"message":"Request to https://compute.googleapis.com/compute/v1/projects/126482806042 had HTTP Error: 403, Compute Engine API has not been used in project 126482806042 before or it is disabled. Enable it by visiting https://console.developers.google.com/apis/api/compute.googleapis.com/overview?project=126482806042 then retry. If you enabled this API recently, wait a few minutes for the action to propagate to our systems and retry.","status":403}
winston:file: written true false
[2026-06-08T20:39:05.260Z] Checked if tokens are valid: true, expires at: 1780953737220
winston:file: written true false
[2026-06-08T20:39:05.260Z] Checked if tokens are valid: true, expires at: 1780953737220
winston:file: written true false
[2026-06-08T20:39:05.260Z] >>> [apiv2][query] GET https://compute.googleapis.com/compute/v1/projects/126482806042 [none]
winston:file: logged 1169594 [debug] [2026-06-08T20:39:05.259Z] <<< [apiv2][status] GET https://compute.googleapis.com/compute/v1/projects/126482806042 403

winston:file: logged 1171598 [debug] [2026-06-08T20:39:05.259Z] <<< [apiv2][body] GET https://compute.googleapis.com/compute/v1/projects/126482806042 {"error":{"code":403,"message":"Compute Engine API has not been used in project 126482806042 before or it is disabled. Enable it by visiting https://console.developers.google.com/apis/api/compute.googleapis.com/overview?project=126482806042 then retry. If you enabled this API recently, wait a few minutes for the action to propagate to our systems and retry.","errors":[{"message":"Compute Engine API has not been used in project 126482806042 before or it is disabled. Enable it by visiting https://console.developers.google.com/apis/api/compute.googleapis.com/overview?project=126482806042 then retry. If you enabled this API recently, wait a few minutes for the action to propagate to our systems and retry.","domain":"usageLimits","reason":"accessNotConfigured","extendedHelp":"https://console.developers.google.com"}],"status":"PERMISSION_DENIED","details":[{"@type":"type.googleapis.com/google.rpc.ErrorInfo","reason":"SERVICE_DISABLED","domain":"googleapis.com","metadata":{"activationUrl":"https://console.developers.google.com/apis/api/compute.googleapis.com/overview?project=126482806042","service":"compute.googleapis.com","serviceTitle":"Compute Engine API","containerInfo":"126482806042","consumer":"projects/126482806042"}},{"@type":"type.googleapis.com/google.rpc.LocalizedMessage","locale":"en-US","message":"Compute Engine API has not been used in project 126482806042 before or it is disabled. Enable it by visiting https://console.developers.google.com/apis/api/compute.googleapis.com/overview?project=126482806042 then retry. If you enabled this API recently, wait a few minutes for the action to propagate to our systems and retry."},{"@type":"type.googleapis.com/google.rpc.Help","links":[{"description":"Google developers console API activation","url":"https://console.developers.google.com/apis/api/compute.googleapis.com/overview?project=126482806042"}]}]}}

winston:file: logged 1174188 [debug] [2026-06-08T20:39:05.259Z] unable to look up default compute service account. Falling back to 126482806042-compute@developer.gserviceaccount.com. Error: {"name":"FirebaseError","children":[],"context":{"body":{"error":{"code":403,"message":"Compute Engine API has not been used in project 126482806042 before or it is disabled. Enable it by visiting https://console.developers.google.com/apis/api/compute.googleapis.com/overview?project=126482806042 then retry. If you enabled this API recently, wait a few minutes for the action to propagate to our systems and retry.","errors":[{"message":"Compute Engine API has not been used in project 126482806042 before or it is disabled. Enable it by visiting https://console.developers.google.com/apis/api/compute.googleapis.com/overview?project=126482806042 then retry. If you enabled this API recently, wait a few minutes for the action to propagate to our systems and retry.","domain":"usageLimits","reason":"accessNotConfigured","extendedHelp":"https://console.developers.google.com"}],"status":"PERMISSION_DENIED","details":[{"@type":"type.googleapis.com/google.rpc.ErrorInfo","reason":"SERVICE_DISABLED","domain":"googleapis.com","metadata":{"activationUrl":"https://console.developers.google.com/apis/api/compute.googleapis.com/overview?project=126482806042","service":"compute.googleapis.com","serviceTitle":"Compute Engine API","containerInfo":"126482806042","consumer":"projects/126482806042"}},{"@type":"type.googleapis.com/google.rpc.LocalizedMessage","locale":"en-US","message":"Compute Engine API has not been used in project 126482806042 before or it is disabled. Enable it by visiting https://console.developers.google.com/apis/api/compute.googleapis.com/overview?project=126482806042 then retry. If you enabled this API recently, wait a few minutes for the action to propagate to our systems and retry."},{"@type":"type.googleapis.com/google.rpc.Help","links":[{"description":"Google developers console API activation","url":"https://console.developers.google.com/apis/api/compute.googleapis.com/overview?project=126482806042"}]}]}},"response":{"statusCode":403}},"exit":1,"message":"Request to https://compute.googleapis.com/compute/v1/projects/126482806042 had HTTP Error: 403, Compute Engine API has not been used in project 126482806042 before or it is disabled. Enable it by visiting https://console.developers.google.com/apis/api/compute.googleapis.com/overview?project=126482806042 then retry. If you enabled this API recently, wait a few minutes for the action to propagate to our systems and retry.","status":403}

winston:file: logged 1174284 [debug] [2026-06-08T20:39:05.260Z] Checked if tokens are valid: true, expires at: 1780953737220

winston:file: logged 1174380 [debug] [2026-06-08T20:39:05.260Z] Checked if tokens are valid: true, expires at: 1780953737220

winston:file: logged 1174509 [debug] [2026-06-08T20:39:05.260Z] >>> [apiv2][query] GET https://compute.googleapis.com/compute/v1/projects/126482806042 [none]

winston:file: written true false
[2026-06-08T20:39:05.395Z] <<< [apiv2][status] GET https://compute.googleapis.com/compute/v1/projects/126482806042 403
winston:file: written true false
[2026-06-08T20:39:05.396Z] <<< [apiv2][body] GET https://compute.googleapis.com/compute/v1/projects/126482806042 {"error":{"code":403,"message":"Compute Engine API has not been used in project 126482806042 before or it is disabled. Enable it by visiting https://console.developers.google.com/apis/api/compute.googleapis.com/overview?project=126482806042 then retry. If you enabled this API recently, wait a few minutes for the action to propagate to our systems and retry.","errors":[{"message":"Compute Engine API has not been used in project 126482806042 before or it is disabled. Enable it by visiting https://console.developers.google.com/apis/api/compute.googleapis.com/overview?project=126482806042 then retry. If you enabled this API recently, wait a few minutes for the action to propagate to our systems and retry.","domain":"usageLimits","reason":"accessNotConfigured","extendedHelp":"https://console.developers.google.com"}],"status":"PERMISSION_DENIED","details":[{"@type":"type.googleapis.com/google.rpc.ErrorInfo","reason":"SERVICE_DISABLED","domain":"googleapis.com","metadata":{"consumer":"projects/126482806042","serviceTitle":"Compute Engine API","service":"compute.googleapis.com","activationUrl":"https://console.developers.google.com/apis/api/compute.googleapis.com/overview?project=126482806042","containerInfo":"126482806042"}},{"@type":"type.googleapis.com/google.rpc.LocalizedMessage","locale":"en-US","message":"Compute Engine API has not been used in project 126482806042 before or it is disabled. Enable it by visiting https://console.developers.google.com/apis/api/compute.googleapis.com/overview?project=126482806042 then retry. If you enabled this API recently, wait a few minutes for the action to propagate to our systems and retry."},{"@type":"type.googleapis.com/google.rpc.Help","links":[{"description":"Google developers console API activation","url":"https://console.developers.google.com/apis/api/compute.googleapis.com/overview?project=126482806042"}]}]}}
winston:file: written true false
[2026-06-08T20:39:05.396Z] unable to look up default compute service account. Falling back to 126482806042-compute@developer.gserviceaccount.com. Error: {"name":"FirebaseError","children":[],"context":{"body":{"error":{"code":403,"message":"Compute Engine API has not been used in project 126482806042 before or it is disabled. Enable it by visiting https://console.developers.google.com/apis/api/compute.googleapis.com/overview?project=126482806042 then retry. If you enabled this API recently, wait a few minutes for the action to propagate to our systems and retry.","errors":[{"message":"Compute Engine API has not been used in project 126482806042 before or it is disabled. Enable it by visiting https://console.developers.google.com/apis/api/compute.googleapis.com/overview?project=126482806042 then retry. If you enabled this API recently, wait a few minutes for the action to propagate to our systems and retry.","domain":"usageLimits","reason":"accessNotConfigured","extendedHelp":"https://console.developers.google.com"}],"status":"PERMISSION_DENIED","details":[{"@type":"type.googleapis.com/google.rpc.ErrorInfo","reason":"SERVICE_DISABLED","domain":"googleapis.com","metadata":{"consumer":"projects/126482806042","serviceTitle":"Compute Engine API","service":"compute.googleapis.com","activationUrl":"https://console.developers.google.com/apis/api/compute.googleapis.com/overview?project=126482806042","containerInfo":"126482806042"}},{"@type":"type.googleapis.com/google.rpc.LocalizedMessage","locale":"en-US","message":"Compute Engine API has not been used in project 126482806042 before or it is disabled. Enable it by visiting https://console.developers.google.com/apis/api/compute.googleapis.com/overview?project=126482806042 then retry. If you enabled this API recently, wait a few minutes for the action to propagate to our systems and retry."},{"@type":"type.googleapis.com/google.rpc.Help","links":[{"description":"Google developers console API activation","url":"https://console.developers.google.com/apis/api/compute.googleapis.com/overview?project=126482806042"}]}]}},"response":{"statusCode":403}},"exit":1,"message":"Request to https://compute.googleapis.com/compute/v1/projects/126482806042 had HTTP Error: 403, Compute Engine API has not been used in project 126482806042 before or it is disabled. Enable it by visiting https://console.developers.google.com/apis/api/compute.googleapis.com/overview?project=126482806042 then retry. If you enabled this API recently, wait a few minutes for the action to propagate to our systems and retry.","status":403}
winston:file: written true false
[2026-06-08T20:39:05.396Z] Checked if tokens are valid: true, expires at: 1780953737220
winston:file: written true false
[2026-06-08T20:39:05.397Z] Checked if tokens are valid: true, expires at: 1780953737220
winston:file: written true false
[2026-06-08T20:39:05.397Z] >>> [apiv2][query] GET https://compute.googleapis.com/compute/v1/projects/126482806042 [none]
winston:file: logged 1174636 [debug] [2026-06-08T20:39:05.395Z] <<< [apiv2][status] GET https://compute.googleapis.com/compute/v1/projects/126482806042 403

winston:file: logged 1176640 [debug] [2026-06-08T20:39:05.396Z] <<< [apiv2][body] GET https://compute.googleapis.com/compute/v1/projects/126482806042 {"error":{"code":403,"message":"Compute Engine API has not been used in project 126482806042 before or it is disabled. Enable it by visiting https://console.developers.google.com/apis/api/compute.googleapis.com/overview?project=126482806042 then retry. If you enabled this API recently, wait a few minutes for the action to propagate to our systems and retry.","errors":[{"message":"Compute Engine API has not been used in project 126482806042 before or it is disabled. Enable it by visiting https://console.developers.google.com/apis/api/compute.googleapis.com/overview?project=126482806042 then retry. If you enabled this API recently, wait a few minutes for the action to propagate to our systems and retry.","domain":"usageLimits","reason":"accessNotConfigured","extendedHelp":"https://console.developers.google.com"}],"status":"PERMISSION_DENIED","details":[{"@type":"type.googleapis.com/google.rpc.ErrorInfo","reason":"SERVICE_DISABLED","domain":"googleapis.com","metadata":{"consumer":"projects/126482806042","serviceTitle":"Compute Engine API","service":"compute.googleapis.com","activationUrl":"https://console.developers.google.com/apis/api/compute.googleapis.com/overview?project=126482806042","containerInfo":"126482806042"}},{"@type":"type.googleapis.com/google.rpc.LocalizedMessage","locale":"en-US","message":"Compute Engine API has not been used in project 126482806042 before or it is disabled. Enable it by visiting https://console.developers.google.com/apis/api/compute.googleapis.com/overview?project=126482806042 then retry. If you enabled this API recently, wait a few minutes for the action to propagate to our systems and retry."},{"@type":"type.googleapis.com/google.rpc.Help","links":[{"description":"Google developers console API activation","url":"https://console.developers.google.com/apis/api/compute.googleapis.com/overview?project=126482806042"}]}]}}

winston:file: logged 1179230 [debug] [2026-06-08T20:39:05.396Z] unable to look up default compute service account. Falling back to 126482806042-compute@developer.gserviceaccount.com. Error: {"name":"FirebaseError","children":[],"context":{"body":{"error":{"code":403,"message":"Compute Engine API has not been used in project 126482806042 before or it is disabled. Enable it by visiting https://console.developers.google.com/apis/api/compute.googleapis.com/overview?project=126482806042 then retry. If you enabled this API recently, wait a few minutes for the action to propagate to our systems and retry.","errors":[{"message":"Compute Engine API has not been used in project 126482806042 before or it is disabled. Enable it by visiting https://console.developers.google.com/apis/api/compute.googleapis.com/overview?project=126482806042 then retry. If you enabled this API recently, wait a few minutes for the action to propagate to our systems and retry.","domain":"usageLimits","reason":"accessNotConfigured","extendedHelp":"https://console.developers.google.com"}],"status":"PERMISSION_DENIED","details":[{"@type":"type.googleapis.com/google.rpc.ErrorInfo","reason":"SERVICE_DISABLED","domain":"googleapis.com","metadata":{"consumer":"projects/126482806042","serviceTitle":"Compute Engine API","service":"compute.googleapis.com","activationUrl":"https://console.developers.google.com/apis/api/compute.googleapis.com/overview?project=126482806042","containerInfo":"126482806042"}},{"@type":"type.googleapis.com/google.rpc.LocalizedMessage","locale":"en-US","message":"Compute Engine API has not been used in project 126482806042 before or it is disabled. Enable it by visiting https://console.developers.google.com/apis/api/compute.googleapis.com/overview?project=126482806042 then retry. If you enabled this API recently, wait a few minutes for the action to propagate to our systems and retry."},{"@type":"type.googleapis.com/google.rpc.Help","links":[{"description":"Google developers console API activation","url":"https://console.developers.google.com/apis/api/compute.googleapis.com/overview?project=126482806042"}]}]}},"response":{"statusCode":403}},"exit":1,"message":"Request to https://compute.googleapis.com/compute/v1/projects/126482806042 had HTTP Error: 403, Compute Engine API has not been used in project 126482806042 before or it is disabled. Enable it by visiting https://console.developers.google.com/apis/api/compute.googleapis.com/overview?project=126482806042 then retry. If you enabled this API recently, wait a few minutes for the action to propagate to our systems and retry.","status":403}

winston:file: logged 1179326 [debug] [2026-06-08T20:39:05.396Z] Checked if tokens are valid: true, expires at: 1780953737220

winston:file: logged 1179422 [debug] [2026-06-08T20:39:05.397Z] Checked if tokens are valid: true, expires at: 1780953737220

winston:file: logged 1179551 [debug] [2026-06-08T20:39:05.397Z] >>> [apiv2][query] GET https://compute.googleapis.com/compute/v1/projects/126482806042 [none]

winston:file: written true false
[2026-06-08T20:39:05.525Z] <<< [apiv2][status] GET https://compute.googleapis.com/compute/v1/projects/126482806042 403
winston:file: written true false
[2026-06-08T20:39:05.525Z] <<< [apiv2][body] GET https://compute.googleapis.com/compute/v1/projects/126482806042 {"error":{"code":403,"message":"Compute Engine API has not been used in project 126482806042 before or it is disabled. Enable it by visiting https://console.developers.google.com/apis/api/compute.googleapis.com/overview?project=126482806042 then retry. If you enabled this API recently, wait a few minutes for the action to propagate to our systems and retry.","errors":[{"message":"Compute Engine API has not been used in project 126482806042 before or it is disabled. Enable it by visiting https://console.developers.google.com/apis/api/compute.googleapis.com/overview?project=126482806042 then retry. If you enabled this API recently, wait a few minutes for the action to propagate to our systems and retry.","domain":"usageLimits","reason":"accessNotConfigured","extendedHelp":"https://console.developers.google.com"}],"status":"PERMISSION_DENIED","details":[{"@type":"type.googleapis.com/google.rpc.ErrorInfo","reason":"SERVICE_DISABLED","domain":"googleapis.com","metadata":{"containerInfo":"126482806042","service":"compute.googleapis.com","activationUrl":"https://console.developers.google.com/apis/api/compute.googleapis.com/overview?project=126482806042","consumer":"projects/126482806042","serviceTitle":"Compute Engine API"}},{"@type":"type.googleapis.com/google.rpc.LocalizedMessage","locale":"en-US","message":"Compute Engine API has not been used in project 126482806042 before or it is disabled. Enable it by visiting https://console.developers.google.com/apis/api/compute.googleapis.com/overview?project=126482806042 then retry. If you enabled this API recently, wait a few minutes for the action to propagate to our systems and retry."},{"@type":"type.googleapis.com/google.rpc.Help","links":[{"description":"Google developers console API activation","url":"https://console.developers.google.com/apis/api/compute.googleapis.com/overview?project=126482806042"}]}]}}
winston:file: written true false
[2026-06-08T20:39:05.526Z] unable to look up default compute service account. Falling back to 126482806042-compute@developer.gserviceaccount.com. Error: {"name":"FirebaseError","children":[],"context":{"body":{"error":{"code":403,"message":"Compute Engine API has not been used in project 126482806042 before or it is disabled. Enable it by visiting https://console.developers.google.com/apis/api/compute.googleapis.com/overview?project=126482806042 then retry. If you enabled this API recently, wait a few minutes for the action to propagate to our systems and retry.","errors":[{"message":"Compute Engine API has not been used in project 126482806042 before or it is disabled. Enable it by visiting https://console.developers.google.com/apis/api/compute.googleapis.com/overview?project=126482806042 then retry. If you enabled this API recently, wait a few minutes for the action to propagate to our systems and retry.","domain":"usageLimits","reason":"accessNotConfigured","extendedHelp":"https://console.developers.google.com"}],"status":"PERMISSION_DENIED","details":[{"@type":"type.googleapis.com/google.rpc.ErrorInfo","reason":"SERVICE_DISABLED","domain":"googleapis.com","metadata":{"containerInfo":"126482806042","service":"compute.googleapis.com","activationUrl":"https://console.developers.google.com/apis/api/compute.googleapis.com/overview?project=126482806042","consumer":"projects/126482806042","serviceTitle":"Compute Engine API"}},{"@type":"type.googleapis.com/google.rpc.LocalizedMessage","locale":"en-US","message":"Compute Engine API has not been used in project 126482806042 before or it is disabled. Enable it by visiting https://console.developers.google.com/apis/api/compute.googleapis.com/overview?project=126482806042 then retry. If you enabled this API recently, wait a few minutes for the action to propagate to our systems and retry."},{"@type":"type.googleapis.com/google.rpc.Help","links":[{"description":"Google developers console API activation","url":"https://console.developers.google.com/apis/api/compute.googleapis.com/overview?project=126482806042"}]}]}},"response":{"statusCode":403}},"exit":1,"message":"Request to https://compute.googleapis.com/compute/v1/projects/126482806042 had HTTP Error: 403, Compute Engine API has not been used in project 126482806042 before or it is disabled. Enable it by visiting https://console.developers.google.com/apis/api/compute.googleapis.com/overview?project=126482806042 then retry. If you enabled this API recently, wait a few minutes for the action to propagate to our systems and retry.","status":403}
winston:file: written true false
[2026-06-08T20:39:05.526Z] Checked if tokens are valid: true, expires at: 1780953737220
winston:file: written true false
[2026-06-08T20:39:05.526Z] Checked if tokens are valid: true, expires at: 1780953737220
winston:file: written true false
[2026-06-08T20:39:05.526Z] >>> [apiv2][query] GET https://compute.googleapis.com/compute/v1/projects/126482806042 [none]
winston:file: logged 1179678 [debug] [2026-06-08T20:39:05.525Z] <<< [apiv2][status] GET https://compute.googleapis.com/compute/v1/projects/126482806042 403

winston:file: logged 1181682 [debug] [2026-06-08T20:39:05.525Z] <<< [apiv2][body] GET https://compute.googleapis.com/compute/v1/projects/126482806042 {"error":{"code":403,"message":"Compute Engine API has not been used in project 126482806042 before or it is disabled. Enable it by visiting https://console.developers.google.com/apis/api/compute.googleapis.com/overview?project=126482806042 then retry. If you enabled this API recently, wait a few minutes for the action to propagate to our systems and retry.","errors":[{"message":"Compute Engine API has not been used in project 126482806042 before or it is disabled. Enable it by visiting https://console.developers.google.com/apis/api/compute.googleapis.com/overview?project=126482806042 then retry. If you enabled this API recently, wait a few minutes for the action to propagate to our systems and retry.","domain":"usageLimits","reason":"accessNotConfigured","extendedHelp":"https://console.developers.google.com"}],"status":"PERMISSION_DENIED","details":[{"@type":"type.googleapis.com/google.rpc.ErrorInfo","reason":"SERVICE_DISABLED","domain":"googleapis.com","metadata":{"containerInfo":"126482806042","service":"compute.googleapis.com","activationUrl":"https://console.developers.google.com/apis/api/compute.googleapis.com/overview?project=126482806042","consumer":"projects/126482806042","serviceTitle":"Compute Engine API"}},{"@type":"type.googleapis.com/google.rpc.LocalizedMessage","locale":"en-US","message":"Compute Engine API has not been used in project 126482806042 before or it is disabled. Enable it by visiting https://console.developers.google.com/apis/api/compute.googleapis.com/overview?project=126482806042 then retry. If you enabled this API recently, wait a few minutes for the action to propagate to our systems and retry."},{"@type":"type.googleapis.com/google.rpc.Help","links":[{"description":"Google developers console API activation","url":"https://console.developers.google.com/apis/api/compute.googleapis.com/overview?project=126482806042"}]}]}}

winston:file: logged 1184272 [debug] [2026-06-08T20:39:05.526Z] unable to look up default compute service account. Falling back to 126482806042-compute@developer.gserviceaccount.com. Error: {"name":"FirebaseError","children":[],"context":{"body":{"error":{"code":403,"message":"Compute Engine API has not been used in project 126482806042 before or it is disabled. Enable it by visiting https://console.developers.google.com/apis/api/compute.googleapis.com/overview?project=126482806042 then retry. If you enabled this API recently, wait a few minutes for the action to propagate to our systems and retry.","errors":[{"message":"Compute Engine API has not been used in project 126482806042 before or it is disabled. Enable it by visiting https://console.developers.google.com/apis/api/compute.googleapis.com/overview?project=126482806042 then retry. If you enabled this API recently, wait a few minutes for the action to propagate to our systems and retry.","domain":"usageLimits","reason":"accessNotConfigured","extendedHelp":"https://console.developers.google.com"}],"status":"PERMISSION_DENIED","details":[{"@type":"type.googleapis.com/google.rpc.ErrorInfo","reason":"SERVICE_DISABLED","domain":"googleapis.com","metadata":{"containerInfo":"126482806042","service":"compute.googleapis.com","activationUrl":"https://console.developers.google.com/apis/api/compute.googleapis.com/overview?project=126482806042","consumer":"projects/126482806042","serviceTitle":"Compute Engine API"}},{"@type":"type.googleapis.com/google.rpc.LocalizedMessage","locale":"en-US","message":"Compute Engine API has not been used in project 126482806042 before or it is disabled. Enable it by visiting https://console.developers.google.com/apis/api/compute.googleapis.com/overview?project=126482806042 then retry. If you enabled this API recently, wait a few minutes for the action to propagate to our systems and retry."},{"@type":"type.googleapis.com/google.rpc.Help","links":[{"description":"Google developers console API activation","url":"https://console.developers.google.com/apis/api/compute.googleapis.com/overview?project=126482806042"}]}]}},"response":{"statusCode":403}},"exit":1,"message":"Request to https://compute.googleapis.com/compute/v1/projects/126482806042 had HTTP Error: 403, Compute Engine API has not been used in project 126482806042 before or it is disabled. Enable it by visiting https://console.developers.google.com/apis/api/compute.googleapis.com/overview?project=126482806042 then retry. If you enabled this API recently, wait a few minutes for the action to propagate to our systems and retry.","status":403}

winston:file: logged 1184368 [debug] [2026-06-08T20:39:05.526Z] Checked if tokens are valid: true, expires at: 1780953737220

winston:file: logged 1184464 [debug] [2026-06-08T20:39:05.526Z] Checked if tokens are valid: true, expires at: 1780953737220

winston:file: logged 1184593 [debug] [2026-06-08T20:39:05.526Z] >>> [apiv2][query] GET https://compute.googleapis.com/compute/v1/projects/126482806042 [none]

winston:file: written true false
[2026-06-08T20:39:05.621Z] <<< [apiv2][status] GET https://compute.googleapis.com/compute/v1/projects/126482806042 403
winston:file: written true false
[2026-06-08T20:39:05.621Z] <<< [apiv2][body] GET https://compute.googleapis.com/compute/v1/projects/126482806042 {"error":{"code":403,"message":"Compute Engine API has not been used in project 126482806042 before or it is disabled. Enable it by visiting https://console.developers.google.com/apis/api/compute.googleapis.com/overview?project=126482806042 then retry. If you enabled this API recently, wait a few minutes for the action to propagate to our systems and retry.","errors":[{"message":"Compute Engine API has not been used in project 126482806042 before or it is disabled. Enable it by visiting https://console.developers.google.com/apis/api/compute.googleapis.com/overview?project=126482806042 then retry. If you enabled this API recently, wait a few minutes for the action to propagate to our systems and retry.","domain":"usageLimits","reason":"accessNotConfigured","extendedHelp":"https://console.developers.google.com"}],"status":"PERMISSION_DENIED","details":[{"@type":"type.googleapis.com/google.rpc.ErrorInfo","reason":"SERVICE_DISABLED","domain":"googleapis.com","metadata":{"activationUrl":"https://console.developers.google.com/apis/api/compute.googleapis.com/overview?project=126482806042","containerInfo":"126482806042","serviceTitle":"Compute Engine API","service":"compute.googleapis.com","consumer":"projects/126482806042"}},{"@type":"type.googleapis.com/google.rpc.LocalizedMessage","locale":"en-US","message":"Compute Engine API has not been used in project 126482806042 before or it is disabled. Enable it by visiting https://console.developers.google.com/apis/api/compute.googleapis.com/overview?project=126482806042 then retry. If you enabled this API recently, wait a few minutes for the action to propagate to our systems and retry."},{"@type":"type.googleapis.com/google.rpc.Help","links":[{"description":"Google developers console API activation","url":"https://console.developers.google.com/apis/api/compute.googleapis.com/overview?project=126482806042"}]}]}}
winston:file: written true false
[2026-06-08T20:39:05.622Z] unable to look up default compute service account. Falling back to 126482806042-compute@developer.gserviceaccount.com. Error: {"name":"FirebaseError","children":[],"context":{"body":{"error":{"code":403,"message":"Compute Engine API has not been used in project 126482806042 before or it is disabled. Enable it by visiting https://console.developers.google.com/apis/api/compute.googleapis.com/overview?project=126482806042 then retry. If you enabled this API recently, wait a few minutes for the action to propagate to our systems and retry.","errors":[{"message":"Compute Engine API has not been used in project 126482806042 before or it is disabled. Enable it by visiting https://console.developers.google.com/apis/api/compute.googleapis.com/overview?project=126482806042 then retry. If you enabled this API recently, wait a few minutes for the action to propagate to our systems and retry.","domain":"usageLimits","reason":"accessNotConfigured","extendedHelp":"https://console.developers.google.com"}],"status":"PERMISSION_DENIED","details":[{"@type":"type.googleapis.com/google.rpc.ErrorInfo","reason":"SERVICE_DISABLED","domain":"googleapis.com","metadata":{"activationUrl":"https://console.developers.google.com/apis/api/compute.googleapis.com/overview?project=126482806042","containerInfo":"126482806042","serviceTitle":"Compute Engine API","service":"compute.googleapis.com","consumer":"projects/126482806042"}},{"@type":"type.googleapis.com/google.rpc.LocalizedMessage","locale":"en-US","message":"Compute Engine API has not been used in project 126482806042 before or it is disabled. Enable it by visiting https://console.developers.google.com/apis/api/compute.googleapis.com/overview?project=126482806042 then retry. If you enabled this API recently, wait a few minutes for the action to propagate to our systems and retry."},{"@type":"type.googleapis.com/google.rpc.Help","links":[{"description":"Google developers console API activation","url":"https://console.developers.google.com/apis/api/compute.googleapis.com/overview?project=126482806042"}]}]}},"response":{"statusCode":403}},"exit":1,"message":"Request to https://compute.googleapis.com/compute/v1/projects/126482806042 had HTTP Error: 403, Compute Engine API has not been used in project 126482806042 before or it is disabled. Enable it by visiting https://console.developers.google.com/apis/api/compute.googleapis.com/overview?project=126482806042 then retry. If you enabled this API recently, wait a few minutes for the action to propagate to our systems and retry.","status":403}
winston:file: written true false
[2026-06-08T20:39:05.622Z] Checked if tokens are valid: true, expires at: 1780953737220
winston:file: written true false
[2026-06-08T20:39:05.622Z] Checked if tokens are valid: true, expires at: 1780953737220
winston:file: written true false
[2026-06-08T20:39:05.622Z] >>> [apiv2][query] GET https://compute.googleapis.com/compute/v1/projects/126482806042 [none]
winston:file: logged 1184720 [debug] [2026-06-08T20:39:05.621Z] <<< [apiv2][status] GET https://compute.googleapis.com/compute/v1/projects/126482806042 403

winston:file: logged 1186724 [debug] [2026-06-08T20:39:05.621Z] <<< [apiv2][body] GET https://compute.googleapis.com/compute/v1/projects/126482806042 {"error":{"code":403,"message":"Compute Engine API has not been used in project 126482806042 before or it is disabled. Enable it by visiting https://console.developers.google.com/apis/api/compute.googleapis.com/overview?project=126482806042 then retry. If you enabled this API recently, wait a few minutes for the action to propagate to our systems and retry.","errors":[{"message":"Compute Engine API has not been used in project 126482806042 before or it is disabled. Enable it by visiting https://console.developers.google.com/apis/api/compute.googleapis.com/overview?project=126482806042 then retry. If you enabled this API recently, wait a few minutes for the action to propagate to our systems and retry.","domain":"usageLimits","reason":"accessNotConfigured","extendedHelp":"https://console.developers.google.com"}],"status":"PERMISSION_DENIED","details":[{"@type":"type.googleapis.com/google.rpc.ErrorInfo","reason":"SERVICE_DISABLED","domain":"googleapis.com","metadata":{"activationUrl":"https://console.developers.google.com/apis/api/compute.googleapis.com/overview?project=126482806042","containerInfo":"126482806042","serviceTitle":"Compute Engine API","service":"compute.googleapis.com","consumer":"projects/126482806042"}},{"@type":"type.googleapis.com/google.rpc.LocalizedMessage","locale":"en-US","message":"Compute Engine API has not been used in project 126482806042 before or it is disabled. Enable it by visiting https://console.developers.google.com/apis/api/compute.googleapis.com/overview?project=126482806042 then retry. If you enabled this API recently, wait a few minutes for the action to propagate to our systems and retry."},{"@type":"type.googleapis.com/google.rpc.Help","links":[{"description":"Google developers console API activation","url":"https://console.developers.google.com/apis/api/compute.googleapis.com/overview?project=126482806042"}]}]}}

winston:file: logged 1189314 [debug] [2026-06-08T20:39:05.622Z] unable to look up default compute service account. Falling back to 126482806042-compute@developer.gserviceaccount.com. Error: {"name":"FirebaseError","children":[],"context":{"body":{"error":{"code":403,"message":"Compute Engine API has not been used in project 126482806042 before or it is disabled. Enable it by visiting https://console.developers.google.com/apis/api/compute.googleapis.com/overview?project=126482806042 then retry. If you enabled this API recently, wait a few minutes for the action to propagate to our systems and retry.","errors":[{"message":"Compute Engine API has not been used in project 126482806042 before or it is disabled. Enable it by visiting https://console.developers.google.com/apis/api/compute.googleapis.com/overview?project=126482806042 then retry. If you enabled this API recently, wait a few minutes for the action to propagate to our systems and retry.","domain":"usageLimits","reason":"accessNotConfigured","extendedHelp":"https://console.developers.google.com"}],"status":"PERMISSION_DENIED","details":[{"@type":"type.googleapis.com/google.rpc.ErrorInfo","reason":"SERVICE_DISABLED","domain":"googleapis.com","metadata":{"activationUrl":"https://console.developers.google.com/apis/api/compute.googleapis.com/overview?project=126482806042","containerInfo":"126482806042","serviceTitle":"Compute Engine API","service":"compute.googleapis.com","consumer":"projects/126482806042"}},{"@type":"type.googleapis.com/google.rpc.LocalizedMessage","locale":"en-US","message":"Compute Engine API has not been used in project 126482806042 before or it is disabled. Enable it by visiting https://console.developers.google.com/apis/api/compute.googleapis.com/overview?project=126482806042 then retry. If you enabled this API recently, wait a few minutes for the action to propagate to our systems and retry."},{"@type":"type.googleapis.com/google.rpc.Help","links":[{"description":"Google developers console API activation","url":"https://console.developers.google.com/apis/api/compute.googleapis.com/overview?project=126482806042"}]}]}},"response":{"statusCode":403}},"exit":1,"message":"Request to https://compute.googleapis.com/compute/v1/projects/126482806042 had HTTP Error: 403, Compute Engine API has not been used in project 126482806042 before or it is disabled. Enable it by visiting https://console.developers.google.com/apis/api/compute.googleapis.com/overview?project=126482806042 then retry. If you enabled this API recently, wait a few minutes for the action to propagate to our systems and retry.","status":403}

winston:file: logged 1189410 [debug] [2026-06-08T20:39:05.622Z] Checked if tokens are valid: true, expires at: 1780953737220

winston:file: logged 1189506 [debug] [2026-06-08T20:39:05.622Z] Checked if tokens are valid: true, expires at: 1780953737220

winston:file: logged 1189635 [debug] [2026-06-08T20:39:05.622Z] >>> [apiv2][query] GET https://compute.googleapis.com/compute/v1/projects/126482806042 [none]

winston:file: written true false
[2026-06-08T20:39:05.755Z] <<< [apiv2][status] GET https://compute.googleapis.com/compute/v1/projects/126482806042 403
winston:file: written true false
[2026-06-08T20:39:05.756Z] <<< [apiv2][body] GET https://compute.googleapis.com/compute/v1/projects/126482806042 {"error":{"code":403,"message":"Compute Engine API has not been used in project 126482806042 before or it is disabled. Enable it by visiting https://console.developers.google.com/apis/api/compute.googleapis.com/overview?project=126482806042 then retry. If you enabled this API recently, wait a few minutes for the action to propagate to our systems and retry.","errors":[{"message":"Compute Engine API has not been used in project 126482806042 before or it is disabled. Enable it by visiting https://console.developers.google.com/apis/api/compute.googleapis.com/overview?project=126482806042 then retry. If you enabled this API recently, wait a few minutes for the action to propagate to our systems and retry.","domain":"usageLimits","reason":"accessNotConfigured","extendedHelp":"https://console.developers.google.com"}],"status":"PERMISSION_DENIED","details":[{"@type":"type.googleapis.com/google.rpc.ErrorInfo","reason":"SERVICE_DISABLED","domain":"googleapis.com","metadata":{"serviceTitle":"Compute Engine API","containerInfo":"126482806042","service":"compute.googleapis.com","activationUrl":"https://console.developers.google.com/apis/api/compute.googleapis.com/overview?project=126482806042","consumer":"projects/126482806042"}},{"@type":"type.googleapis.com/google.rpc.LocalizedMessage","locale":"en-US","message":"Compute Engine API has not been used in project 126482806042 before or it is disabled. Enable it by visiting https://console.developers.google.com/apis/api/compute.googleapis.com/overview?project=126482806042 then retry. If you enabled this API recently, wait a few minutes for the action to propagate to our systems and retry."},{"@type":"type.googleapis.com/google.rpc.Help","links":[{"description":"Google developers console API activation","url":"https://console.developers.google.com/apis/api/compute.googleapis.com/overview?project=126482806042"}]}]}}
winston:file: written true false
[2026-06-08T20:39:05.756Z] unable to look up default compute service account. Falling back to 126482806042-compute@developer.gserviceaccount.com. Error: {"name":"FirebaseError","children":[],"context":{"body":{"error":{"code":403,"message":"Compute Engine API has not been used in project 126482806042 before or it is disabled. Enable it by visiting https://console.developers.google.com/apis/api/compute.googleapis.com/overview?project=126482806042 then retry. If you enabled this API recently, wait a few minutes for the action to propagate to our systems and retry.","errors":[{"message":"Compute Engine API has not been used in project 126482806042 before or it is disabled. Enable it by visiting https://console.developers.google.com/apis/api/compute.googleapis.com/overview?project=126482806042 then retry. If you enabled this API recently, wait a few minutes for the action to propagate to our systems and retry.","domain":"usageLimits","reason":"accessNotConfigured","extendedHelp":"https://console.developers.google.com"}],"status":"PERMISSION_DENIED","details":[{"@type":"type.googleapis.com/google.rpc.ErrorInfo","reason":"SERVICE_DISABLED","domain":"googleapis.com","metadata":{"serviceTitle":"Compute Engine API","containerInfo":"126482806042","service":"compute.googleapis.com","activationUrl":"https://console.developers.google.com/apis/api/compute.googleapis.com/overview?project=126482806042","consumer":"projects/126482806042"}},{"@type":"type.googleapis.com/google.rpc.LocalizedMessage","locale":"en-US","message":"Compute Engine API has not been used in project 126482806042 before or it is disabled. Enable it by visiting https://console.developers.google.com/apis/api/compute.googleapis.com/overview?project=126482806042 then retry. If you enabled this API recently, wait a few minutes for the action to propagate to our systems and retry."},{"@type":"type.googleapis.com/google.rpc.Help","links":[{"description":"Google developers console API activation","url":"https://console.developers.google.com/apis/api/compute.googleapis.com/overview?project=126482806042"}]}]}},"response":{"statusCode":403}},"exit":1,"message":"Request to https://compute.googleapis.com/compute/v1/projects/126482806042 had HTTP Error: 403, Compute Engine API has not been used in project 126482806042 before or it is disabled. Enable it by visiting https://console.developers.google.com/apis/api/compute.googleapis.com/overview?project=126482806042 then retry. If you enabled this API recently, wait a few minutes for the action to propagate to our systems and retry.","status":403}
winston:file: written true false
[2026-06-08T20:39:05.756Z] Checked if tokens are valid: true, expires at: 1780953737220
winston:file: written true false
[2026-06-08T20:39:05.756Z] Checked if tokens are valid: true, expires at: 1780953737220
winston:file: written true false
[2026-06-08T20:39:05.757Z] >>> [apiv2][query] GET https://compute.googleapis.com/compute/v1/projects/126482806042 [none]
winston:file: logged 1189762 [debug] [2026-06-08T20:39:05.755Z] <<< [apiv2][status] GET https://compute.googleapis.com/compute/v1/projects/126482806042 403

winston:file: logged 1191766 [debug] [2026-06-08T20:39:05.756Z] <<< [apiv2][body] GET https://compute.googleapis.com/compute/v1/projects/126482806042 {"error":{"code":403,"message":"Compute Engine API has not been used in project 126482806042 before or it is disabled. Enable it by visiting https://console.developers.google.com/apis/api/compute.googleapis.com/overview?project=126482806042 then retry. If you enabled this API recently, wait a few minutes for the action to propagate to our systems and retry.","errors":[{"message":"Compute Engine API has not been used in project 126482806042 before or it is disabled. Enable it by visiting https://console.developers.google.com/apis/api/compute.googleapis.com/overview?project=126482806042 then retry. If you enabled this API recently, wait a few minutes for the action to propagate to our systems and retry.","domain":"usageLimits","reason":"accessNotConfigured","extendedHelp":"https://console.developers.google.com"}],"status":"PERMISSION_DENIED","details":[{"@type":"type.googleapis.com/google.rpc.ErrorInfo","reason":"SERVICE_DISABLED","domain":"googleapis.com","metadata":{"serviceTitle":"Compute Engine API","containerInfo":"126482806042","service":"compute.googleapis.com","activationUrl":"https://console.developers.google.com/apis/api/compute.googleapis.com/overview?project=126482806042","consumer":"projects/126482806042"}},{"@type":"type.googleapis.com/google.rpc.LocalizedMessage","locale":"en-US","message":"Compute Engine API has not been used in project 126482806042 before or it is disabled. Enable it by visiting https://console.developers.google.com/apis/api/compute.googleapis.com/overview?project=126482806042 then retry. If you enabled this API recently, wait a few minutes for the action to propagate to our systems and retry."},{"@type":"type.googleapis.com/google.rpc.Help","links":[{"description":"Google developers console API activation","url":"https://console.developers.google.com/apis/api/compute.googleapis.com/overview?project=126482806042"}]}]}}

winston:file: logged 1194356 [debug] [2026-06-08T20:39:05.756Z] unable to look up default compute service account. Falling back to 126482806042-compute@developer.gserviceaccount.com. Error: {"name":"FirebaseError","children":[],"context":{"body":{"error":{"code":403,"message":"Compute Engine API has not been used in project 126482806042 before or it is disabled. Enable it by visiting https://console.developers.google.com/apis/api/compute.googleapis.com/overview?project=126482806042 then retry. If you enabled this API recently, wait a few minutes for the action to propagate to our systems and retry.","errors":[{"message":"Compute Engine API has not been used in project 126482806042 before or it is disabled. Enable it by visiting https://console.developers.google.com/apis/api/compute.googleapis.com/overview?project=126482806042 then retry. If you enabled this API recently, wait a few minutes for the action to propagate to our systems and retry.","domain":"usageLimits","reason":"accessNotConfigured","extendedHelp":"https://console.developers.google.com"}],"status":"PERMISSION_DENIED","details":[{"@type":"type.googleapis.com/google.rpc.ErrorInfo","reason":"SERVICE_DISABLED","domain":"googleapis.com","metadata":{"serviceTitle":"Compute Engine API","containerInfo":"126482806042","service":"compute.googleapis.com","activationUrl":"https://console.developers.google.com/apis/api/compute.googleapis.com/overview?project=126482806042","consumer":"projects/126482806042"}},{"@type":"type.googleapis.com/google.rpc.LocalizedMessage","locale":"en-US","message":"Compute Engine API has not been used in project 126482806042 before or it is disabled. Enable it by visiting https://console.developers.google.com/apis/api/compute.googleapis.com/overview?project=126482806042 then retry. If you enabled this API recently, wait a few minutes for the action to propagate to our systems and retry."},{"@type":"type.googleapis.com/google.rpc.Help","links":[{"description":"Google developers console API activation","url":"https://console.developers.google.com/apis/api/compute.googleapis.com/overview?project=126482806042"}]}]}},"response":{"statusCode":403}},"exit":1,"message":"Request to https://compute.googleapis.com/compute/v1/projects/126482806042 had HTTP Error: 403, Compute Engine API has not been used in project 126482806042 before or it is disabled. Enable it by visiting https://console.developers.google.com/apis/api/compute.googleapis.com/overview?project=126482806042 then retry. If you enabled this API recently, wait a few minutes for the action to propagate to our systems and retry.","status":403}

winston:file: logged 1194452 [debug] [2026-06-08T20:39:05.756Z] Checked if tokens are valid: true, expires at: 1780953737220

winston:file: logged 1194548 [debug] [2026-06-08T20:39:05.756Z] Checked if tokens are valid: true, expires at: 1780953737220

winston:file: logged 1194677 [debug] [2026-06-08T20:39:05.757Z] >>> [apiv2][query] GET https://compute.googleapis.com/compute/v1/projects/126482806042 [none]

winston:file: written true false
[2026-06-08T20:39:05.885Z] <<< [apiv2][status] GET https://compute.googleapis.com/compute/v1/projects/126482806042 403
winston:file: written true false
[2026-06-08T20:39:05.886Z] <<< [apiv2][body] GET https://compute.googleapis.com/compute/v1/projects/126482806042 {"error":{"code":403,"message":"Compute Engine API has not been used in project 126482806042 before or it is disabled. Enable it by visiting https://console.developers.google.com/apis/api/compute.googleapis.com/overview?project=126482806042 then retry. If you enabled this API recently, wait a few minutes for the action to propagate to our systems and retry.","errors":[{"message":"Compute Engine API has not been used in project 126482806042 before or it is disabled. Enable it by visiting https://console.developers.google.com/apis/api/compute.googleapis.com/overview?project=126482806042 then retry. If you enabled this API recently, wait a few minutes for the action to propagate to our systems and retry.","domain":"usageLimits","reason":"accessNotConfigured","extendedHelp":"https://console.developers.google.com"}],"status":"PERMISSION_DENIED","details":[{"@type":"type.googleapis.com/google.rpc.ErrorInfo","reason":"SERVICE_DISABLED","domain":"googleapis.com","metadata":{"activationUrl":"https://console.developers.google.com/apis/api/compute.googleapis.com/overview?project=126482806042","consumer":"projects/126482806042","serviceTitle":"Compute Engine API","service":"compute.googleapis.com","containerInfo":"126482806042"}},{"@type":"type.googleapis.com/google.rpc.LocalizedMessage","locale":"en-US","message":"Compute Engine API has not been used in project 126482806042 before or it is disabled. Enable it by visiting https://console.developers.google.com/apis/api/compute.googleapis.com/overview?project=126482806042 then retry. If you enabled this API recently, wait a few minutes for the action to propagate to our systems and retry."},{"@type":"type.googleapis.com/google.rpc.Help","links":[{"description":"Google developers console API activation","url":"https://console.developers.google.com/apis/api/compute.googleapis.com/overview?project=126482806042"}]}]}}
winston:file: written true false
[2026-06-08T20:39:05.886Z] unable to look up default compute service account. Falling back to 126482806042-compute@developer.gserviceaccount.com. Error: {"name":"FirebaseError","children":[],"context":{"body":{"error":{"code":403,"message":"Compute Engine API has not been used in project 126482806042 before or it is disabled. Enable it by visiting https://console.developers.google.com/apis/api/compute.googleapis.com/overview?project=126482806042 then retry. If you enabled this API recently, wait a few minutes for the action to propagate to our systems and retry.","errors":[{"message":"Compute Engine API has not been used in project 126482806042 before or it is disabled. Enable it by visiting https://console.developers.google.com/apis/api/compute.googleapis.com/overview?project=126482806042 then retry. If you enabled this API recently, wait a few minutes for the action to propagate to our systems and retry.","domain":"usageLimits","reason":"accessNotConfigured","extendedHelp":"https://console.developers.google.com"}],"status":"PERMISSION_DENIED","details":[{"@type":"type.googleapis.com/google.rpc.ErrorInfo","reason":"SERVICE_DISABLED","domain":"googleapis.com","metadata":{"activationUrl":"https://console.developers.google.com/apis/api/compute.googleapis.com/overview?project=126482806042","consumer":"projects/126482806042","serviceTitle":"Compute Engine API","service":"compute.googleapis.com","containerInfo":"126482806042"}},{"@type":"type.googleapis.com/google.rpc.LocalizedMessage","locale":"en-US","message":"Compute Engine API has not been used in project 126482806042 before or it is disabled. Enable it by visiting https://console.developers.google.com/apis/api/compute.googleapis.com/overview?project=126482806042 then retry. If you enabled this API recently, wait a few minutes for the action to propagate to our systems and retry."},{"@type":"type.googleapis.com/google.rpc.Help","links":[{"description":"Google developers console API activation","url":"https://console.developers.google.com/apis/api/compute.googleapis.com/overview?project=126482806042"}]}]}},"response":{"statusCode":403}},"exit":1,"message":"Request to https://compute.googleapis.com/compute/v1/projects/126482806042 had HTTP Error: 403, Compute Engine API has not been used in project 126482806042 before or it is disabled. Enable it by visiting https://console.developers.google.com/apis/api/compute.googleapis.com/overview?project=126482806042 then retry. If you enabled this API recently, wait a few minutes for the action to propagate to our systems and retry.","status":403}
winston:file: written true false
[2026-06-08T20:39:05.886Z] Checked if tokens are valid: true, expires at: 1780953737220
winston:file: written true false
[2026-06-08T20:39:05.886Z] Checked if tokens are valid: true, expires at: 1780953737220
winston:file: written true false
[2026-06-08T20:39:05.886Z] >>> [apiv2][query] GET https://compute.googleapis.com/compute/v1/projects/126482806042 [none]
winston:file: logged 1194804 [debug] [2026-06-08T20:39:05.885Z] <<< [apiv2][status] GET https://compute.googleapis.com/compute/v1/projects/126482806042 403

winston:file: logged 1196808 [debug] [2026-06-08T20:39:05.886Z] <<< [apiv2][body] GET https://compute.googleapis.com/compute/v1/projects/126482806042 {"error":{"code":403,"message":"Compute Engine API has not been used in project 126482806042 before or it is disabled. Enable it by visiting https://console.developers.google.com/apis/api/compute.googleapis.com/overview?project=126482806042 then retry. If you enabled this API recently, wait a few minutes for the action to propagate to our systems and retry.","errors":[{"message":"Compute Engine API has not been used in project 126482806042 before or it is disabled. Enable it by visiting https://console.developers.google.com/apis/api/compute.googleapis.com/overview?project=126482806042 then retry. If you enabled this API recently, wait a few minutes for the action to propagate to our systems and retry.","domain":"usageLimits","reason":"accessNotConfigured","extendedHelp":"https://console.developers.google.com"}],"status":"PERMISSION_DENIED","details":[{"@type":"type.googleapis.com/google.rpc.ErrorInfo","reason":"SERVICE_DISABLED","domain":"googleapis.com","metadata":{"activationUrl":"https://console.developers.google.com/apis/api/compute.googleapis.com/overview?project=126482806042","consumer":"projects/126482806042","serviceTitle":"Compute Engine API","service":"compute.googleapis.com","containerInfo":"126482806042"}},{"@type":"type.googleapis.com/google.rpc.LocalizedMessage","locale":"en-US","message":"Compute Engine API has not been used in project 126482806042 before or it is disabled. Enable it by visiting https://console.developers.google.com/apis/api/compute.googleapis.com/overview?project=126482806042 then retry. If you enabled this API recently, wait a few minutes for the action to propagate to our systems and retry."},{"@type":"type.googleapis.com/google.rpc.Help","links":[{"description":"Google developers console API activation","url":"https://console.developers.google.com/apis/api/compute.googleapis.com/overview?project=126482806042"}]}]}}

winston:file: logged 1199398 [debug] [2026-06-08T20:39:05.886Z] unable to look up default compute service account. Falling back to 126482806042-compute@developer.gserviceaccount.com. Error: {"name":"FirebaseError","children":[],"context":{"body":{"error":{"code":403,"message":"Compute Engine API has not been used in project 126482806042 before or it is disabled. Enable it by visiting https://console.developers.google.com/apis/api/compute.googleapis.com/overview?project=126482806042 then retry. If you enabled this API recently, wait a few minutes for the action to propagate to our systems and retry.","errors":[{"message":"Compute Engine API has not been used in project 126482806042 before or it is disabled. Enable it by visiting https://console.developers.google.com/apis/api/compute.googleapis.com/overview?project=126482806042 then retry. If you enabled this API recently, wait a few minutes for the action to propagate to our systems and retry.","domain":"usageLimits","reason":"accessNotConfigured","extendedHelp":"https://console.developers.google.com"}],"status":"PERMISSION_DENIED","details":[{"@type":"type.googleapis.com/google.rpc.ErrorInfo","reason":"SERVICE_DISABLED","domain":"googleapis.com","metadata":{"activationUrl":"https://console.developers.google.com/apis/api/compute.googleapis.com/overview?project=126482806042","consumer":"projects/126482806042","serviceTitle":"Compute Engine API","service":"compute.googleapis.com","containerInfo":"126482806042"}},{"@type":"type.googleapis.com/google.rpc.LocalizedMessage","locale":"en-US","message":"Compute Engine API has not been used in project 126482806042 before or it is disabled. Enable it by visiting https://console.developers.google.com/apis/api/compute.googleapis.com/overview?project=126482806042 then retry. If you enabled this API recently, wait a few minutes for the action to propagate to our systems and retry."},{"@type":"type.googleapis.com/google.rpc.Help","links":[{"description":"Google developers console API activation","url":"https://console.developers.google.com/apis/api/compute.googleapis.com/overview?project=126482806042"}]}]}},"response":{"statusCode":403}},"exit":1,"message":"Request to https://compute.googleapis.com/compute/v1/projects/126482806042 had HTTP Error: 403, Compute Engine API has not been used in project 126482806042 before or it is disabled. Enable it by visiting https://console.developers.google.com/apis/api/compute.googleapis.com/overview?project=126482806042 then retry. If you enabled this API recently, wait a few minutes for the action to propagate to our systems and retry.","status":403}

winston:file: logged 1199494 [debug] [2026-06-08T20:39:05.886Z] Checked if tokens are valid: true, expires at: 1780953737220

winston:file: logged 1199590 [debug] [2026-06-08T20:39:05.886Z] Checked if tokens are valid: true, expires at: 1780953737220

winston:file: logged 1199719 [debug] [2026-06-08T20:39:05.886Z] >>> [apiv2][query] GET https://compute.googleapis.com/compute/v1/projects/126482806042 [none]

winston:file: written true false
[2026-06-08T20:39:06.019Z] <<< [apiv2][status] GET https://compute.googleapis.com/compute/v1/projects/126482806042 403
winston:file: written true false
[2026-06-08T20:39:06.020Z] <<< [apiv2][body] GET https://compute.googleapis.com/compute/v1/projects/126482806042 {"error":{"code":403,"message":"Compute Engine API has not been used in project 126482806042 before or it is disabled. Enable it by visiting https://console.developers.google.com/apis/api/compute.googleapis.com/overview?project=126482806042 then retry. If you enabled this API recently, wait a few minutes for the action to propagate to our systems and retry.","errors":[{"message":"Compute Engine API has not been used in project 126482806042 before or it is disabled. Enable it by visiting https://console.developers.google.com/apis/api/compute.googleapis.com/overview?project=126482806042 then retry. If you enabled this API recently, wait a few minutes for the action to propagate to our systems and retry.","domain":"usageLimits","reason":"accessNotConfigured","extendedHelp":"https://console.developers.google.com"}],"status":"PERMISSION_DENIED","details":[{"@type":"type.googleapis.com/google.rpc.ErrorInfo","reason":"SERVICE_DISABLED","domain":"googleapis.com","metadata":{"serviceTitle":"Compute Engine API","service":"compute.googleapis.com","activationUrl":"https://console.developers.google.com/apis/api/compute.googleapis.com/overview?project=126482806042","consumer":"projects/126482806042","containerInfo":"126482806042"}},{"@type":"type.googleapis.com/google.rpc.LocalizedMessage","locale":"en-US","message":"Compute Engine API has not been used in project 126482806042 before or it is disabled. Enable it by visiting https://console.developers.google.com/apis/api/compute.googleapis.com/overview?project=126482806042 then retry. If you enabled this API recently, wait a few minutes for the action to propagate to our systems and retry."},{"@type":"type.googleapis.com/google.rpc.Help","links":[{"description":"Google developers console API activation","url":"https://console.developers.google.com/apis/api/compute.googleapis.com/overview?project=126482806042"}]}]}}
winston:file: written true false
[2026-06-08T20:39:06.020Z] unable to look up default compute service account. Falling back to 126482806042-compute@developer.gserviceaccount.com. Error: {"name":"FirebaseError","children":[],"context":{"body":{"error":{"code":403,"message":"Compute Engine API has not been used in project 126482806042 before or it is disabled. Enable it by visiting https://console.developers.google.com/apis/api/compute.googleapis.com/overview?project=126482806042 then retry. If you enabled this API recently, wait a few minutes for the action to propagate to our systems and retry.","errors":[{"message":"Compute Engine API has not been used in project 126482806042 before or it is disabled. Enable it by visiting https://console.developers.google.com/apis/api/compute.googleapis.com/overview?project=126482806042 then retry. If you enabled this API recently, wait a few minutes for the action to propagate to our systems and retry.","domain":"usageLimits","reason":"accessNotConfigured","extendedHelp":"https://console.developers.google.com"}],"status":"PERMISSION_DENIED","details":[{"@type":"type.googleapis.com/google.rpc.ErrorInfo","reason":"SERVICE_DISABLED","domain":"googleapis.com","metadata":{"serviceTitle":"Compute Engine API","service":"compute.googleapis.com","activationUrl":"https://console.developers.google.com/apis/api/compute.googleapis.com/overview?project=126482806042","consumer":"projects/126482806042","containerInfo":"126482806042"}},{"@type":"type.googleapis.com/google.rpc.LocalizedMessage","locale":"en-US","message":"Compute Engine API has not been used in project 126482806042 before or it is disabled. Enable it by visiting https://console.developers.google.com/apis/api/compute.googleapis.com/overview?project=126482806042 then retry. If you enabled this API recently, wait a few minutes for the action to propagate to our systems and retry."},{"@type":"type.googleapis.com/google.rpc.Help","links":[{"description":"Google developers console API activation","url":"https://console.developers.google.com/apis/api/compute.googleapis.com/overview?project=126482806042"}]}]}},"response":{"statusCode":403}},"exit":1,"message":"Request to https://compute.googleapis.com/compute/v1/projects/126482806042 had HTTP Error: 403, Compute Engine API has not been used in project 126482806042 before or it is disabled. Enable it by visiting https://console.developers.google.com/apis/api/compute.googleapis.com/overview?project=126482806042 then retry. If you enabled this API recently, wait a few minutes for the action to propagate to our systems and retry.","status":403}
winston:file: written true false
[2026-06-08T20:39:06.021Z] Checked if tokens are valid: true, expires at: 1780953737220
winston:file: written true false
[2026-06-08T20:39:06.021Z] Checked if tokens are valid: true, expires at: 1780953737220
winston:file: written true false
[2026-06-08T20:39:06.021Z] >>> [apiv2][query] GET https://compute.googleapis.com/compute/v1/projects/126482806042 [none]
winston:file: logged 1199846 [debug] [2026-06-08T20:39:06.019Z] <<< [apiv2][status] GET https://compute.googleapis.com/compute/v1/projects/126482806042 403

winston:file: logged 1201850 [debug] [2026-06-08T20:39:06.020Z] <<< [apiv2][body] GET https://compute.googleapis.com/compute/v1/projects/126482806042 {"error":{"code":403,"message":"Compute Engine API has not been used in project 126482806042 before or it is disabled. Enable it by visiting https://console.developers.google.com/apis/api/compute.googleapis.com/overview?project=126482806042 then retry. If you enabled this API recently, wait a few minutes for the action to propagate to our systems and retry.","errors":[{"message":"Compute Engine API has not been used in project 126482806042 before or it is disabled. Enable it by visiting https://console.developers.google.com/apis/api/compute.googleapis.com/overview?project=126482806042 then retry. If you enabled this API recently, wait a few minutes for the action to propagate to our systems and retry.","domain":"usageLimits","reason":"accessNotConfigured","extendedHelp":"https://console.developers.google.com"}],"status":"PERMISSION_DENIED","details":[{"@type":"type.googleapis.com/google.rpc.ErrorInfo","reason":"SERVICE_DISABLED","domain":"googleapis.com","metadata":{"serviceTitle":"Compute Engine API","service":"compute.googleapis.com","activationUrl":"https://console.developers.google.com/apis/api/compute.googleapis.com/overview?project=126482806042","consumer":"projects/126482806042","containerInfo":"126482806042"}},{"@type":"type.googleapis.com/google.rpc.LocalizedMessage","locale":"en-US","message":"Compute Engine API has not been used in project 126482806042 before or it is disabled. Enable it by visiting https://console.developers.google.com/apis/api/compute.googleapis.com/overview?project=126482806042 then retry. If you enabled this API recently, wait a few minutes for the action to propagate to our systems and retry."},{"@type":"type.googleapis.com/google.rpc.Help","links":[{"description":"Google developers console API activation","url":"https://console.developers.google.com/apis/api/compute.googleapis.com/overview?project=126482806042"}]}]}}

winston:file: logged 1204440 [debug] [2026-06-08T20:39:06.020Z] unable to look up default compute service account. Falling back to 126482806042-compute@developer.gserviceaccount.com. Error: {"name":"FirebaseError","children":[],"context":{"body":{"error":{"code":403,"message":"Compute Engine API has not been used in project 126482806042 before or it is disabled. Enable it by visiting https://console.developers.google.com/apis/api/compute.googleapis.com/overview?project=126482806042 then retry. If you enabled this API recently, wait a few minutes for the action to propagate to our systems and retry.","errors":[{"message":"Compute Engine API has not been used in project 126482806042 before or it is disabled. Enable it by visiting https://console.developers.google.com/apis/api/compute.googleapis.com/overview?project=126482806042 then retry. If you enabled this API recently, wait a few minutes for the action to propagate to our systems and retry.","domain":"usageLimits","reason":"accessNotConfigured","extendedHelp":"https://console.developers.google.com"}],"status":"PERMISSION_DENIED","details":[{"@type":"type.googleapis.com/google.rpc.ErrorInfo","reason":"SERVICE_DISABLED","domain":"googleapis.com","metadata":{"serviceTitle":"Compute Engine API","service":"compute.googleapis.com","activationUrl":"https://console.developers.google.com/apis/api/compute.googleapis.com/overview?project=126482806042","consumer":"projects/126482806042","containerInfo":"126482806042"}},{"@type":"type.googleapis.com/google.rpc.LocalizedMessage","locale":"en-US","message":"Compute Engine API has not been used in project 126482806042 before or it is disabled. Enable it by visiting https://console.developers.google.com/apis/api/compute.googleapis.com/overview?project=126482806042 then retry. If you enabled this API recently, wait a few minutes for the action to propagate to our systems and retry."},{"@type":"type.googleapis.com/google.rpc.Help","links":[{"description":"Google developers console API activation","url":"https://console.developers.google.com/apis/api/compute.googleapis.com/overview?project=126482806042"}]}]}},"response":{"statusCode":403}},"exit":1,"message":"Request to https://compute.googleapis.com/compute/v1/projects/126482806042 had HTTP Error: 403, Compute Engine API has not been used in project 126482806042 before or it is disabled. Enable it by visiting https://console.developers.google.com/apis/api/compute.googleapis.com/overview?project=126482806042 then retry. If you enabled this API recently, wait a few minutes for the action to propagate to our systems and retry.","status":403}

winston:file: logged 1204536 [debug] [2026-06-08T20:39:06.021Z] Checked if tokens are valid: true, expires at: 1780953737220

winston:file: logged 1204632 [debug] [2026-06-08T20:39:06.021Z] Checked if tokens are valid: true, expires at: 1780953737220

winston:file: logged 1204761 [debug] [2026-06-08T20:39:06.021Z] >>> [apiv2][query] GET https://compute.googleapis.com/compute/v1/projects/126482806042 [none]

winston:file: written true false
[2026-06-08T20:39:06.170Z] <<< [apiv2][status] GET https://compute.googleapis.com/compute/v1/projects/126482806042 403
winston:file: written true false
[2026-06-08T20:39:06.171Z] <<< [apiv2][body] GET https://compute.googleapis.com/compute/v1/projects/126482806042 {"error":{"code":403,"message":"Compute Engine API has not been used in project 126482806042 before or it is disabled. Enable it by visiting https://console.developers.google.com/apis/api/compute.googleapis.com/overview?project=126482806042 then retry. If you enabled this API recently, wait a few minutes for the action to propagate to our systems and retry.","errors":[{"message":"Compute Engine API has not been used in project 126482806042 before or it is disabled. Enable it by visiting https://console.developers.google.com/apis/api/compute.googleapis.com/overview?project=126482806042 then retry. If you enabled this API recently, wait a few minutes for the action to propagate to our systems and retry.","domain":"usageLimits","reason":"accessNotConfigured","extendedHelp":"https://console.developers.google.com"}],"status":"PERMISSION_DENIED","details":[{"@type":"type.googleapis.com/google.rpc.ErrorInfo","reason":"SERVICE_DISABLED","domain":"googleapis.com","metadata":{"activationUrl":"https://console.developers.google.com/apis/api/compute.googleapis.com/overview?project=126482806042","consumer":"projects/126482806042","serviceTitle":"Compute Engine API","containerInfo":"126482806042","service":"compute.googleapis.com"}},{"@type":"type.googleapis.com/google.rpc.LocalizedMessage","locale":"en-US","message":"Compute Engine API has not been used in project 126482806042 before or it is disabled. Enable it by visiting https://console.developers.google.com/apis/api/compute.googleapis.com/overview?project=126482806042 then retry. If you enabled this API recently, wait a few minutes for the action to propagate to our systems and retry."},{"@type":"type.googleapis.com/google.rpc.Help","links":[{"description":"Google developers console API activation","url":"https://console.developers.google.com/apis/api/compute.googleapis.com/overview?project=126482806042"}]}]}}
winston:file: written true false
[2026-06-08T20:39:06.171Z] unable to look up default compute service account. Falling back to 126482806042-compute@developer.gserviceaccount.com. Error: {"name":"FirebaseError","children":[],"context":{"body":{"error":{"code":403,"message":"Compute Engine API has not been used in project 126482806042 before or it is disabled. Enable it by visiting https://console.developers.google.com/apis/api/compute.googleapis.com/overview?project=126482806042 then retry. If you enabled this API recently, wait a few minutes for the action to propagate to our systems and retry.","errors":[{"message":"Compute Engine API has not been used in project 126482806042 before or it is disabled. Enable it by visiting https://console.developers.google.com/apis/api/compute.googleapis.com/overview?project=126482806042 then retry. If you enabled this API recently, wait a few minutes for the action to propagate to our systems and retry.","domain":"usageLimits","reason":"accessNotConfigured","extendedHelp":"https://console.developers.google.com"}],"status":"PERMISSION_DENIED","details":[{"@type":"type.googleapis.com/google.rpc.ErrorInfo","reason":"SERVICE_DISABLED","domain":"googleapis.com","metadata":{"activationUrl":"https://console.developers.google.com/apis/api/compute.googleapis.com/overview?project=126482806042","consumer":"projects/126482806042","serviceTitle":"Compute Engine API","containerInfo":"126482806042","service":"compute.googleapis.com"}},{"@type":"type.googleapis.com/google.rpc.LocalizedMessage","locale":"en-US","message":"Compute Engine API has not been used in project 126482806042 before or it is disabled. Enable it by visiting https://console.developers.google.com/apis/api/compute.googleapis.com/overview?project=126482806042 then retry. If you enabled this API recently, wait a few minutes for the action to propagate to our systems and retry."},{"@type":"type.googleapis.com/google.rpc.Help","links":[{"description":"Google developers console API activation","url":"https://console.developers.google.com/apis/api/compute.googleapis.com/overview?project=126482806042"}]}]}},"response":{"statusCode":403}},"exit":1,"message":"Request to https://compute.googleapis.com/compute/v1/projects/126482806042 had HTTP Error: 403, Compute Engine API has not been used in project 126482806042 before or it is disabled. Enable it by visiting https://console.developers.google.com/apis/api/compute.googleapis.com/overview?project=126482806042 then retry. If you enabled this API recently, wait a few minutes for the action to propagate to our systems and retry.","status":403}
winston:file: written true false
[2026-06-08T20:39:06.172Z] Checked if tokens are valid: true, expires at: 1780953737220
winston:file: written true false
[2026-06-08T20:39:06.172Z] Checked if tokens are valid: true, expires at: 1780953737220
winston:file: written true false
[2026-06-08T20:39:06.172Z] >>> [apiv2][query] GET https://compute.googleapis.com/compute/v1/projects/126482806042 [none]
winston:file: logged 1204888 [debug] [2026-06-08T20:39:06.170Z] <<< [apiv2][status] GET https://compute.googleapis.com/compute/v1/projects/126482806042 403

winston:file: logged 1206892 [debug] [2026-06-08T20:39:06.171Z] <<< [apiv2][body] GET https://compute.googleapis.com/compute/v1/projects/126482806042 {"error":{"code":403,"message":"Compute Engine API has not been used in project 126482806042 before or it is disabled. Enable it by visiting https://console.developers.google.com/apis/api/compute.googleapis.com/overview?project=126482806042 then retry. If you enabled this API recently, wait a few minutes for the action to propagate to our systems and retry.","errors":[{"message":"Compute Engine API has not been used in project 126482806042 before or it is disabled. Enable it by visiting https://console.developers.google.com/apis/api/compute.googleapis.com/overview?project=126482806042 then retry. If you enabled this API recently, wait a few minutes for the action to propagate to our systems and retry.","domain":"usageLimits","reason":"accessNotConfigured","extendedHelp":"https://console.developers.google.com"}],"status":"PERMISSION_DENIED","details":[{"@type":"type.googleapis.com/google.rpc.ErrorInfo","reason":"SERVICE_DISABLED","domain":"googleapis.com","metadata":{"activationUrl":"https://console.developers.google.com/apis/api/compute.googleapis.com/overview?project=126482806042","consumer":"projects/126482806042","serviceTitle":"Compute Engine API","containerInfo":"126482806042","service":"compute.googleapis.com"}},{"@type":"type.googleapis.com/google.rpc.LocalizedMessage","locale":"en-US","message":"Compute Engine API has not been used in project 126482806042 before or it is disabled. Enable it by visiting https://console.developers.google.com/apis/api/compute.googleapis.com/overview?project=126482806042 then retry. If you enabled this API recently, wait a few minutes for the action to propagate to our systems and retry."},{"@type":"type.googleapis.com/google.rpc.Help","links":[{"description":"Google developers console API activation","url":"https://console.developers.google.com/apis/api/compute.googleapis.com/overview?project=126482806042"}]}]}}

winston:file: logged 1209482 [debug] [2026-06-08T20:39:06.171Z] unable to look up default compute service account. Falling back to 126482806042-compute@developer.gserviceaccount.com. Error: {"name":"FirebaseError","children":[],"context":{"body":{"error":{"code":403,"message":"Compute Engine API has not been used in project 126482806042 before or it is disabled. Enable it by visiting https://console.developers.google.com/apis/api/compute.googleapis.com/overview?project=126482806042 then retry. If you enabled this API recently, wait a few minutes for the action to propagate to our systems and retry.","errors":[{"message":"Compute Engine API has not been used in project 126482806042 before or it is disabled. Enable it by visiting https://console.developers.google.com/apis/api/compute.googleapis.com/overview?project=126482806042 then retry. If you enabled this API recently, wait a few minutes for the action to propagate to our systems and retry.","domain":"usageLimits","reason":"accessNotConfigured","extendedHelp":"https://console.developers.google.com"}],"status":"PERMISSION_DENIED","details":[{"@type":"type.googleapis.com/google.rpc.ErrorInfo","reason":"SERVICE_DISABLED","domain":"googleapis.com","metadata":{"activationUrl":"https://console.developers.google.com/apis/api/compute.googleapis.com/overview?project=126482806042","consumer":"projects/126482806042","serviceTitle":"Compute Engine API","containerInfo":"126482806042","service":"compute.googleapis.com"}},{"@type":"type.googleapis.com/google.rpc.LocalizedMessage","locale":"en-US","message":"Compute Engine API has not been used in project 126482806042 before or it is disabled. Enable it by visiting https://console.developers.google.com/apis/api/compute.googleapis.com/overview?project=126482806042 then retry. If you enabled this API recently, wait a few minutes for the action to propagate to our systems and retry."},{"@type":"type.googleapis.com/google.rpc.Help","links":[{"description":"Google developers console API activation","url":"https://console.developers.google.com/apis/api/compute.googleapis.com/overview?project=126482806042"}]}]}},"response":{"statusCode":403}},"exit":1,"message":"Request to https://compute.googleapis.com/compute/v1/projects/126482806042 had HTTP Error: 403, Compute Engine API has not been used in project 126482806042 before or it is disabled. Enable it by visiting https://console.developers.google.com/apis/api/compute.googleapis.com/overview?project=126482806042 then retry. If you enabled this API recently, wait a few minutes for the action to propagate to our systems and retry.","status":403}

winston:file: logged 1209578 [debug] [2026-06-08T20:39:06.172Z] Checked if tokens are valid: true, expires at: 1780953737220

winston:file: logged 1209674 [debug] [2026-06-08T20:39:06.172Z] Checked if tokens are valid: true, expires at: 1780953737220

winston:file: logged 1209803 [debug] [2026-06-08T20:39:06.172Z] >>> [apiv2][query] GET https://compute.googleapis.com/compute/v1/projects/126482806042 [none]

winston:file: written true false
[2026-06-08T20:39:06.315Z] <<< [apiv2][status] GET https://compute.googleapis.com/compute/v1/projects/126482806042 403
winston:file: written true false
[2026-06-08T20:39:06.315Z] <<< [apiv2][body] GET https://compute.googleapis.com/compute/v1/projects/126482806042 {"error":{"code":403,"message":"Compute Engine API has not been used in project 126482806042 before or it is disabled. Enable it by visiting https://console.developers.google.com/apis/api/compute.googleapis.com/overview?project=126482806042 then retry. If you enabled this API recently, wait a few minutes for the action to propagate to our systems and retry.","errors":[{"message":"Compute Engine API has not been used in project 126482806042 before or it is disabled. Enable it by visiting https://console.developers.google.com/apis/api/compute.googleapis.com/overview?project=126482806042 then retry. If you enabled this API recently, wait a few minutes for the action to propagate to our systems and retry.","domain":"usageLimits","reason":"accessNotConfigured","extendedHelp":"https://console.developers.google.com"}],"status":"PERMISSION_DENIED","details":[{"@type":"type.googleapis.com/google.rpc.ErrorInfo","reason":"SERVICE_DISABLED","domain":"googleapis.com","metadata":{"activationUrl":"https://console.developers.google.com/apis/api/compute.googleapis.com/overview?project=126482806042","consumer":"projects/126482806042","containerInfo":"126482806042","service":"compute.googleapis.com","serviceTitle":"Compute Engine API"}},{"@type":"type.googleapis.com/google.rpc.LocalizedMessage","locale":"en-US","message":"Compute Engine API has not been used in project 126482806042 before or it is disabled. Enable it by visiting https://console.developers.google.com/apis/api/compute.googleapis.com/overview?project=126482806042 then retry. If you enabled this API recently, wait a few minutes for the action to propagate to our systems and retry."},{"@type":"type.googleapis.com/google.rpc.Help","links":[{"description":"Google developers console API activation","url":"https://console.developers.google.com/apis/api/compute.googleapis.com/overview?project=126482806042"}]}]}}
winston:file: written true false
[2026-06-08T20:39:06.316Z] unable to look up default compute service account. Falling back to 126482806042-compute@developer.gserviceaccount.com. Error: {"name":"FirebaseError","children":[],"context":{"body":{"error":{"code":403,"message":"Compute Engine API has not been used in project 126482806042 before or it is disabled. Enable it by visiting https://console.developers.google.com/apis/api/compute.googleapis.com/overview?project=126482806042 then retry. If you enabled this API recently, wait a few minutes for the action to propagate to our systems and retry.","errors":[{"message":"Compute Engine API has not been used in project 126482806042 before or it is disabled. Enable it by visiting https://console.developers.google.com/apis/api/compute.googleapis.com/overview?project=126482806042 then retry. If you enabled this API recently, wait a few minutes for the action to propagate to our systems and retry.","domain":"usageLimits","reason":"accessNotConfigured","extendedHelp":"https://console.developers.google.com"}],"status":"PERMISSION_DENIED","details":[{"@type":"type.googleapis.com/google.rpc.ErrorInfo","reason":"SERVICE_DISABLED","domain":"googleapis.com","metadata":{"activationUrl":"https://console.developers.google.com/apis/api/compute.googleapis.com/overview?project=126482806042","consumer":"projects/126482806042","containerInfo":"126482806042","service":"compute.googleapis.com","serviceTitle":"Compute Engine API"}},{"@type":"type.googleapis.com/google.rpc.LocalizedMessage","locale":"en-US","message":"Compute Engine API has not been used in project 126482806042 before or it is disabled. Enable it by visiting https://console.developers.google.com/apis/api/compute.googleapis.com/overview?project=126482806042 then retry. If you enabled this API recently, wait a few minutes for the action to propagate to our systems and retry."},{"@type":"type.googleapis.com/google.rpc.Help","links":[{"description":"Google developers console API activation","url":"https://console.developers.google.com/apis/api/compute.googleapis.com/overview?project=126482806042"}]}]}},"response":{"statusCode":403}},"exit":1,"message":"Request to https://compute.googleapis.com/compute/v1/projects/126482806042 had HTTP Error: 403, Compute Engine API has not been used in project 126482806042 before or it is disabled. Enable it by visiting https://console.developers.google.com/apis/api/compute.googleapis.com/overview?project=126482806042 then retry. If you enabled this API recently, wait a few minutes for the action to propagate to our systems and retry.","status":403}
winston:file: written true false
[2026-06-08T20:39:06.316Z] Checked if tokens are valid: true, expires at: 1780953737220
winston:file: written true false
[2026-06-08T20:39:06.316Z] Checked if tokens are valid: true, expires at: 1780953737220
winston:file: written true false
[2026-06-08T20:39:06.316Z] >>> [apiv2][query] GET https://compute.googleapis.com/compute/v1/projects/126482806042 [none]
winston:file: logged 1209930 [debug] [2026-06-08T20:39:06.315Z] <<< [apiv2][status] GET https://compute.googleapis.com/compute/v1/projects/126482806042 403

winston:file: logged 1211934 [debug] [2026-06-08T20:39:06.315Z] <<< [apiv2][body] GET https://compute.googleapis.com/compute/v1/projects/126482806042 {"error":{"code":403,"message":"Compute Engine API has not been used in project 126482806042 before or it is disabled. Enable it by visiting https://console.developers.google.com/apis/api/compute.googleapis.com/overview?project=126482806042 then retry. If you enabled this API recently, wait a few minutes for the action to propagate to our systems and retry.","errors":[{"message":"Compute Engine API has not been used in project 126482806042 before or it is disabled. Enable it by visiting https://console.developers.google.com/apis/api/compute.googleapis.com/overview?project=126482806042 then retry. If you enabled this API recently, wait a few minutes for the action to propagate to our systems and retry.","domain":"usageLimits","reason":"accessNotConfigured","extendedHelp":"https://console.developers.google.com"}],"status":"PERMISSION_DENIED","details":[{"@type":"type.googleapis.com/google.rpc.ErrorInfo","reason":"SERVICE_DISABLED","domain":"googleapis.com","metadata":{"activationUrl":"https://console.developers.google.com/apis/api/compute.googleapis.com/overview?project=126482806042","consumer":"projects/126482806042","containerInfo":"126482806042","service":"compute.googleapis.com","serviceTitle":"Compute Engine API"}},{"@type":"type.googleapis.com/google.rpc.LocalizedMessage","locale":"en-US","message":"Compute Engine API has not been used in project 126482806042 before or it is disabled. Enable it by visiting https://console.developers.google.com/apis/api/compute.googleapis.com/overview?project=126482806042 then retry. If you enabled this API recently, wait a few minutes for the action to propagate to our systems and retry."},{"@type":"type.googleapis.com/google.rpc.Help","links":[{"description":"Google developers console API activation","url":"https://console.developers.google.com/apis/api/compute.googleapis.com/overview?project=126482806042"}]}]}}

winston:file: logged 1214524 [debug] [2026-06-08T20:39:06.316Z] unable to look up default compute service account. Falling back to 126482806042-compute@developer.gserviceaccount.com. Error: {"name":"FirebaseError","children":[],"context":{"body":{"error":{"code":403,"message":"Compute Engine API has not been used in project 126482806042 before or it is disabled. Enable it by visiting https://console.developers.google.com/apis/api/compute.googleapis.com/overview?project=126482806042 then retry. If you enabled this API recently, wait a few minutes for the action to propagate to our systems and retry.","errors":[{"message":"Compute Engine API has not been used in project 126482806042 before or it is disabled. Enable it by visiting https://console.developers.google.com/apis/api/compute.googleapis.com/overview?project=126482806042 then retry. If you enabled this API recently, wait a few minutes for the action to propagate to our systems and retry.","domain":"usageLimits","reason":"accessNotConfigured","extendedHelp":"https://console.developers.google.com"}],"status":"PERMISSION_DENIED","details":[{"@type":"type.googleapis.com/google.rpc.ErrorInfo","reason":"SERVICE_DISABLED","domain":"googleapis.com","metadata":{"activationUrl":"https://console.developers.google.com/apis/api/compute.googleapis.com/overview?project=126482806042","consumer":"projects/126482806042","containerInfo":"126482806042","service":"compute.googleapis.com","serviceTitle":"Compute Engine API"}},{"@type":"type.googleapis.com/google.rpc.LocalizedMessage","locale":"en-US","message":"Compute Engine API has not been used in project 126482806042 before or it is disabled. Enable it by visiting https://console.developers.google.com/apis/api/compute.googleapis.com/overview?project=126482806042 then retry. If you enabled this API recently, wait a few minutes for the action to propagate to our systems and retry."},{"@type":"type.googleapis.com/google.rpc.Help","links":[{"description":"Google developers console API activation","url":"https://console.developers.google.com/apis/api/compute.googleapis.com/overview?project=126482806042"}]}]}},"response":{"statusCode":403}},"exit":1,"message":"Request to https://compute.googleapis.com/compute/v1/projects/126482806042 had HTTP Error: 403, Compute Engine API has not been used in project 126482806042 before or it is disabled. Enable it by visiting https://console.developers.google.com/apis/api/compute.googleapis.com/overview?project=126482806042 then retry. If you enabled this API recently, wait a few minutes for the action to propagate to our systems and retry.","status":403}

winston:file: logged 1214620 [debug] [2026-06-08T20:39:06.316Z] Checked if tokens are valid: true, expires at: 1780953737220

winston:file: logged 1214716 [debug] [2026-06-08T20:39:06.316Z] Checked if tokens are valid: true, expires at: 1780953737220

winston:file: logged 1214845 [debug] [2026-06-08T20:39:06.316Z] >>> [apiv2][query] GET https://compute.googleapis.com/compute/v1/projects/126482806042 [none]

winston:file: written true false
[2026-06-08T20:39:06.442Z] <<< [apiv2][status] GET https://compute.googleapis.com/compute/v1/projects/126482806042 403
winston:file: written true false
[2026-06-08T20:39:06.442Z] <<< [apiv2][body] GET https://compute.googleapis.com/compute/v1/projects/126482806042 {"error":{"code":403,"message":"Compute Engine API has not been used in project 126482806042 before or it is disabled. Enable it by visiting https://console.developers.google.com/apis/api/compute.googleapis.com/overview?project=126482806042 then retry. If you enabled this API recently, wait a few minutes for the action to propagate to our systems and retry.","errors":[{"message":"Compute Engine API has not been used in project 126482806042 before or it is disabled. Enable it by visiting https://console.developers.google.com/apis/api/compute.googleapis.com/overview?project=126482806042 then retry. If you enabled this API recently, wait a few minutes for the action to propagate to our systems and retry.","domain":"usageLimits","reason":"accessNotConfigured","extendedHelp":"https://console.developers.google.com"}],"status":"PERMISSION_DENIED","details":[{"@type":"type.googleapis.com/google.rpc.ErrorInfo","reason":"SERVICE_DISABLED","domain":"googleapis.com","metadata":{"activationUrl":"https://console.developers.google.com/apis/api/compute.googleapis.com/overview?project=126482806042","consumer":"projects/126482806042","serviceTitle":"Compute Engine API","service":"compute.googleapis.com","containerInfo":"126482806042"}},{"@type":"type.googleapis.com/google.rpc.LocalizedMessage","locale":"en-US","message":"Compute Engine API has not been used in project 126482806042 before or it is disabled. Enable it by visiting https://console.developers.google.com/apis/api/compute.googleapis.com/overview?project=126482806042 then retry. If you enabled this API recently, wait a few minutes for the action to propagate to our systems and retry."},{"@type":"type.googleapis.com/google.rpc.Help","links":[{"description":"Google developers console API activation","url":"https://console.developers.google.com/apis/api/compute.googleapis.com/overview?project=126482806042"}]}]}}
winston:file: written true false
[2026-06-08T20:39:06.442Z] unable to look up default compute service account. Falling back to 126482806042-compute@developer.gserviceaccount.com. Error: {"name":"FirebaseError","children":[],"context":{"body":{"error":{"code":403,"message":"Compute Engine API has not been used in project 126482806042 before or it is disabled. Enable it by visiting https://console.developers.google.com/apis/api/compute.googleapis.com/overview?project=126482806042 then retry. If you enabled this API recently, wait a few minutes for the action to propagate to our systems and retry.","errors":[{"message":"Compute Engine API has not been used in project 126482806042 before or it is disabled. Enable it by visiting https://console.developers.google.com/apis/api/compute.googleapis.com/overview?project=126482806042 then retry. If you enabled this API recently, wait a few minutes for the action to propagate to our systems and retry.","domain":"usageLimits","reason":"accessNotConfigured","extendedHelp":"https://console.developers.google.com"}],"status":"PERMISSION_DENIED","details":[{"@type":"type.googleapis.com/google.rpc.ErrorInfo","reason":"SERVICE_DISABLED","domain":"googleapis.com","metadata":{"activationUrl":"https://console.developers.google.com/apis/api/compute.googleapis.com/overview?project=126482806042","consumer":"projects/126482806042","serviceTitle":"Compute Engine API","service":"compute.googleapis.com","containerInfo":"126482806042"}},{"@type":"type.googleapis.com/google.rpc.LocalizedMessage","locale":"en-US","message":"Compute Engine API has not been used in project 126482806042 before or it is disabled. Enable it by visiting https://console.developers.google.com/apis/api/compute.googleapis.com/overview?project=126482806042 then retry. If you enabled this API recently, wait a few minutes for the action to propagate to our systems and retry."},{"@type":"type.googleapis.com/google.rpc.Help","links":[{"description":"Google developers console API activation","url":"https://console.developers.google.com/apis/api/compute.googleapis.com/overview?project=126482806042"}]}]}},"response":{"statusCode":403}},"exit":1,"message":"Request to https://compute.googleapis.com/compute/v1/projects/126482806042 had HTTP Error: 403, Compute Engine API has not been used in project 126482806042 before or it is disabled. Enable it by visiting https://console.developers.google.com/apis/api/compute.googleapis.com/overview?project=126482806042 then retry. If you enabled this API recently, wait a few minutes for the action to propagate to our systems and retry.","status":403}
winston:file: written true false
[2026-06-08T20:39:06.442Z] Checked if tokens are valid: true, expires at: 1780953737220
winston:file: written true false
[2026-06-08T20:39:06.442Z] Checked if tokens are valid: true, expires at: 1780953737220
winston:file: written true false
[2026-06-08T20:39:06.442Z] >>> [apiv2][query] GET https://compute.googleapis.com/compute/v1/projects/126482806042 [none]
winston:file: logged 1214972 [debug] [2026-06-08T20:39:06.442Z] <<< [apiv2][status] GET https://compute.googleapis.com/compute/v1/projects/126482806042 403

winston:file: logged 1216976 [debug] [2026-06-08T20:39:06.442Z] <<< [apiv2][body] GET https://compute.googleapis.com/compute/v1/projects/126482806042 {"error":{"code":403,"message":"Compute Engine API has not been used in project 126482806042 before or it is disabled. Enable it by visiting https://console.developers.google.com/apis/api/compute.googleapis.com/overview?project=126482806042 then retry. If you enabled this API recently, wait a few minutes for the action to propagate to our systems and retry.","errors":[{"message":"Compute Engine API has not been used in project 126482806042 before or it is disabled. Enable it by visiting https://console.developers.google.com/apis/api/compute.googleapis.com/overview?project=126482806042 then retry. If you enabled this API recently, wait a few minutes for the action to propagate to our systems and retry.","domain":"usageLimits","reason":"accessNotConfigured","extendedHelp":"https://console.developers.google.com"}],"status":"PERMISSION_DENIED","details":[{"@type":"type.googleapis.com/google.rpc.ErrorInfo","reason":"SERVICE_DISABLED","domain":"googleapis.com","metadata":{"activationUrl":"https://console.developers.google.com/apis/api/compute.googleapis.com/overview?project=126482806042","consumer":"projects/126482806042","serviceTitle":"Compute Engine API","service":"compute.googleapis.com","containerInfo":"126482806042"}},{"@type":"type.googleapis.com/google.rpc.LocalizedMessage","locale":"en-US","message":"Compute Engine API has not been used in project 126482806042 before or it is disabled. Enable it by visiting https://console.developers.google.com/apis/api/compute.googleapis.com/overview?project=126482806042 then retry. If you enabled this API recently, wait a few minutes for the action to propagate to our systems and retry."},{"@type":"type.googleapis.com/google.rpc.Help","links":[{"description":"Google developers console API activation","url":"https://console.developers.google.com/apis/api/compute.googleapis.com/overview?project=126482806042"}]}]}}

winston:file: logged 1219566 [debug] [2026-06-08T20:39:06.442Z] unable to look up default compute service account. Falling back to 126482806042-compute@developer.gserviceaccount.com. Error: {"name":"FirebaseError","children":[],"context":{"body":{"error":{"code":403,"message":"Compute Engine API has not been used in project 126482806042 before or it is disabled. Enable it by visiting https://console.developers.google.com/apis/api/compute.googleapis.com/overview?project=126482806042 then retry. If you enabled this API recently, wait a few minutes for the action to propagate to our systems and retry.","errors":[{"message":"Compute Engine API has not been used in project 126482806042 before or it is disabled. Enable it by visiting https://console.developers.google.com/apis/api/compute.googleapis.com/overview?project=126482806042 then retry. If you enabled this API recently, wait a few minutes for the action to propagate to our systems and retry.","domain":"usageLimits","reason":"accessNotConfigured","extendedHelp":"https://console.developers.google.com"}],"status":"PERMISSION_DENIED","details":[{"@type":"type.googleapis.com/google.rpc.ErrorInfo","reason":"SERVICE_DISABLED","domain":"googleapis.com","metadata":{"activationUrl":"https://console.developers.google.com/apis/api/compute.googleapis.com/overview?project=126482806042","consumer":"projects/126482806042","serviceTitle":"Compute Engine API","service":"compute.googleapis.com","containerInfo":"126482806042"}},{"@type":"type.googleapis.com/google.rpc.LocalizedMessage","locale":"en-US","message":"Compute Engine API has not been used in project 126482806042 before or it is disabled. Enable it by visiting https://console.developers.google.com/apis/api/compute.googleapis.com/overview?project=126482806042 then retry. If you enabled this API recently, wait a few minutes for the action to propagate to our systems and retry."},{"@type":"type.googleapis.com/google.rpc.Help","links":[{"description":"Google developers console API activation","url":"https://console.developers.google.com/apis/api/compute.googleapis.com/overview?project=126482806042"}]}]}},"response":{"statusCode":403}},"exit":1,"message":"Request to https://compute.googleapis.com/compute/v1/projects/126482806042 had HTTP Error: 403, Compute Engine API has not been used in project 126482806042 before or it is disabled. Enable it by visiting https://console.developers.google.com/apis/api/compute.googleapis.com/overview?project=126482806042 then retry. If you enabled this API recently, wait a few minutes for the action to propagate to our systems and retry.","status":403}

winston:file: logged 1219662 [debug] [2026-06-08T20:39:06.442Z] Checked if tokens are valid: true, expires at: 1780953737220

winston:file: logged 1219758 [debug] [2026-06-08T20:39:06.442Z] Checked if tokens are valid: true, expires at: 1780953737220

winston:file: logged 1219887 [debug] [2026-06-08T20:39:06.442Z] >>> [apiv2][query] GET https://compute.googleapis.com/compute/v1/projects/126482806042 [none]

winston:file: written true false
[2026-06-08T20:39:06.579Z] <<< [apiv2][status] GET https://compute.googleapis.com/compute/v1/projects/126482806042 403
winston:file: written true false
[2026-06-08T20:39:06.579Z] <<< [apiv2][body] GET https://compute.googleapis.com/compute/v1/projects/126482806042 {"error":{"code":403,"message":"Compute Engine API has not been used in project 126482806042 before or it is disabled. Enable it by visiting https://console.developers.google.com/apis/api/compute.googleapis.com/overview?project=126482806042 then retry. If you enabled this API recently, wait a few minutes for the action to propagate to our systems and retry.","errors":[{"message":"Compute Engine API has not been used in project 126482806042 before or it is disabled. Enable it by visiting https://console.developers.google.com/apis/api/compute.googleapis.com/overview?project=126482806042 then retry. If you enabled this API recently, wait a few minutes for the action to propagate to our systems and retry.","domain":"usageLimits","reason":"accessNotConfigured","extendedHelp":"https://console.developers.google.com"}],"status":"PERMISSION_DENIED","details":[{"@type":"type.googleapis.com/google.rpc.ErrorInfo","reason":"SERVICE_DISABLED","domain":"googleapis.com","metadata":{"serviceTitle":"Compute Engine API","containerInfo":"126482806042","activationUrl":"https://console.developers.google.com/apis/api/compute.googleapis.com/overview?project=126482806042","service":"compute.googleapis.com","consumer":"projects/126482806042"}},{"@type":"type.googleapis.com/google.rpc.LocalizedMessage","locale":"en-US","message":"Compute Engine API has not been used in project 126482806042 before or it is disabled. Enable it by visiting https://console.developers.google.com/apis/api/compute.googleapis.com/overview?project=126482806042 then retry. If you enabled this API recently, wait a few minutes for the action to propagate to our systems and retry."},{"@type":"type.googleapis.com/google.rpc.Help","links":[{"description":"Google developers console API activation","url":"https://console.developers.google.com/apis/api/compute.googleapis.com/overview?project=126482806042"}]}]}}
winston:file: written true false
[2026-06-08T20:39:06.579Z] unable to look up default compute service account. Falling back to 126482806042-compute@developer.gserviceaccount.com. Error: {"name":"FirebaseError","children":[],"context":{"body":{"error":{"code":403,"message":"Compute Engine API has not been used in project 126482806042 before or it is disabled. Enable it by visiting https://console.developers.google.com/apis/api/compute.googleapis.com/overview?project=126482806042 then retry. If you enabled this API recently, wait a few minutes for the action to propagate to our systems and retry.","errors":[{"message":"Compute Engine API has not been used in project 126482806042 before or it is disabled. Enable it by visiting https://console.developers.google.com/apis/api/compute.googleapis.com/overview?project=126482806042 then retry. If you enabled this API recently, wait a few minutes for the action to propagate to our systems and retry.","domain":"usageLimits","reason":"accessNotConfigured","extendedHelp":"https://console.developers.google.com"}],"status":"PERMISSION_DENIED","details":[{"@type":"type.googleapis.com/google.rpc.ErrorInfo","reason":"SERVICE_DISABLED","domain":"googleapis.com","metadata":{"serviceTitle":"Compute Engine API","containerInfo":"126482806042","activationUrl":"https://console.developers.google.com/apis/api/compute.googleapis.com/overview?project=126482806042","service":"compute.googleapis.com","consumer":"projects/126482806042"}},{"@type":"type.googleapis.com/google.rpc.LocalizedMessage","locale":"en-US","message":"Compute Engine API has not been used in project 126482806042 before or it is disabled. Enable it by visiting https://console.developers.google.com/apis/api/compute.googleapis.com/overview?project=126482806042 then retry. If you enabled this API recently, wait a few minutes for the action to propagate to our systems and retry."},{"@type":"type.googleapis.com/google.rpc.Help","links":[{"description":"Google developers console API activation","url":"https://console.developers.google.com/apis/api/compute.googleapis.com/overview?project=126482806042"}]}]}},"response":{"statusCode":403}},"exit":1,"message":"Request to https://compute.googleapis.com/compute/v1/projects/126482806042 had HTTP Error: 403, Compute Engine API has not been used in project 126482806042 before or it is disabled. Enable it by visiting https://console.developers.google.com/apis/api/compute.googleapis.com/overview?project=126482806042 then retry. If you enabled this API recently, wait a few minutes for the action to propagate to our systems and retry.","status":403}
winston:file: written true false
[2026-06-08T20:39:06.582Z] Checked if tokens are valid: true, expires at: 1780953737220
winston:file: written true false
[2026-06-08T20:39:06.582Z] Checked if tokens are valid: true, expires at: 1780953737220
winston:file: written true false
[2026-06-08T20:39:06.582Z] >>> [apiv2][query] GET https://cloudbilling.googleapis.com/v1/projects/mi-catalogo-de61a/billingInfo [none]
winston:file: logged 1220014 [debug] [2026-06-08T20:39:06.579Z] <<< [apiv2][status] GET https://compute.googleapis.com/compute/v1/projects/126482806042 403

winston:file: logged 1222018 [debug] [2026-06-08T20:39:06.579Z] <<< [apiv2][body] GET https://compute.googleapis.com/compute/v1/projects/126482806042 {"error":{"code":403,"message":"Compute Engine API has not been used in project 126482806042 before or it is disabled. Enable it by visiting https://console.developers.google.com/apis/api/compute.googleapis.com/overview?project=126482806042 then retry. If you enabled this API recently, wait a few minutes for the action to propagate to our systems and retry.","errors":[{"message":"Compute Engine API has not been used in project 126482806042 before or it is disabled. Enable it by visiting https://console.developers.google.com/apis/api/compute.googleapis.com/overview?project=126482806042 then retry. If you enabled this API recently, wait a few minutes for the action to propagate to our systems and retry.","domain":"usageLimits","reason":"accessNotConfigured","extendedHelp":"https://console.developers.google.com"}],"status":"PERMISSION_DENIED","details":[{"@type":"type.googleapis.com/google.rpc.ErrorInfo","reason":"SERVICE_DISABLED","domain":"googleapis.com","metadata":{"serviceTitle":"Compute Engine API","containerInfo":"126482806042","activationUrl":"https://console.developers.google.com/apis/api/compute.googleapis.com/overview?project=126482806042","service":"compute.googleapis.com","consumer":"projects/126482806042"}},{"@type":"type.googleapis.com/google.rpc.LocalizedMessage","locale":"en-US","message":"Compute Engine API has not been used in project 126482806042 before or it is disabled. Enable it by visiting https://console.developers.google.com/apis/api/compute.googleapis.com/overview?project=126482806042 then retry. If you enabled this API recently, wait a few minutes for the action to propagate to our systems and retry."},{"@type":"type.googleapis.com/google.rpc.Help","links":[{"description":"Google developers console API activation","url":"https://console.developers.google.com/apis/api/compute.googleapis.com/overview?project=126482806042"}]}]}}

winston:file: logged 1224608 [debug] [2026-06-08T20:39:06.579Z] unable to look up default compute service account. Falling back to 126482806042-compute@developer.gserviceaccount.com. Error: {"name":"FirebaseError","children":[],"context":{"body":{"error":{"code":403,"message":"Compute Engine API has not been used in project 126482806042 before or it is disabled. Enable it by visiting https://console.developers.google.com/apis/api/compute.googleapis.com/overview?project=126482806042 then retry. If you enabled this API recently, wait a few minutes for the action to propagate to our systems and retry.","errors":[{"message":"Compute Engine API has not been used in project 126482806042 before or it is disabled. Enable it by visiting https://console.developers.google.com/apis/api/compute.googleapis.com/overview?project=126482806042 then retry. If you enabled this API recently, wait a few minutes for the action to propagate to our systems and retry.","domain":"usageLimits","reason":"accessNotConfigured","extendedHelp":"https://console.developers.google.com"}],"status":"PERMISSION_DENIED","details":[{"@type":"type.googleapis.com/google.rpc.ErrorInfo","reason":"SERVICE_DISABLED","domain":"googleapis.com","metadata":{"serviceTitle":"Compute Engine API","containerInfo":"126482806042","activationUrl":"https://console.developers.google.com/apis/api/compute.googleapis.com/overview?project=126482806042","service":"compute.googleapis.com","consumer":"projects/126482806042"}},{"@type":"type.googleapis.com/google.rpc.LocalizedMessage","locale":"en-US","message":"Compute Engine API has not been used in project 126482806042 before or it is disabled. Enable it by visiting https://console.developers.google.com/apis/api/compute.googleapis.com/overview?project=126482806042 then retry. If you enabled this API recently, wait a few minutes for the action to propagate to our systems and retry."},{"@type":"type.googleapis.com/google.rpc.Help","links":[{"description":"Google developers console API activation","url":"https://console.developers.google.com/apis/api/compute.googleapis.com/overview?project=126482806042"}]}]}},"response":{"statusCode":403}},"exit":1,"message":"Request to https://compute.googleapis.com/compute/v1/projects/126482806042 had HTTP Error: 403, Compute Engine API has not been used in project 126482806042 before or it is disabled. Enable it by visiting https://console.developers.google.com/apis/api/compute.googleapis.com/overview?project=126482806042 then retry. If you enabled this API recently, wait a few minutes for the action to propagate to our systems and retry.","status":403}

winston:file: logged 1224704 [debug] [2026-06-08T20:39:06.582Z] Checked if tokens are valid: true, expires at: 1780953737220

winston:file: logged 1224800 [debug] [2026-06-08T20:39:06.582Z] Checked if tokens are valid: true, expires at: 1780953737220

winston:file: logged 1224943 [debug] [2026-06-08T20:39:06.582Z] >>> [apiv2][query] GET https://cloudbilling.googleapis.com/v1/projects/mi-catalogo-de61a/billingInfo [none]

winston:file: written true false
[2026-06-08T20:39:06.876Z] <<< [apiv2][status] GET https://cloudbilling.googleapis.com/v1/projects/mi-catalogo-de61a/billingInfo 200
winston:file: written true false
[2026-06-08T20:39:06.876Z] <<< [apiv2][body] GET https://cloudbilling.googleapis.com/v1/projects/mi-catalogo-de61a/billingInfo {"name":"projects/mi-catalogo-de61a/billingInfo","projectId":"mi-catalogo-de61a","billingAccountName":"billingAccounts/0185BC-94B5B6-B926E2","billingEnabled":true}
winston:file: written true false
[2026-06-08T20:39:06.879Z] Checked if tokens are valid: true, expires at: 1780953737220
winston:file: written true false
[2026-06-08T20:39:06.879Z] Checked if tokens are valid: true, expires at: 1780953737220
winston:file: written true false
[2026-06-08T20:39:06.879Z] >>> [apiv2][query] POST https://cloudfunctions.googleapis.com/v2/projects/mi-catalogo-de61a/locations/us-central1/functions:generateUploadUrl [none]
winston:file: logged 1225084 [debug] [2026-06-08T20:39:06.876Z] <<< [apiv2][status] GET https://cloudbilling.googleapis.com/v1/projects/mi-catalogo-de61a/billingInfo 200

winston:file: logged 1225383 [debug] [2026-06-08T20:39:06.876Z] <<< [apiv2][body] GET https://cloudbilling.googleapis.com/v1/projects/mi-catalogo-de61a/billingInfo {"name":"projects/mi-catalogo-de61a/billingInfo","projectId":"mi-catalogo-de61a","billingAccountName":"billingAccounts/0185BC-94B5B6-B926E2","billingEnabled":true}

winston:file: logged 1225479 [debug] [2026-06-08T20:39:06.879Z] Checked if tokens are valid: true, expires at: 1780953737220

winston:file: logged 1225575 [debug] [2026-06-08T20:39:06.879Z] Checked if tokens are valid: true, expires at: 1780953737220

winston:file: logged 1225759 [debug] [2026-06-08T20:39:06.879Z] >>> [apiv2][query] POST https://cloudfunctions.googleapis.com/v2/projects/mi-catalogo-de61a/locations/us-central1/functions:generateUploadUrl [none]

winston:file: written true false
[2026-06-08T20:39:07.397Z] <<< [apiv2][status] POST https://cloudfunctions.googleapis.com/v2/projects/mi-catalogo-de61a/locations/us-central1/functions:generateUploadUrl 200
winston:file: written true false
[2026-06-08T20:39:07.397Z] <<< [apiv2][body] POST https://cloudfunctions.googleapis.com/v2/projects/mi-catalogo-de61a/locations/us-central1/functions:generateUploadUrl {"uploadUrl":"https://storage.googleapis.com/gcf-v2-uploads-126482806042.us-central1.cloudfunctions.appspot.com/86106eb6-1018-4e7f-8f99-28d4ff6a7397.zip?GoogleAccessId=service-126482806042@gcf-admin-robot.iam.gserviceaccount.com&Expires=1780952947&Signature=KRv%2BHwVL0vDLgVKMl52kgqlEb%2BFr%2BiG%2BuOHT%2BHFe15e2G3iIXBFzOY39yjYtiGPEkypbllgM2IJtywvLEITCvQruuatcv2C%2BtoAkeLmQCMllG8DK56YLjwWXLkZgTUftXNAcKxP46Ina6g0%2F0DgxvJRMUcwxsDL2bVT96P7q6IIYU0jnfWjIgPwnPMbM%2FFaSQ9dcPmhlJfXqSDPxagOpmAKZ7pQEixeZ%2FZVY%2BEmeF%2Fq%2F6dVo02LYVHs3AN69ODRM%2BC%2BPK6qzor%2BlfB3SdYJ5NkZRLuaqyKpS%2FDzBRd9G7Jk%2Bj7meWfsw%2Bj3XzW72BKe2gFoOXzD8%2FNM2l2Uf%2FT4F0g%3D%3D","storageSource":{"bucket":"gcf-v2-uploads-126482806042.us-central1.cloudfunctions.appspot.com","object":"86106eb6-1018-4e7f-8f99-28d4ff6a7397.zip"}}
winston:file: written true false
[2026-06-08T20:39:07.399Z] >>> [apiv2][query] PUT https://storage.googleapis.com/gcf-v2-uploads-126482806042.us-central1.cloudfunctions.appspot.com/86106eb6-1018-4e7f-8f99-28d4ff6a7397.zip GoogleAccessId=service-126482806042%40gcf-admin-robot.iam.gserviceaccount.com&Expires=1780952947&Signature=KRv%2BHwVL0vDLgVKMl52kgqlEb%2BFr%2BiG%2BuOHT%2BHFe15e2G3iIXBFzOY39yjYtiGPEkypbllgM2IJtywvLEITCvQruuatcv2C%2BtoAkeLmQCMllG8DK56YLjwWXLkZgTUftXNAcKxP46Ina6g0%2F0DgxvJRMUcwxsDL2bVT96P7q6IIYU0jnfWjIgPwnPMbM%2FFaSQ9dcPmhlJfXqSDPxagOpmAKZ7pQEixeZ%2FZVY%2BEmeF%2Fq%2F6dVo02LYVHs3AN69ODRM%2BC%2BPK6qzor%2BlfB3SdYJ5NkZRLuaqyKpS%2FDzBRd9G7Jk%2Bj7meWfsw%2Bj3XzW72BKe2gFoOXzD8%2FNM2l2Uf%2FT4F0g%3D%3D
winston:file: written true false
[2026-06-08T20:39:07.399Z] >>> [apiv2][body] PUT https://storage.googleapis.com/gcf-v2-uploads-126482806042.us-central1.cloudfunctions.appspot.com/86106eb6-1018-4e7f-8f99-28d4ff6a7397.zip [stream]
winston:file: logged 1225941 [debug] [2026-06-08T20:39:07.397Z] <<< [apiv2][status] POST https://cloudfunctions.googleapis.com/v2/projects/mi-catalogo-de61a/locations/us-central1/functions:generateUploadUrl 200

winston:file: logged 1226914 [debug] [2026-06-08T20:39:07.397Z] <<< [apiv2][body] POST https://cloudfunctions.googleapis.com/v2/projects/mi-catalogo-de61a/locations/us-central1/functions:generateUploadUrl {"uploadUrl":"https://storage.googleapis.com/gcf-v2-uploads-126482806042.us-central1.cloudfunctions.appspot.com/86106eb6-1018-4e7f-8f99-28d4ff6a7397.zip?GoogleAccessId=service-126482806042@gcf-admin-robot.iam.gserviceaccount.com&Expires=1780952947&Signature=KRv%2BHwVL0vDLgVKMl52kgqlEb%2BFr%2BiG%2BuOHT%2BHFe15e2G3iIXBFzOY39yjYtiGPEkypbllgM2IJtywvLEITCvQruuatcv2C%2BtoAkeLmQCMllG8DK56YLjwWXLkZgTUftXNAcKxP46Ina6g0%2F0DgxvJRMUcwxsDL2bVT96P7q6IIYU0jnfWjIgPwnPMbM%2FFaSQ9dcPmhlJfXqSDPxagOpmAKZ7pQEixeZ%2FZVY%2BEmeF%2Fq%2F6dVo02LYVHs3AN69ODRM%2BC%2BPK6qzor%2BlfB3SdYJ5NkZRLuaqyKpS%2FDzBRd9G7Jk%2Bj7meWfsw%2Bj3XzW72BKe2gFoOXzD8%2FNM2l2Uf%2FT4F0g%3D%3D","storageSource":{"bucket":"gcf-v2-uploads-126482806042.us-central1.cloudfunctions.appspot.com","object":"86106eb6-1018-4e7f-8f99-28d4ff6a7397.zip"}}

winston:file: logged 1227607 [debug] [2026-06-08T20:39:07.399Z] >>> [apiv2][query] PUT https://storage.googleapis.com/gcf-v2-uploads-126482806042.us-central1.cloudfunctions.appspot.com/86106eb6-1018-4e7f-8f99-28d4ff6a7397.zip GoogleAccessId=service-126482806042%40gcf-admin-robot.iam.gserviceaccount.com&Expires=1780952947&Signature=KRv%2BHwVL0vDLgVKMl52kgqlEb%2BFr%2BiG%2BuOHT%2BHFe15e2G3iIXBFzOY39yjYtiGPEkypbllgM2IJtywvLEITCvQruuatcv2C%2BtoAkeLmQCMllG8DK56YLjwWXLkZgTUftXNAcKxP46Ina6g0%2F0DgxvJRMUcwxsDL2bVT96P7q6IIYU0jnfWjIgPwnPMbM%2FFaSQ9dcPmhlJfXqSDPxagOpmAKZ7pQEixeZ%2FZVY%2BEmeF%2Fq%2F6dVo02LYVHs3AN69ODRM%2BC%2BPK6qzor%2BlfB3SdYJ5NkZRLuaqyKpS%2FDzBRd9G7Jk%2Bj7meWfsw%2Bj3XzW72BKe2gFoOXzD8%2FNM2l2Uf%2FT4F0g%3D%3D

winston:file: logged 1227812 [debug] [2026-06-08T20:39:07.399Z] >>> [apiv2][body] PUT https://storage.googleapis.com/gcf-v2-uploads-126482806042.us-central1.cloudfunctions.appspot.com/86106eb6-1018-4e7f-8f99-28d4ff6a7397.zip [stream]

winston:file: written true false
[2026-06-08T20:39:08.319Z] <<< [apiv2][status] PUT https://storage.googleapis.com/gcf-v2-uploads-126482806042.us-central1.cloudfunctions.appspot.com/86106eb6-1018-4e7f-8f99-28d4ff6a7397.zip 200
winston:file: written true false
[2026-06-08T20:39:08.320Z] <<< [apiv2][body] PUT https://storage.googleapis.com/gcf-v2-uploads-126482806042.us-central1.cloudfunctions.appspot.com/86106eb6-1018-4e7f-8f99-28d4ff6a7397.zip [omitted]
winston:file: written true false
✔  functions: functions source uploaded successfully 
winston:file: written true false
i  functions: Skipping the deploy of unchanged functions. 
winston:file: written true false
✔  functions[mcBillingAddCard(us-central1)] Skipped (No changes detected) 
winston:file: written true false
✔  functions[mcBillingAddNequi(us-central1)] Skipped (No changes detected) 
winston:file: written true false
✔  functions[mcBillingCancelAutoRenewCallable(us-central1)] Skipped (No changes detected) 
winston:file: written true false
✔  functions[mcBillingCheckNequiReady(us-central1)] Skipped (No changes detected) 
winston:file: written true false
✔  functions[mcBillingCompleteActivation(us-central1)] Skipped (No changes detected) 
winston:file: written true false
✔  functions[mcBillingCron(us-central1)] Skipped (No changes detected) 
winston:file: written true false
✔  functions[mcBillingEnsureCustomer(us-central1)] Skipped (No changes detected) 
winston:file: written true false
✔  functions[mcBillingGetSdkContext(us-central1)] Skipped (No changes detected) 
winston:file: written true false
✔  functions[mcBillingGetSubscriptionState(us-central1)] Skipped (No changes detected) 
winston:file: written true false
✔  functions[mcBillingListNequiBanks(us-central1)] Skipped (No changes detected) 
winston:file: written true false
✔  functions[mcBillingListPaymentHistoryCallable(us-central1)] Skipped (No changes detected) 
winston:file: written true false
✔  functions[mcBillingPaymentMethods(us-central1)] Skipped (No changes detected) 
winston:file: written true false
✔  functions[mcBillingSetDefaultPaymentMethod(us-central1)] Skipped (No changes detected) 
winston:file: written true false
✔  functions[mcBillingValidateDiscountCode(us-central1)] Skipped (No changes detected) 
winston:file: written true false
✔  functions[mcBillingValidateNequi(us-central1)] Skipped (No changes detected) 
winston:file: written true false
✔  functions[mcCatalogOrderTracking(us-central1)] Skipped (No changes detected) 
winston:file: written true false
✔  functions[mcCreateSalesRep(us-central1)] Skipped (No changes detected) 
winston:file: written true false
✔  functions[mcFinalizeNewStoreOnboarding(us-central1)] Skipped (No changes detected) 
winston:file: written true false
✔  functions[mcOnTenantCreatedNotify(us-central1)] Skipped (No changes detected) 
winston:file: written true false
✔  functions[mcOnepayCatalogWebhook(us-central1)] Skipped (No changes detected) 
winston:file: written true false
✔  functions[mcOnepayCheckoutStatus(us-central1)] Skipped (No changes detected) 
winston:file: written true false
✔  functions[mcOnepayLinkMerchant(us-central1)] Skipped (No changes detected) 
winston:file: written true false
✔  functions[mcOnepayLinkPlatformPasarela(us-central1)] Skipped (No changes detected) 
winston:file: written true false
✔  functions[mcOnepayListBanksForKyb(us-central1)] Skipped (No changes detected) 
winston:file: written true false
✔  functions[mcOnepayListCitiesForKyb(us-central1)] Skipped (No changes detected) 
winston:file: written true false
✔  functions[mcOnepayListStatesForKyb(us-central1)] Skipped (No changes detected) 
winston:file: written true false
✔  functions[mcOnepayMerchantBalance(us-central1)] Skipped (No changes detected) 
winston:file: written true false
✔  functions[mcOnepayMerchantPayments(us-central1)] Skipped (No changes detected) 
winston:file: written true false
✔  functions[mcOnepayMicatalogoRequestCashout(us-central1)] Skipped (No changes detected) 
winston:file: written true false
✔  functions[mcOnepayMicatalogoSetupPayout(us-central1)] Skipped (No changes detected) 
winston:file: written true false
✔  functions[mcOnepaySellerSaldoSummary(us-central1)] Skipped (No changes detected) 
winston:file: written true false
✔  functions[mcOnepaySetPlatformWebhookSecret(us-central1)] Skipped (No changes detected) 
winston:file: written true false
✔  functions[mcOnepaySetWebhookSecret(us-central1)] Skipped (No changes detected) 
winston:file: written true false
✔  functions[mcOnepayStartCatalogCheckout(us-central1)] Skipped (No changes detected) 
winston:file: written true false
✔  functions[mcOnepaySubmitCompanyKyb(us-central1)] Skipped (No changes detected) 
winston:file: written true false
✔  functions[mcOnepayUnlinkMerchant(us-central1)] Skipped (No changes detected) 
winston:file: written true false
✔  functions[mcOnepayUnlinkPlatformPasarela(us-central1)] Skipped (No changes detected) 
winston:file: written true false
✔  functions[mcQuoteEnvioCheckout(us-central1)] Skipped (No changes detected) 
winston:file: written true false
✔  functions[mcRecordStoreAnalytics(us-central1)] Skipped (No changes detected) 
winston:file: written true false
✔  functions[mcSendCarritoRecuperacionEmail(us-central1)] Skipped (No changes detected) 
winston:file: written true false
✔  functions[mcSendEmailVerification(us-central1)] Skipped (No changes detected) 
winston:file: written true false
✔  functions[mcSetSalesRepActive(us-central1)] Skipped (No changes detected) 
winston:file: written true false
✔  functions[mcStartStoreImpersonation(us-central1)] Skipped (No changes detected) 
winston:file: written true false
✔  functions[mcStopStoreImpersonation(us-central1)] Skipped (No changes detected) 
winston:file: written true false
i  functions: updating Node.js 22 (2nd Gen) function mcAdminCreateStore(us-central1)... 
winston:file: written true false
[2026-06-08T20:39:08.332Z] Checked if tokens are valid: true, expires at: 1780953737220
winston:file: written true false
[2026-06-08T20:39:08.332Z] Checked if tokens are valid: true, expires at: 1780953737220
winston:file: written true false
[2026-06-08T20:39:08.333Z] >>> [apiv2][query] PATCH https://cloudfunctions.googleapis.com/v2/projects/mi-catalogo-de61a/locations/us-central1/functions/mcAdminCreateStore updateMask=name%2CbuildConfig.runtime%2CbuildConfig.entryPoint%2CbuildConfig.source.storageSource.bucket%2CbuildConfig.source.storageSource.object%2CbuildConfig.environmentVariables%2CbuildConfig.sourceToken%2CserviceConfig.environmentVariables%2CserviceConfig.ingressSettings%2CserviceConfig.timeoutSeconds%2CserviceConfig.serviceAccountEmail%2CserviceConfig.availableMemory%2CserviceConfig.minInstanceCount%2CserviceConfig.maxInstanceCount%2CserviceConfig.maxInstanceRequestConcurrency%2CserviceConfig.availableCpu%2CserviceConfig.vpcConnector%2CserviceConfig.vpcConnectorEgressSettings%2Clabels
winston:file: written true false
[2026-06-08T20:39:08.333Z] >>> [apiv2][body] PATCH https://cloudfunctions.googleapis.com/v2/projects/mi-catalogo-de61a/locations/us-central1/functions/mcAdminCreateStore {"name":"projects/mi-catalogo-de61a/locations/us-central1/functions/mcAdminCreateStore","buildConfig":{"runtime":"nodejs22","entryPoint":"mcAdminCreateStore","source":{"storageSource":{"bucket":"gcf-v2-uploads-126482806042.us-central1.cloudfunctions.appspot.com","object":"86106eb6-1018-4e7f-8f99-28d4ff6a7397.zip"}},"environmentVariables":{"GOOGLE_NODE_RUN_SCRIPTS":""}},"serviceConfig":{"environmentVariables":{"MC_PUBLIC_ORIGIN":"https://micatalogo.io","FIREBASE_CONFIG":"{\"projectId\":\"mi-catalogo-de61a\",\"storageBucket\":\"mi-catalogo-de61a.firebasestorage.app\"}","GCLOUD_PROJECT":"mi-catalogo-de61a","EVENTARC_CLOUD_EVENT_SOURCE":"projects/mi-catalogo-de61a/locations/us-central1/services/mcAdminCreateStore","FUNCTION_TARGET":"mcAdminCreateStore","LOG_EXECUTION_ID":"true"},"ingressSettings":null,"timeoutSeconds":null,"serviceAccountEmail":null,"availableMemory":"256Mi","minInstanceCount":null,"maxInstanceCount":null,"maxInstanceRequestConcurrency":80,"availableCpu":"1","vpcConnector":null,"vpcConnectorEgressSettings":null},"labels":{"deployment-tool":"cli-firebase","deployment-callable":"true","firebase-functions-hash":"4de99a886713ecd58bcf1acd75f0735e944b8935"}}
winston:file: logged 1228014 [debug] [2026-06-08T20:39:08.319Z] <<< [apiv2][status] PUT https://storage.googleapis.com/gcf-v2-uploads-126482806042.us-central1.cloudfunctions.appspot.com/86106eb6-1018-4e7f-8f99-28d4ff6a7397.zip 200

winston:file: logged 1228220 [debug] [2026-06-08T20:39:08.320Z] <<< [apiv2][body] PUT https://storage.googleapis.com/gcf-v2-uploads-126482806042.us-central1.cloudfunctions.appspot.com/86106eb6-1018-4e7f-8f99-28d4ff6a7397.zip [omitted]

winston:file: logged 1228283 [info] ✔  functions: functions source uploaded successfully 

winston:file: logged 1228349 [info] i  functions: Skipping the deploy of unchanged functions. 

winston:file: logged 1228433 [info] ✔  functions[mcBillingAddCard(us-central1)] Skipped (No changes detected) 

winston:file: logged 1228518 [info] ✔  functions[mcBillingAddNequi(us-central1)] Skipped (No changes detected) 

winston:file: logged 1228618 [info] ✔  functions[mcBillingCancelAutoRenewCallable(us-central1)] Skipped (No changes detected) 

winston:file: logged 1228710 [info] ✔  functions[mcBillingCheckNequiReady(us-central1)] Skipped (No changes detected) 

winston:file: logged 1228805 [info] ✔  functions[mcBillingCompleteActivation(us-central1)] Skipped (No changes detected) 

winston:file: logged 1228886 [info] ✔  functions[mcBillingCron(us-central1)] Skipped (No changes detected) 

winston:file: logged 1228977 [info] ✔  functions[mcBillingEnsureCustomer(us-central1)] Skipped (No changes detected) 

winston:file: logged 1229067 [info] ✔  functions[mcBillingGetSdkContext(us-central1)] Skipped (No changes detected) 

winston:file: logged 1229164 [info] ✔  functions[mcBillingGetSubscriptionState(us-central1)] Skipped (No changes detected) 

winston:file: logged 1229255 [info] ✔  functions[mcBillingListNequiBanks(us-central1)] Skipped (No changes detected) 

winston:file: logged 1229358 [info] ✔  functions[mcBillingListPaymentHistoryCallable(us-central1)] Skipped (No changes detected) 

winston:file: logged 1229449 [info] ✔  functions[mcBillingPaymentMethods(us-central1)] Skipped (No changes detected) 

winston:file: logged 1229549 [info] ✔  functions[mcBillingSetDefaultPaymentMethod(us-central1)] Skipped (No changes detected) 

winston:file: logged 1229646 [info] ✔  functions[mcBillingValidateDiscountCode(us-central1)] Skipped (No changes detected) 

winston:file: logged 1229736 [info] ✔  functions[mcBillingValidateNequi(us-central1)] Skipped (No changes detected) 

winston:file: logged 1229826 [info] ✔  functions[mcCatalogOrderTracking(us-central1)] Skipped (No changes detected) 

winston:file: logged 1229910 [info] ✔  functions[mcCreateSalesRep(us-central1)] Skipped (No changes detected) 

winston:file: logged 1230006 [info] ✔  functions[mcFinalizeNewStoreOnboarding(us-central1)] Skipped (No changes detected) 

winston:file: logged 1230097 [info] ✔  functions[mcOnTenantCreatedNotify(us-central1)] Skipped (No changes detected) 

winston:file: logged 1230187 [info] ✔  functions[mcOnepayCatalogWebhook(us-central1)] Skipped (No changes detected) 

winston:file: logged 1230277 [info] ✔  functions[mcOnepayCheckoutStatus(us-central1)] Skipped (No changes detected) 

winston:file: logged 1230365 [info] ✔  functions[mcOnepayLinkMerchant(us-central1)] Skipped (No changes detected) 

winston:file: logged 1230461 [info] ✔  functions[mcOnepayLinkPlatformPasarela(us-central1)] Skipped (No changes detected) 

winston:file: logged 1230552 [info] ✔  functions[mcOnepayListBanksForKyb(us-central1)] Skipped (No changes detected) 

winston:file: logged 1230644 [info] ✔  functions[mcOnepayListCitiesForKyb(us-central1)] Skipped (No changes detected) 

winston:file: logged 1230736 [info] ✔  functions[mcOnepayListStatesForKyb(us-central1)] Skipped (No changes detected) 

winston:file: logged 1230827 [info] ✔  functions[mcOnepayMerchantBalance(us-central1)] Skipped (No changes detected) 

winston:file: logged 1230919 [info] ✔  functions[mcOnepayMerchantPayments(us-central1)] Skipped (No changes detected) 

winston:file: logged 1231019 [info] ✔  functions[mcOnepayMicatalogoRequestCashout(us-central1)] Skipped (No changes detected) 

winston:file: logged 1231116 [info] ✔  functions[mcOnepayMicatalogoSetupPayout(us-central1)] Skipped (No changes detected) 

winston:file: logged 1231210 [info] ✔  functions[mcOnepaySellerSaldoSummary(us-central1)] Skipped (No changes detected) 

winston:file: logged 1231310 [info] ✔  functions[mcOnepaySetPlatformWebhookSecret(us-central1)] Skipped (No changes detected) 

winston:file: logged 1231402 [info] ✔  functions[mcOnepaySetWebhookSecret(us-central1)] Skipped (No changes detected) 

winston:file: logged 1231498 [info] ✔  functions[mcOnepayStartCatalogCheckout(us-central1)] Skipped (No changes detected) 

winston:file: logged 1231590 [info] ✔  functions[mcOnepaySubmitCompanyKyb(us-central1)] Skipped (No changes detected) 

winston:file: logged 1231680 [info] ✔  functions[mcOnepayUnlinkMerchant(us-central1)] Skipped (No changes detected) 

winston:file: logged 1231778 [info] ✔  functions[mcOnepayUnlinkPlatformPasarela(us-central1)] Skipped (No changes detected) 

winston:file: logged 1231866 [info] ✔  functions[mcQuoteEnvioCheckout(us-central1)] Skipped (No changes detected) 

winston:file: logged 1231956 [info] ✔  functions[mcRecordStoreAnalytics(us-central1)] Skipped (No changes detected) 

winston:file: logged 1232054 [info] ✔  functions[mcSendCarritoRecuperacionEmail(us-central1)] Skipped (No changes detected) 

winston:file: logged 1232145 [info] ✔  functions[mcSendEmailVerification(us-central1)] Skipped (No changes detected) 

winston:file: logged 1232232 [info] ✔  functions[mcSetSalesRepActive(us-central1)] Skipped (No changes detected) 

winston:file: logged 1232325 [info] ✔  functions[mcStartStoreImpersonation(us-central1)] Skipped (No changes detected) 

winston:file: logged 1232417 [info] ✔  functions[mcStopStoreImpersonation(us-central1)] Skipped (No changes detected) 

winston:file: logged 1232513 [info] i  functions: updating Node.js 22 (2nd Gen) function mcAdminCreateStore(us-central1)... 

winston:file: logged 1232609 [debug] [2026-06-08T20:39:08.332Z] Checked if tokens are valid: true, expires at: 1780953737220

winston:file: logged 1232705 [debug] [2026-06-08T20:39:08.332Z] Checked if tokens are valid: true, expires at: 1780953737220

winston:file: logged 1233482 [debug] [2026-06-08T20:39:08.333Z] >>> [apiv2][query] PATCH https://cloudfunctions.googleapis.com/v2/projects/mi-catalogo-de61a/locations/us-central1/functions/mcAdminCreateStore updateMask=name%2CbuildConfig.runtime%2CbuildConfig.entryPoint%2CbuildConfig.source.storageSource.bucket%2CbuildConfig.source.storageSource.object%2CbuildConfig.environmentVariables%2CbuildConfig.sourceToken%2CserviceConfig.environmentVariables%2CserviceConfig.ingressSettings%2CserviceConfig.timeoutSeconds%2CserviceConfig.serviceAccountEmail%2CserviceConfig.availableMemory%2CserviceConfig.minInstanceCount%2CserviceConfig.maxInstanceCount%2CserviceConfig.maxInstanceRequestConcurrency%2CserviceConfig.availableCpu%2CserviceConfig.vpcConnector%2CserviceConfig.vpcConnectorEgressSettings%2Clabels

winston:file: logged 1234844 [debug] [2026-06-08T20:39:08.333Z] >>> [apiv2][body] PATCH https://cloudfunctions.googleapis.com/v2/projects/mi-catalogo-de61a/locations/us-central1/functions/mcAdminCreateStore {"name":"projects/mi-catalogo-de61a/locations/us-central1/functions/mcAdminCreateStore","buildConfig":{"runtime":"nodejs22","entryPoint":"mcAdminCreateStore","source":{"storageSource":{"bucket":"gcf-v2-uploads-126482806042.us-central1.cloudfunctions.appspot.com","object":"86106eb6-1018-4e7f-8f99-28d4ff6a7397.zip"}},"environmentVariables":{"GOOGLE_NODE_RUN_SCRIPTS":""}},"serviceConfig":{"environmentVariables":{"MC_PUBLIC_ORIGIN":"https://micatalogo.io","FIREBASE_CONFIG":"{\"projectId\":\"mi-catalogo-de61a\",\"storageBucket\":\"mi-catalogo-de61a.firebasestorage.app\"}","GCLOUD_PROJECT":"mi-catalogo-de61a","EVENTARC_CLOUD_EVENT_SOURCE":"projects/mi-catalogo-de61a/locations/us-central1/services/mcAdminCreateStore","FUNCTION_TARGET":"mcAdminCreateStore","LOG_EXECUTION_ID":"true"},"ingressSettings":null,"timeoutSeconds":null,"serviceAccountEmail":null,"availableMemory":"256Mi","minInstanceCount":null,"maxInstanceCount":null,"maxInstanceRequestConcurrency":80,"availableCpu":"1","vpcConnector":null,"vpcConnectorEgressSettings":null},"labels":{"deployment-tool":"cli-firebase","deployment-callable":"true","firebase-functions-hash":"4de99a886713ecd58bcf1acd75f0735e944b8935"}}

winston:file: written true false
[2026-06-08T20:39:09.382Z] <<< [apiv2][status] PATCH https://cloudfunctions.googleapis.com/v2/projects/mi-catalogo-de61a/locations/us-central1/functions/mcAdminCreateStore 200
winston:file: written true false
[2026-06-08T20:39:09.382Z] <<< [apiv2][body] PATCH https://cloudfunctions.googleapis.com/v2/projects/mi-catalogo-de61a/locations/us-central1/functions/mcAdminCreateStore {"name":"projects/mi-catalogo-de61a/locations/us-central1/operations/operation-1780951148545-653c4009246d9-569a3e2c-22ddf35d","metadata":{"@type":"type.googleapis.com/google.cloud.functions.v2.OperationMetadata","createTime":"2026-06-08T20:39:09.405264120Z","target":"projects/mi-catalogo-de61a/locations/us-central1/functions/mcAdminCreateStore","verb":"update","cancelRequested":false,"apiVersion":"v2"},"done":false}
winston:file: written true false
[2026-06-08T20:39:09.384Z] Checked if tokens are valid: true, expires at: 1780953737220
winston:file: written true false
[2026-06-08T20:39:09.384Z] Checked if tokens are valid: true, expires at: 1780953737220
winston:file: written true false
[2026-06-08T20:39:09.385Z] >>> [apiv2][query] GET https://cloudfunctions.googleapis.com/v2/projects/mi-catalogo-de61a/locations/us-central1/operations/operation-1780951148545-653c4009246d9-569a3e2c-22ddf35d [none]
winston:file: logged 1235028 [debug] [2026-06-08T20:39:09.382Z] <<< [apiv2][status] PATCH https://cloudfunctions.googleapis.com/v2/projects/mi-catalogo-de61a/locations/us-central1/functions/mcAdminCreateStore 200

winston:file: logged 1235626 [debug] [2026-06-08T20:39:09.382Z] <<< [apiv2][body] PATCH https://cloudfunctions.googleapis.com/v2/projects/mi-catalogo-de61a/locations/us-central1/functions/mcAdminCreateStore {"name":"projects/mi-catalogo-de61a/locations/us-central1/operations/operation-1780951148545-653c4009246d9-569a3e2c-22ddf35d","metadata":{"@type":"type.googleapis.com/google.cloud.functions.v2.OperationMetadata","createTime":"2026-06-08T20:39:09.405264120Z","target":"projects/mi-catalogo-de61a/locations/us-central1/functions/mcAdminCreateStore","verb":"update","cancelRequested":false,"apiVersion":"v2"},"done":false}

winston:file: logged 1235722 [debug] [2026-06-08T20:39:09.384Z] Checked if tokens are valid: true, expires at: 1780953737220

winston:file: logged 1235818 [debug] [2026-06-08T20:39:09.384Z] Checked if tokens are valid: true, expires at: 1780953737220

winston:file: logged 1236040 [debug] [2026-06-08T20:39:09.385Z] >>> [apiv2][query] GET https://cloudfunctions.googleapis.com/v2/projects/mi-catalogo-de61a/locations/us-central1/operations/operation-1780951148545-653c4009246d9-569a3e2c-22ddf35d [none]

winston:file: written true false
[2026-06-08T20:39:09.680Z] <<< [apiv2][status] GET https://cloudfunctions.googleapis.com/v2/projects/mi-catalogo-de61a/locations/us-central1/operations/operation-1780951148545-653c4009246d9-569a3e2c-22ddf35d 200
winston:file: written true false
[2026-06-08T20:39:09.680Z] <<< [apiv2][body] GET https://cloudfunctions.googleapis.com/v2/projects/mi-catalogo-de61a/locations/us-central1/operations/operation-1780951148545-653c4009246d9-569a3e2c-22ddf35d {"name":"projects/mi-catalogo-de61a/locations/us-central1/operations/operation-1780951148545-653c4009246d9-569a3e2c-22ddf35d","metadata":{"@type":"type.googleapis.com/google.cloud.functions.v2.OperationMetadata","createTime":"2026-06-08T20:39:09.405264120Z","target":"projects/mi-catalogo-de61a/locations/us-central1/functions/mcAdminCreateStore","verb":"update","cancelRequested":false,"apiVersion":"v2","requestResource":{"@type":"type.googleapis.com/google.cloud.functions.v2.Function","name":"projects/mi-catalogo-de61a/locations/us-central1/functions/mcAdminCreateStore","buildConfig":{"runtime":"nodejs22","entryPoint":"mcAdminCreateStore","source":{"storageSource":{"bucket":"gcf-v2-sources-126482806042-us-central1","object":"mcAdminCreateStore/function-source.zip","generation":"1780951149350250"}},"environmentVariables":{"GOOGLE_NODE_RUN_SCRIPTS":""},"dockerRepository":"projects/mi-catalogo-de61a/locations/us-central1/repositories/gcf-artifacts","sourceProvenance":{"resolvedStorageSource":{"bucket":"gcf-v2-sources-126482806042-us-central1","object":"mcAdminCreateStore/function-source.zip","generation":"1780950188786569"}},"dockerRegistry":"ARTIFACT_REGISTRY","serviceAccount":"projects/mi-catalogo-de61a/serviceAccounts/126482806042-compute@developer.gserviceaccount.com","automaticUpdatePolicy":{}},"serviceConfig":{"service":"projects/mi-catalogo-de61a/locations/us-central1/services/mcadmincreatestore","timeoutSeconds":60,"environmentVariables":{"MC_PUBLIC_ORIGIN":"https://micatalogo.io","FIREBASE_CONFIG":"{\"projectId\":\"mi-catalogo-de61a\",\"storageBucket\":\"mi-catalogo-de61a.firebasestorage.app\"}","GCLOUD_PROJECT":"mi-catalogo-de61a","EVENTARC_CLOUD_EVENT_SOURCE":"projects/mi-catalogo-de61a/locations/us-central1/services/mcAdminCreateStore","FUNCTION_TARGET":"mcAdminCreateStore","LOG_EXECUTION_ID":"true"},"ingressSettings":"ALLOW_ALL","serviceAccountEmail":"126482806042-compute@developer.gserviceaccount.com","availableMemory":"256Mi","maxInstanceRequestConcurrency":80,"availableCpu":"1"},"state":"UNKNOWN","labels":{"deployment-callable":"true","firebase-functions-hash":"4de99a886713ecd58bcf1acd75f0735e944b8935"},"stateMessages":[{"severity":"ERROR","type":"CloudRunServiceNotFound","message":"Cloud Run service projects/mi-catalogo-de61a/locations/us-central1/services/mcadmincreatestore for the function was not found. The function will not work correctly. Please redeploy."}],"environment":"GEN_2","url":"https://us-central1-mi-catalogo-de61a.cloudfunctions.net/mcAdminCreateStore","satisfiesPzi":true},"stages":[{"name":"BUILD","state":"NOT_STARTED"},{"name":"SERVICE","state":"NOT_STARTED"}],"operationType":"UPDATE_FUNCTION"},"done":false}
winston:file: logged 1236260 [debug] [2026-06-08T20:39:09.680Z] <<< [apiv2][status] GET https://cloudfunctions.googleapis.com/v2/projects/mi-catalogo-de61a/locations/us-central1/operations/operation-1780951148545-653c4009246d9-569a3e2c-22ddf35d 200

winston:file: logged 1239160 [debug] [2026-06-08T20:39:09.680Z] <<< [apiv2][body] GET https://cloudfunctions.googleapis.com/v2/projects/mi-catalogo-de61a/locations/us-central1/operations/operation-1780951148545-653c4009246d9-569a3e2c-22ddf35d {"name":"projects/mi-catalogo-de61a/locations/us-central1/operations/operation-1780951148545-653c4009246d9-569a3e2c-22ddf35d","metadata":{"@type":"type.googleapis.com/google.cloud.functions.v2.OperationMetadata","createTime":"2026-06-08T20:39:09.405264120Z","target":"projects/mi-catalogo-de61a/locations/us-central1/functions/mcAdminCreateStore","verb":"update","cancelRequested":false,"apiVersion":"v2","requestResource":{"@type":"type.googleapis.com/google.cloud.functions.v2.Function","name":"projects/mi-catalogo-de61a/locations/us-central1/functions/mcAdminCreateStore","buildConfig":{"runtime":"nodejs22","entryPoint":"mcAdminCreateStore","source":{"storageSource":{"bucket":"gcf-v2-sources-126482806042-us-central1","object":"mcAdminCreateStore/function-source.zip","generation":"1780951149350250"}},"environmentVariables":{"GOOGLE_NODE_RUN_SCRIPTS":""},"dockerRepository":"projects/mi-catalogo-de61a/locations/us-central1/repositories/gcf-artifacts","sourceProvenance":{"resolvedStorageSource":{"bucket":"gcf-v2-sources-126482806042-us-central1","object":"mcAdminCreateStore/function-source.zip","generation":"1780950188786569"}},"dockerRegistry":"ARTIFACT_REGISTRY","serviceAccount":"projects/mi-catalogo-de61a/serviceAccounts/126482806042-compute@developer.gserviceaccount.com","automaticUpdatePolicy":{}},"serviceConfig":{"service":"projects/mi-catalogo-de61a/locations/us-central1/services/mcadmincreatestore","timeoutSeconds":60,"environmentVariables":{"MC_PUBLIC_ORIGIN":"https://micatalogo.io","FIREBASE_CONFIG":"{\"projectId\":\"mi-catalogo-de61a\",\"storageBucket\":\"mi-catalogo-de61a.firebasestorage.app\"}","GCLOUD_PROJECT":"mi-catalogo-de61a","EVENTARC_CLOUD_EVENT_SOURCE":"projects/mi-catalogo-de61a/locations/us-central1/services/mcAdminCreateStore","FUNCTION_TARGET":"mcAdminCreateStore","LOG_EXECUTION_ID":"true"},"ingressSettings":"ALLOW_ALL","serviceAccountEmail":"126482806042-compute@developer.gserviceaccount.com","availableMemory":"256Mi","maxInstanceRequestConcurrency":80,"availableCpu":"1"},"state":"UNKNOWN","labels":{"deployment-callable":"true","firebase-functions-hash":"4de99a886713ecd58bcf1acd75f0735e944b8935"},"stateMessages":[{"severity":"ERROR","type":"CloudRunServiceNotFound","message":"Cloud Run service projects/mi-catalogo-de61a/locations/us-central1/services/mcadmincreatestore for the function was not found. The function will not work correctly. Please redeploy."}],"environment":"GEN_2","url":"https://us-central1-mi-catalogo-de61a.cloudfunctions.net/mcAdminCreateStore","satisfiesPzi":true},"stages":[{"name":"BUILD","state":"NOT_STARTED"},{"name":"SERVICE","state":"NOT_STARTED"}],"operationType":"UPDATE_FUNCTION"},"done":false}

winston:file: written true false
[2026-06-08T20:39:10.182Z] [update-default-us-central1-mcAdminCreateStore] Retrying task index 0
winston:file: written true false
[2026-06-08T20:39:10.183Z] Checked if tokens are valid: true, expires at: 1780953737220
winston:file: written true false
[2026-06-08T20:39:10.183Z] Checked if tokens are valid: true, expires at: 1780953737220
winston:file: written true false
[2026-06-08T20:39:10.183Z] >>> [apiv2][query] GET https://cloudfunctions.googleapis.com/v2/projects/mi-catalogo-de61a/locations/us-central1/operations/operation-1780951148545-653c4009246d9-569a3e2c-22ddf35d [none]
winston:file: logged 1239265 [debug] [2026-06-08T20:39:10.182Z] [update-default-us-central1-mcAdminCreateStore] Retrying task index 0

winston:file: logged 1239361 [debug] [2026-06-08T20:39:10.183Z] Checked if tokens are valid: true, expires at: 1780953737220

winston:file: logged 1239457 [debug] [2026-06-08T20:39:10.183Z] Checked if tokens are valid: true, expires at: 1780953737220

winston:file: logged 1239679 [debug] [2026-06-08T20:39:10.183Z] >>> [apiv2][query] GET https://cloudfunctions.googleapis.com/v2/projects/mi-catalogo-de61a/locations/us-central1/operations/operation-1780951148545-653c4009246d9-569a3e2c-22ddf35d [none]

winston:file: written true false
[2026-06-08T20:39:10.525Z] <<< [apiv2][status] GET https://cloudfunctions.googleapis.com/v2/projects/mi-catalogo-de61a/locations/us-central1/operations/operation-1780951148545-653c4009246d9-569a3e2c-22ddf35d 200
winston:file: written true false
[2026-06-08T20:39:10.526Z] <<< [apiv2][body] GET https://cloudfunctions.googleapis.com/v2/projects/mi-catalogo-de61a/locations/us-central1/operations/operation-1780951148545-653c4009246d9-569a3e2c-22ddf35d {"name":"projects/mi-catalogo-de61a/locations/us-central1/operations/operation-1780951148545-653c4009246d9-569a3e2c-22ddf35d","metadata":{"@type":"type.googleapis.com/google.cloud.functions.v2.OperationMetadata","createTime":"2026-06-08T20:39:09.405264120Z","target":"projects/mi-catalogo-de61a/locations/us-central1/functions/mcAdminCreateStore","verb":"update","cancelRequested":false,"apiVersion":"v2","requestResource":{"@type":"type.googleapis.com/google.cloud.functions.v2.Function","name":"projects/mi-catalogo-de61a/locations/us-central1/functions/mcAdminCreateStore","buildConfig":{"runtime":"nodejs22","entryPoint":"mcAdminCreateStore","source":{"storageSource":{"bucket":"gcf-v2-sources-126482806042-us-central1","object":"mcAdminCreateStore/function-source.zip","generation":"1780951149350250"}},"environmentVariables":{"GOOGLE_NODE_RUN_SCRIPTS":""},"dockerRepository":"projects/mi-catalogo-de61a/locations/us-central1/repositories/gcf-artifacts","sourceProvenance":{"resolvedStorageSource":{"bucket":"gcf-v2-sources-126482806042-us-central1","object":"mcAdminCreateStore/function-source.zip","generation":"1780950188786569"}},"dockerRegistry":"ARTIFACT_REGISTRY","serviceAccount":"projects/mi-catalogo-de61a/serviceAccounts/126482806042-compute@developer.gserviceaccount.com","automaticUpdatePolicy":{}},"serviceConfig":{"service":"projects/mi-catalogo-de61a/locations/us-central1/services/mcadmincreatestore","timeoutSeconds":60,"environmentVariables":{"MC_PUBLIC_ORIGIN":"https://micatalogo.io","FIREBASE_CONFIG":"{\"projectId\":\"mi-catalogo-de61a\",\"storageBucket\":\"mi-catalogo-de61a.firebasestorage.app\"}","GCLOUD_PROJECT":"mi-catalogo-de61a","EVENTARC_CLOUD_EVENT_SOURCE":"projects/mi-catalogo-de61a/locations/us-central1/services/mcAdminCreateStore","FUNCTION_TARGET":"mcAdminCreateStore","LOG_EXECUTION_ID":"true"},"ingressSettings":"ALLOW_ALL","serviceAccountEmail":"126482806042-compute@developer.gserviceaccount.com","availableMemory":"256Mi","maxInstanceRequestConcurrency":80,"availableCpu":"1"},"state":"UNKNOWN","labels":{"deployment-callable":"true","firebase-functions-hash":"4de99a886713ecd58bcf1acd75f0735e944b8935"},"stateMessages":[{"severity":"ERROR","type":"CloudRunServiceNotFound","message":"Cloud Run service projects/mi-catalogo-de61a/locations/us-central1/services/mcadmincreatestore for the function was not found. The function will not work correctly. Please redeploy."}],"environment":"GEN_2","url":"https://us-central1-mi-catalogo-de61a.cloudfunctions.net/mcAdminCreateStore","satisfiesPzi":true},"stages":[{"name":"BUILD","message":"Build in progress","state":"IN_PROGRESS","resource":"projects/126482806042/locations/us-central1/builds/71817af1-ac16-49eb-9ed9-8794e19a8a31","resourceUri":"https://console.cloud.google.com/cloud-build/builds;region=us-central1/71817af1-ac16-49eb-9ed9-8794e19a8a31?project=126482806042"},{"name":"SERVICE","state":"NOT_STARTED"}],"operationType":"UPDATE_FUNCTION","buildName":"projects/126482806042/locations/us-central1/builds/71817af1-ac16-49eb-9ed9-8794e19a8a31"},"done":false}
winston:file: logged 1239899 [debug] [2026-06-08T20:39:10.525Z] <<< [apiv2][status] GET https://cloudfunctions.googleapis.com/v2/projects/mi-catalogo-de61a/locations/us-central1/operations/operation-1780951148545-653c4009246d9-569a3e2c-22ddf35d 200

winston:file: logged 1243177 [debug] [2026-06-08T20:39:10.526Z] <<< [apiv2][body] GET https://cloudfunctions.googleapis.com/v2/projects/mi-catalogo-de61a/locations/us-central1/operations/operation-1780951148545-653c4009246d9-569a3e2c-22ddf35d {"name":"projects/mi-catalogo-de61a/locations/us-central1/operations/operation-1780951148545-653c4009246d9-569a3e2c-22ddf35d","metadata":{"@type":"type.googleapis.com/google.cloud.functions.v2.OperationMetadata","createTime":"2026-06-08T20:39:09.405264120Z","target":"projects/mi-catalogo-de61a/locations/us-central1/functions/mcAdminCreateStore","verb":"update","cancelRequested":false,"apiVersion":"v2","requestResource":{"@type":"type.googleapis.com/google.cloud.functions.v2.Function","name":"projects/mi-catalogo-de61a/locations/us-central1/functions/mcAdminCreateStore","buildConfig":{"runtime":"nodejs22","entryPoint":"mcAdminCreateStore","source":{"storageSource":{"bucket":"gcf-v2-sources-126482806042-us-central1","object":"mcAdminCreateStore/function-source.zip","generation":"1780951149350250"}},"environmentVariables":{"GOOGLE_NODE_RUN_SCRIPTS":""},"dockerRepository":"projects/mi-catalogo-de61a/locations/us-central1/repositories/gcf-artifacts","sourceProvenance":{"resolvedStorageSource":{"bucket":"gcf-v2-sources-126482806042-us-central1","object":"mcAdminCreateStore/function-source.zip","generation":"1780950188786569"}},"dockerRegistry":"ARTIFACT_REGISTRY","serviceAccount":"projects/mi-catalogo-de61a/serviceAccounts/126482806042-compute@developer.gserviceaccount.com","automaticUpdatePolicy":{}},"serviceConfig":{"service":"projects/mi-catalogo-de61a/locations/us-central1/services/mcadmincreatestore","timeoutSeconds":60,"environmentVariables":{"MC_PUBLIC_ORIGIN":"https://micatalogo.io","FIREBASE_CONFIG":"{\"projectId\":\"mi-catalogo-de61a\",\"storageBucket\":\"mi-catalogo-de61a.firebasestorage.app\"}","GCLOUD_PROJECT":"mi-catalogo-de61a","EVENTARC_CLOUD_EVENT_SOURCE":"projects/mi-catalogo-de61a/locations/us-central1/services/mcAdminCreateStore","FUNCTION_TARGET":"mcAdminCreateStore","LOG_EXECUTION_ID":"true"},"ingressSettings":"ALLOW_ALL","serviceAccountEmail":"126482806042-compute@developer.gserviceaccount.com","availableMemory":"256Mi","maxInstanceRequestConcurrency":80,"availableCpu":"1"},"state":"UNKNOWN","labels":{"deployment-callable":"true","firebase-functions-hash":"4de99a886713ecd58bcf1acd75f0735e944b8935"},"stateMessages":[{"severity":"ERROR","type":"CloudRunServiceNotFound","message":"Cloud Run service projects/mi-catalogo-de61a/locations/us-central1/services/mcadmincreatestore for the function was not found. The function will not work correctly. Please redeploy."}],"environment":"GEN_2","url":"https://us-central1-mi-catalogo-de61a.cloudfunctions.net/mcAdminCreateStore","satisfiesPzi":true},"stages":[{"name":"BUILD","message":"Build in progress","state":"IN_PROGRESS","resource":"projects/126482806042/locations/us-central1/builds/71817af1-ac16-49eb-9ed9-8794e19a8a31","resourceUri":"https://console.cloud.google.com/cloud-build/builds;region=us-central1/71817af1-ac16-49eb-9ed9-8794e19a8a31?project=126482806042"},{"name":"SERVICE","state":"NOT_STARTED"}],"operationType":"UPDATE_FUNCTION","buildName":"projects/126482806042/locations/us-central1/builds/71817af1-ac16-49eb-9ed9-8794e19a8a31"},"done":false}

winston:file: written true false
[2026-06-08T20:39:11.532Z] [update-default-us-central1-mcAdminCreateStore] Retrying task index 0
winston:file: written true false
[2026-06-08T20:39:11.533Z] Checked if tokens are valid: true, expires at: 1780953737220
winston:file: written true false
[2026-06-08T20:39:11.533Z] Checked if tokens are valid: true, expires at: 1780953737220
winston:file: written true false
[2026-06-08T20:39:11.533Z] >>> [apiv2][query] GET https://cloudfunctions.googleapis.com/v2/projects/mi-catalogo-de61a/locations/us-central1/operations/operation-1780951148545-653c4009246d9-569a3e2c-22ddf35d [none]
winston:file: logged 1243282 [debug] [2026-06-08T20:39:11.532Z] [update-default-us-central1-mcAdminCreateStore] Retrying task index 0

winston:file: logged 1243378 [debug] [2026-06-08T20:39:11.533Z] Checked if tokens are valid: true, expires at: 1780953737220

winston:file: logged 1243474 [debug] [2026-06-08T20:39:11.533Z] Checked if tokens are valid: true, expires at: 1780953737220

winston:file: logged 1243696 [debug] [2026-06-08T20:39:11.533Z] >>> [apiv2][query] GET https://cloudfunctions.googleapis.com/v2/projects/mi-catalogo-de61a/locations/us-central1/operations/operation-1780951148545-653c4009246d9-569a3e2c-22ddf35d [none]

winston:file: written true false
[2026-06-08T20:39:11.839Z] <<< [apiv2][status] GET https://cloudfunctions.googleapis.com/v2/projects/mi-catalogo-de61a/locations/us-central1/operations/operation-1780951148545-653c4009246d9-569a3e2c-22ddf35d 200
winston:file: written true false
[2026-06-08T20:39:11.839Z] <<< [apiv2][body] GET https://cloudfunctions.googleapis.com/v2/projects/mi-catalogo-de61a/locations/us-central1/operations/operation-1780951148545-653c4009246d9-569a3e2c-22ddf35d {"name":"projects/mi-catalogo-de61a/locations/us-central1/operations/operation-1780951148545-653c4009246d9-569a3e2c-22ddf35d","metadata":{"@type":"type.googleapis.com/google.cloud.functions.v2.OperationMetadata","createTime":"2026-06-08T20:39:09.405264120Z","target":"projects/mi-catalogo-de61a/locations/us-central1/functions/mcAdminCreateStore","verb":"update","cancelRequested":false,"apiVersion":"v2","requestResource":{"@type":"type.googleapis.com/google.cloud.functions.v2.Function","name":"projects/mi-catalogo-de61a/locations/us-central1/functions/mcAdminCreateStore","buildConfig":{"runtime":"nodejs22","entryPoint":"mcAdminCreateStore","source":{"storageSource":{"bucket":"gcf-v2-sources-126482806042-us-central1","object":"mcAdminCreateStore/function-source.zip","generation":"1780951149350250"}},"environmentVariables":{"GOOGLE_NODE_RUN_SCRIPTS":""},"dockerRepository":"projects/mi-catalogo-de61a/locations/us-central1/repositories/gcf-artifacts","sourceProvenance":{"resolvedStorageSource":{"bucket":"gcf-v2-sources-126482806042-us-central1","object":"mcAdminCreateStore/function-source.zip","generation":"1780950188786569"}},"dockerRegistry":"ARTIFACT_REGISTRY","serviceAccount":"projects/mi-catalogo-de61a/serviceAccounts/126482806042-compute@developer.gserviceaccount.com","automaticUpdatePolicy":{}},"serviceConfig":{"service":"projects/mi-catalogo-de61a/locations/us-central1/services/mcadmincreatestore","timeoutSeconds":60,"environmentVariables":{"MC_PUBLIC_ORIGIN":"https://micatalogo.io","FIREBASE_CONFIG":"{\"projectId\":\"mi-catalogo-de61a\",\"storageBucket\":\"mi-catalogo-de61a.firebasestorage.app\"}","GCLOUD_PROJECT":"mi-catalogo-de61a","EVENTARC_CLOUD_EVENT_SOURCE":"projects/mi-catalogo-de61a/locations/us-central1/services/mcAdminCreateStore","FUNCTION_TARGET":"mcAdminCreateStore","LOG_EXECUTION_ID":"true"},"ingressSettings":"ALLOW_ALL","serviceAccountEmail":"126482806042-compute@developer.gserviceaccount.com","availableMemory":"256Mi","maxInstanceRequestConcurrency":80,"availableCpu":"1"},"state":"UNKNOWN","labels":{"deployment-callable":"true","firebase-functions-hash":"4de99a886713ecd58bcf1acd75f0735e944b8935"},"stateMessages":[{"severity":"ERROR","type":"CloudRunServiceNotFound","message":"Cloud Run service projects/mi-catalogo-de61a/locations/us-central1/services/mcadmincreatestore for the function was not found. The function will not work correctly. Please redeploy."}],"environment":"GEN_2","url":"https://us-central1-mi-catalogo-de61a.cloudfunctions.net/mcAdminCreateStore","satisfiesPzi":true},"stages":[{"name":"BUILD","message":"Build in progress","state":"IN_PROGRESS","resource":"projects/126482806042/locations/us-central1/builds/71817af1-ac16-49eb-9ed9-8794e19a8a31","resourceUri":"https://console.cloud.google.com/cloud-build/builds;region=us-central1/71817af1-ac16-49eb-9ed9-8794e19a8a31?project=126482806042"},{"name":"SERVICE","state":"NOT_STARTED"}],"operationType":"UPDATE_FUNCTION","buildName":"projects/126482806042/locations/us-central1/builds/71817af1-ac16-49eb-9ed9-8794e19a8a31"},"done":false}
winston:file: logged 1243916 [debug] [2026-06-08T20:39:11.839Z] <<< [apiv2][status] GET https://cloudfunctions.googleapis.com/v2/projects/mi-catalogo-de61a/locations/us-central1/operations/operation-1780951148545-653c4009246d9-569a3e2c-22ddf35d 200

winston:file: logged 1247194 [debug] [2026-06-08T20:39:11.839Z] <<< [apiv2][body] GET https://cloudfunctions.googleapis.com/v2/projects/mi-catalogo-de61a/locations/us-central1/operations/operation-1780951148545-653c4009246d9-569a3e2c-22ddf35d {"name":"projects/mi-catalogo-de61a/locations/us-central1/operations/operation-1780951148545-653c4009246d9-569a3e2c-22ddf35d","metadata":{"@type":"type.googleapis.com/google.cloud.functions.v2.OperationMetadata","createTime":"2026-06-08T20:39:09.405264120Z","target":"projects/mi-catalogo-de61a/locations/us-central1/functions/mcAdminCreateStore","verb":"update","cancelRequested":false,"apiVersion":"v2","requestResource":{"@type":"type.googleapis.com/google.cloud.functions.v2.Function","name":"projects/mi-catalogo-de61a/locations/us-central1/functions/mcAdminCreateStore","buildConfig":{"runtime":"nodejs22","entryPoint":"mcAdminCreateStore","source":{"storageSource":{"bucket":"gcf-v2-sources-126482806042-us-central1","object":"mcAdminCreateStore/function-source.zip","generation":"1780951149350250"}},"environmentVariables":{"GOOGLE_NODE_RUN_SCRIPTS":""},"dockerRepository":"projects/mi-catalogo-de61a/locations/us-central1/repositories/gcf-artifacts","sourceProvenance":{"resolvedStorageSource":{"bucket":"gcf-v2-sources-126482806042-us-central1","object":"mcAdminCreateStore/function-source.zip","generation":"1780950188786569"}},"dockerRegistry":"ARTIFACT_REGISTRY","serviceAccount":"projects/mi-catalogo-de61a/serviceAccounts/126482806042-compute@developer.gserviceaccount.com","automaticUpdatePolicy":{}},"serviceConfig":{"service":"projects/mi-catalogo-de61a/locations/us-central1/services/mcadmincreatestore","timeoutSeconds":60,"environmentVariables":{"MC_PUBLIC_ORIGIN":"https://micatalogo.io","FIREBASE_CONFIG":"{\"projectId\":\"mi-catalogo-de61a\",\"storageBucket\":\"mi-catalogo-de61a.firebasestorage.app\"}","GCLOUD_PROJECT":"mi-catalogo-de61a","EVENTARC_CLOUD_EVENT_SOURCE":"projects/mi-catalogo-de61a/locations/us-central1/services/mcAdminCreateStore","FUNCTION_TARGET":"mcAdminCreateStore","LOG_EXECUTION_ID":"true"},"ingressSettings":"ALLOW_ALL","serviceAccountEmail":"126482806042-compute@developer.gserviceaccount.com","availableMemory":"256Mi","maxInstanceRequestConcurrency":80,"availableCpu":"1"},"state":"UNKNOWN","labels":{"deployment-callable":"true","firebase-functions-hash":"4de99a886713ecd58bcf1acd75f0735e944b8935"},"stateMessages":[{"severity":"ERROR","type":"CloudRunServiceNotFound","message":"Cloud Run service projects/mi-catalogo-de61a/locations/us-central1/services/mcadmincreatestore for the function was not found. The function will not work correctly. Please redeploy."}],"environment":"GEN_2","url":"https://us-central1-mi-catalogo-de61a.cloudfunctions.net/mcAdminCreateStore","satisfiesPzi":true},"stages":[{"name":"BUILD","message":"Build in progress","state":"IN_PROGRESS","resource":"projects/126482806042/locations/us-central1/builds/71817af1-ac16-49eb-9ed9-8794e19a8a31","resourceUri":"https://console.cloud.google.com/cloud-build/builds;region=us-central1/71817af1-ac16-49eb-9ed9-8794e19a8a31?project=126482806042"},{"name":"SERVICE","state":"NOT_STARTED"}],"operationType":"UPDATE_FUNCTION","buildName":"projects/126482806042/locations/us-central1/builds/71817af1-ac16-49eb-9ed9-8794e19a8a31"},"done":false}

winston:file: written true false
[2026-06-08T20:39:13.841Z] [update-default-us-central1-mcAdminCreateStore] Retrying task index 0
winston:file: written true false
[2026-06-08T20:39:13.841Z] Checked if tokens are valid: true, expires at: 1780953737220
winston:file: written true false
[2026-06-08T20:39:13.842Z] Checked if tokens are valid: true, expires at: 1780953737220
winston:file: written true false
[2026-06-08T20:39:13.842Z] >>> [apiv2][query] GET https://cloudfunctions.googleapis.com/v2/projects/mi-catalogo-de61a/locations/us-central1/operations/operation-1780951148545-653c4009246d9-569a3e2c-22ddf35d [none]
winston:file: logged 1247299 [debug] [2026-06-08T20:39:13.841Z] [update-default-us-central1-mcAdminCreateStore] Retrying task index 0

winston:file: logged 1247395 [debug] [2026-06-08T20:39:13.841Z] Checked if tokens are valid: true, expires at: 1780953737220

winston:file: logged 1247491 [debug] [2026-06-08T20:39:13.842Z] Checked if tokens are valid: true, expires at: 1780953737220

winston:file: logged 1247713 [debug] [2026-06-08T20:39:13.842Z] >>> [apiv2][query] GET https://cloudfunctions.googleapis.com/v2/projects/mi-catalogo-de61a/locations/us-central1/operations/operation-1780951148545-653c4009246d9-569a3e2c-22ddf35d [none]

winston:file: written true false
[2026-06-08T20:39:14.156Z] <<< [apiv2][status] GET https://cloudfunctions.googleapis.com/v2/projects/mi-catalogo-de61a/locations/us-central1/operations/operation-1780951148545-653c4009246d9-569a3e2c-22ddf35d 200
winston:file: written true false
[2026-06-08T20:39:14.156Z] <<< [apiv2][body] GET https://cloudfunctions.googleapis.com/v2/projects/mi-catalogo-de61a/locations/us-central1/operations/operation-1780951148545-653c4009246d9-569a3e2c-22ddf35d {"name":"projects/mi-catalogo-de61a/locations/us-central1/operations/operation-1780951148545-653c4009246d9-569a3e2c-22ddf35d","metadata":{"@type":"type.googleapis.com/google.cloud.functions.v2.OperationMetadata","createTime":"2026-06-08T20:39:09.405264120Z","target":"projects/mi-catalogo-de61a/locations/us-central1/functions/mcAdminCreateStore","verb":"update","cancelRequested":false,"apiVersion":"v2","requestResource":{"@type":"type.googleapis.com/google.cloud.functions.v2.Function","name":"projects/mi-catalogo-de61a/locations/us-central1/functions/mcAdminCreateStore","buildConfig":{"runtime":"nodejs22","entryPoint":"mcAdminCreateStore","source":{"storageSource":{"bucket":"gcf-v2-sources-126482806042-us-central1","object":"mcAdminCreateStore/function-source.zip","generation":"1780951149350250"}},"environmentVariables":{"GOOGLE_NODE_RUN_SCRIPTS":""},"dockerRepository":"projects/mi-catalogo-de61a/locations/us-central1/repositories/gcf-artifacts","sourceProvenance":{"resolvedStorageSource":{"bucket":"gcf-v2-sources-126482806042-us-central1","object":"mcAdminCreateStore/function-source.zip","generation":"1780950188786569"}},"dockerRegistry":"ARTIFACT_REGISTRY","serviceAccount":"projects/mi-catalogo-de61a/serviceAccounts/126482806042-compute@developer.gserviceaccount.com","automaticUpdatePolicy":{}},"serviceConfig":{"service":"projects/mi-catalogo-de61a/locations/us-central1/services/mcadmincreatestore","timeoutSeconds":60,"environmentVariables":{"MC_PUBLIC_ORIGIN":"https://micatalogo.io","FIREBASE_CONFIG":"{\"projectId\":\"mi-catalogo-de61a\",\"storageBucket\":\"mi-catalogo-de61a.firebasestorage.app\"}","GCLOUD_PROJECT":"mi-catalogo-de61a","EVENTARC_CLOUD_EVENT_SOURCE":"projects/mi-catalogo-de61a/locations/us-central1/services/mcAdminCreateStore","FUNCTION_TARGET":"mcAdminCreateStore","LOG_EXECUTION_ID":"true"},"ingressSettings":"ALLOW_ALL","serviceAccountEmail":"126482806042-compute@developer.gserviceaccount.com","availableMemory":"256Mi","maxInstanceRequestConcurrency":80,"availableCpu":"1"},"state":"UNKNOWN","labels":{"deployment-callable":"true","firebase-functions-hash":"4de99a886713ecd58bcf1acd75f0735e944b8935"},"stateMessages":[{"severity":"ERROR","type":"CloudRunServiceNotFound","message":"Cloud Run service projects/mi-catalogo-de61a/locations/us-central1/services/mcadmincreatestore for the function was not found. The function will not work correctly. Please redeploy."}],"environment":"GEN_2","url":"https://us-central1-mi-catalogo-de61a.cloudfunctions.net/mcAdminCreateStore","satisfiesPzi":true},"stages":[{"name":"BUILD","message":"Build in progress","state":"IN_PROGRESS","resource":"projects/126482806042/locations/us-central1/builds/71817af1-ac16-49eb-9ed9-8794e19a8a31","resourceUri":"https://console.cloud.google.com/cloud-build/builds;region=us-central1/71817af1-ac16-49eb-9ed9-8794e19a8a31?project=126482806042"},{"name":"SERVICE","state":"NOT_STARTED"}],"operationType":"UPDATE_FUNCTION","buildName":"projects/126482806042/locations/us-central1/builds/71817af1-ac16-49eb-9ed9-8794e19a8a31"},"done":false}
winston:file: logged 1247933 [debug] [2026-06-08T20:39:14.156Z] <<< [apiv2][status] GET https://cloudfunctions.googleapis.com/v2/projects/mi-catalogo-de61a/locations/us-central1/operations/operation-1780951148545-653c4009246d9-569a3e2c-22ddf35d 200

winston:file: logged 1251211 [debug] [2026-06-08T20:39:14.156Z] <<< [apiv2][body] GET https://cloudfunctions.googleapis.com/v2/projects/mi-catalogo-de61a/locations/us-central1/operations/operation-1780951148545-653c4009246d9-569a3e2c-22ddf35d {"name":"projects/mi-catalogo-de61a/locations/us-central1/operations/operation-1780951148545-653c4009246d9-569a3e2c-22ddf35d","metadata":{"@type":"type.googleapis.com/google.cloud.functions.v2.OperationMetadata","createTime":"2026-06-08T20:39:09.405264120Z","target":"projects/mi-catalogo-de61a/locations/us-central1/functions/mcAdminCreateStore","verb":"update","cancelRequested":false,"apiVersion":"v2","requestResource":{"@type":"type.googleapis.com/google.cloud.functions.v2.Function","name":"projects/mi-catalogo-de61a/locations/us-central1/functions/mcAdminCreateStore","buildConfig":{"runtime":"nodejs22","entryPoint":"mcAdminCreateStore","source":{"storageSource":{"bucket":"gcf-v2-sources-126482806042-us-central1","object":"mcAdminCreateStore/function-source.zip","generation":"1780951149350250"}},"environmentVariables":{"GOOGLE_NODE_RUN_SCRIPTS":""},"dockerRepository":"projects/mi-catalogo-de61a/locations/us-central1/repositories/gcf-artifacts","sourceProvenance":{"resolvedStorageSource":{"bucket":"gcf-v2-sources-126482806042-us-central1","object":"mcAdminCreateStore/function-source.zip","generation":"1780950188786569"}},"dockerRegistry":"ARTIFACT_REGISTRY","serviceAccount":"projects/mi-catalogo-de61a/serviceAccounts/126482806042-compute@developer.gserviceaccount.com","automaticUpdatePolicy":{}},"serviceConfig":{"service":"projects/mi-catalogo-de61a/locations/us-central1/services/mcadmincreatestore","timeoutSeconds":60,"environmentVariables":{"MC_PUBLIC_ORIGIN":"https://micatalogo.io","FIREBASE_CONFIG":"{\"projectId\":\"mi-catalogo-de61a\",\"storageBucket\":\"mi-catalogo-de61a.firebasestorage.app\"}","GCLOUD_PROJECT":"mi-catalogo-de61a","EVENTARC_CLOUD_EVENT_SOURCE":"projects/mi-catalogo-de61a/locations/us-central1/services/mcAdminCreateStore","FUNCTION_TARGET":"mcAdminCreateStore","LOG_EXECUTION_ID":"true"},"ingressSettings":"ALLOW_ALL","serviceAccountEmail":"126482806042-compute@developer.gserviceaccount.com","availableMemory":"256Mi","maxInstanceRequestConcurrency":80,"availableCpu":"1"},"state":"UNKNOWN","labels":{"deployment-callable":"true","firebase-functions-hash":"4de99a886713ecd58bcf1acd75f0735e944b8935"},"stateMessages":[{"severity":"ERROR","type":"CloudRunServiceNotFound","message":"Cloud Run service projects/mi-catalogo-de61a/locations/us-central1/services/mcadmincreatestore for the function was not found. The function will not work correctly. Please redeploy."}],"environment":"GEN_2","url":"https://us-central1-mi-catalogo-de61a.cloudfunctions.net/mcAdminCreateStore","satisfiesPzi":true},"stages":[{"name":"BUILD","message":"Build in progress","state":"IN_PROGRESS","resource":"projects/126482806042/locations/us-central1/builds/71817af1-ac16-49eb-9ed9-8794e19a8a31","resourceUri":"https://console.cloud.google.com/cloud-build/builds;region=us-central1/71817af1-ac16-49eb-9ed9-8794e19a8a31?project=126482806042"},{"name":"SERVICE","state":"NOT_STARTED"}],"operationType":"UPDATE_FUNCTION","buildName":"projects/126482806042/locations/us-central1/builds/71817af1-ac16-49eb-9ed9-8794e19a8a31"},"done":false}

winston:file: written true false
[2026-06-08T20:39:18.158Z] [update-default-us-central1-mcAdminCreateStore] Retrying task index 0
winston:file: written true false
[2026-06-08T20:39:18.158Z] Checked if tokens are valid: true, expires at: 1780953737220
winston:file: written true false
[2026-06-08T20:39:18.158Z] Checked if tokens are valid: true, expires at: 1780953737220
winston:file: written true false
[2026-06-08T20:39:18.158Z] >>> [apiv2][query] GET https://cloudfunctions.googleapis.com/v2/projects/mi-catalogo-de61a/locations/us-central1/operations/operation-1780951148545-653c4009246d9-569a3e2c-22ddf35d [none]
winston:file: logged 1251316 [debug] [2026-06-08T20:39:18.158Z] [update-default-us-central1-mcAdminCreateStore] Retrying task index 0

winston:file: logged 1251412 [debug] [2026-06-08T20:39:18.158Z] Checked if tokens are valid: true, expires at: 1780953737220

winston:file: logged 1251508 [debug] [2026-06-08T20:39:18.158Z] Checked if tokens are valid: true, expires at: 1780953737220

winston:file: logged 1251730 [debug] [2026-06-08T20:39:18.158Z] >>> [apiv2][query] GET https://cloudfunctions.googleapis.com/v2/projects/mi-catalogo-de61a/locations/us-central1/operations/operation-1780951148545-653c4009246d9-569a3e2c-22ddf35d [none]

winston:file: written true false
[2026-06-08T20:39:18.323Z] <<< [apiv2][status] GET https://cloudfunctions.googleapis.com/v2/projects/mi-catalogo-de61a/locations/us-central1/operations/operation-1780951148545-653c4009246d9-569a3e2c-22ddf35d 200
winston:file: written true false
[2026-06-08T20:39:18.323Z] <<< [apiv2][body] GET https://cloudfunctions.googleapis.com/v2/projects/mi-catalogo-de61a/locations/us-central1/operations/operation-1780951148545-653c4009246d9-569a3e2c-22ddf35d {"name":"projects/mi-catalogo-de61a/locations/us-central1/operations/operation-1780951148545-653c4009246d9-569a3e2c-22ddf35d","metadata":{"@type":"type.googleapis.com/google.cloud.functions.v2.OperationMetadata","createTime":"2026-06-08T20:39:09.405264120Z","target":"projects/mi-catalogo-de61a/locations/us-central1/functions/mcAdminCreateStore","verb":"update","cancelRequested":false,"apiVersion":"v2","requestResource":{"@type":"type.googleapis.com/google.cloud.functions.v2.Function","name":"projects/mi-catalogo-de61a/locations/us-central1/functions/mcAdminCreateStore","buildConfig":{"runtime":"nodejs22","entryPoint":"mcAdminCreateStore","source":{"storageSource":{"bucket":"gcf-v2-sources-126482806042-us-central1","object":"mcAdminCreateStore/function-source.zip","generation":"1780951149350250"}},"environmentVariables":{"GOOGLE_NODE_RUN_SCRIPTS":""},"dockerRepository":"projects/mi-catalogo-de61a/locations/us-central1/repositories/gcf-artifacts","sourceProvenance":{"resolvedStorageSource":{"bucket":"gcf-v2-sources-126482806042-us-central1","object":"mcAdminCreateStore/function-source.zip","generation":"1780950188786569"}},"dockerRegistry":"ARTIFACT_REGISTRY","serviceAccount":"projects/mi-catalogo-de61a/serviceAccounts/126482806042-compute@developer.gserviceaccount.com","automaticUpdatePolicy":{}},"serviceConfig":{"service":"projects/mi-catalogo-de61a/locations/us-central1/services/mcadmincreatestore","timeoutSeconds":60,"environmentVariables":{"MC_PUBLIC_ORIGIN":"https://micatalogo.io","FIREBASE_CONFIG":"{\"projectId\":\"mi-catalogo-de61a\",\"storageBucket\":\"mi-catalogo-de61a.firebasestorage.app\"}","GCLOUD_PROJECT":"mi-catalogo-de61a","EVENTARC_CLOUD_EVENT_SOURCE":"projects/mi-catalogo-de61a/locations/us-central1/services/mcAdminCreateStore","FUNCTION_TARGET":"mcAdminCreateStore","LOG_EXECUTION_ID":"true"},"ingressSettings":"ALLOW_ALL","serviceAccountEmail":"126482806042-compute@developer.gserviceaccount.com","availableMemory":"256Mi","maxInstanceRequestConcurrency":80,"availableCpu":"1"},"state":"UNKNOWN","labels":{"deployment-callable":"true","firebase-functions-hash":"4de99a886713ecd58bcf1acd75f0735e944b8935"},"stateMessages":[{"severity":"ERROR","type":"CloudRunServiceNotFound","message":"Cloud Run service projects/mi-catalogo-de61a/locations/us-central1/services/mcadmincreatestore for the function was not found. The function will not work correctly. Please redeploy."}],"environment":"GEN_2","url":"https://us-central1-mi-catalogo-de61a.cloudfunctions.net/mcAdminCreateStore","satisfiesPzi":true},"stages":[{"name":"BUILD","message":"Build in progress","state":"IN_PROGRESS","resource":"projects/126482806042/locations/us-central1/builds/71817af1-ac16-49eb-9ed9-8794e19a8a31","resourceUri":"https://console.cloud.google.com/cloud-build/builds;region=us-central1/71817af1-ac16-49eb-9ed9-8794e19a8a31?project=126482806042"},{"name":"SERVICE","state":"NOT_STARTED"}],"operationType":"UPDATE_FUNCTION","buildName":"projects/126482806042/locations/us-central1/builds/71817af1-ac16-49eb-9ed9-8794e19a8a31"},"done":false}
winston:file: logged 1251950 [debug] [2026-06-08T20:39:18.323Z] <<< [apiv2][status] GET https://cloudfunctions.googleapis.com/v2/projects/mi-catalogo-de61a/locations/us-central1/operations/operation-1780951148545-653c4009246d9-569a3e2c-22ddf35d 200

winston:file: logged 1255228 [debug] [2026-06-08T20:39:18.323Z] <<< [apiv2][body] GET https://cloudfunctions.googleapis.com/v2/projects/mi-catalogo-de61a/locations/us-central1/operations/operation-1780951148545-653c4009246d9-569a3e2c-22ddf35d {"name":"projects/mi-catalogo-de61a/locations/us-central1/operations/operation-1780951148545-653c4009246d9-569a3e2c-22ddf35d","metadata":{"@type":"type.googleapis.com/google.cloud.functions.v2.OperationMetadata","createTime":"2026-06-08T20:39:09.405264120Z","target":"projects/mi-catalogo-de61a/locations/us-central1/functions/mcAdminCreateStore","verb":"update","cancelRequested":false,"apiVersion":"v2","requestResource":{"@type":"type.googleapis.com/google.cloud.functions.v2.Function","name":"projects/mi-catalogo-de61a/locations/us-central1/functions/mcAdminCreateStore","buildConfig":{"runtime":"nodejs22","entryPoint":"mcAdminCreateStore","source":{"storageSource":{"bucket":"gcf-v2-sources-126482806042-us-central1","object":"mcAdminCreateStore/function-source.zip","generation":"1780951149350250"}},"environmentVariables":{"GOOGLE_NODE_RUN_SCRIPTS":""},"dockerRepository":"projects/mi-catalogo-de61a/locations/us-central1/repositories/gcf-artifacts","sourceProvenance":{"resolvedStorageSource":{"bucket":"gcf-v2-sources-126482806042-us-central1","object":"mcAdminCreateStore/function-source.zip","generation":"1780950188786569"}},"dockerRegistry":"ARTIFACT_REGISTRY","serviceAccount":"projects/mi-catalogo-de61a/serviceAccounts/126482806042-compute@developer.gserviceaccount.com","automaticUpdatePolicy":{}},"serviceConfig":{"service":"projects/mi-catalogo-de61a/locations/us-central1/services/mcadmincreatestore","timeoutSeconds":60,"environmentVariables":{"MC_PUBLIC_ORIGIN":"https://micatalogo.io","FIREBASE_CONFIG":"{\"projectId\":\"mi-catalogo-de61a\",\"storageBucket\":\"mi-catalogo-de61a.firebasestorage.app\"}","GCLOUD_PROJECT":"mi-catalogo-de61a","EVENTARC_CLOUD_EVENT_SOURCE":"projects/mi-catalogo-de61a/locations/us-central1/services/mcAdminCreateStore","FUNCTION_TARGET":"mcAdminCreateStore","LOG_EXECUTION_ID":"true"},"ingressSettings":"ALLOW_ALL","serviceAccountEmail":"126482806042-compute@developer.gserviceaccount.com","availableMemory":"256Mi","maxInstanceRequestConcurrency":80,"availableCpu":"1"},"state":"UNKNOWN","labels":{"deployment-callable":"true","firebase-functions-hash":"4de99a886713ecd58bcf1acd75f0735e944b8935"},"stateMessages":[{"severity":"ERROR","type":"CloudRunServiceNotFound","message":"Cloud Run service projects/mi-catalogo-de61a/locations/us-central1/services/mcadmincreatestore for the function was not found. The function will not work correctly. Please redeploy."}],"environment":"GEN_2","url":"https://us-central1-mi-catalogo-de61a.cloudfunctions.net/mcAdminCreateStore","satisfiesPzi":true},"stages":[{"name":"BUILD","message":"Build in progress","state":"IN_PROGRESS","resource":"projects/126482806042/locations/us-central1/builds/71817af1-ac16-49eb-9ed9-8794e19a8a31","resourceUri":"https://console.cloud.google.com/cloud-build/builds;region=us-central1/71817af1-ac16-49eb-9ed9-8794e19a8a31?project=126482806042"},{"name":"SERVICE","state":"NOT_STARTED"}],"operationType":"UPDATE_FUNCTION","buildName":"projects/126482806042/locations/us-central1/builds/71817af1-ac16-49eb-9ed9-8794e19a8a31"},"done":false}

winston:file: written true false
[2026-06-08T20:39:26.325Z] [update-default-us-central1-mcAdminCreateStore] Retrying task index 0
winston:file: written true false
[2026-06-08T20:39:26.327Z] Checked if tokens are valid: true, expires at: 1780953737220
winston:file: written true false
[2026-06-08T20:39:26.327Z] Checked if tokens are valid: true, expires at: 1780953737220
winston:file: written true false
[2026-06-08T20:39:26.329Z] >>> [apiv2][query] GET https://cloudfunctions.googleapis.com/v2/projects/mi-catalogo-de61a/locations/us-central1/operations/operation-1780951148545-653c4009246d9-569a3e2c-22ddf35d [none]
winston:file: logged 1255333 [debug] [2026-06-08T20:39:26.325Z] [update-default-us-central1-mcAdminCreateStore] Retrying task index 0

winston:file: logged 1255429 [debug] [2026-06-08T20:39:26.327Z] Checked if tokens are valid: true, expires at: 1780953737220

winston:file: logged 1255525 [debug] [2026-06-08T20:39:26.327Z] Checked if tokens are valid: true, expires at: 1780953737220

winston:file: logged 1255747 [debug] [2026-06-08T20:39:26.329Z] >>> [apiv2][query] GET https://cloudfunctions.googleapis.com/v2/projects/mi-catalogo-de61a/locations/us-central1/operations/operation-1780951148545-653c4009246d9-569a3e2c-22ddf35d [none]

winston:file: written true false
[2026-06-08T20:39:26.806Z] <<< [apiv2][status] GET https://cloudfunctions.googleapis.com/v2/projects/mi-catalogo-de61a/locations/us-central1/operations/operation-1780951148545-653c4009246d9-569a3e2c-22ddf35d 200
winston:file: written true false
[2026-06-08T20:39:26.806Z] <<< [apiv2][body] GET https://cloudfunctions.googleapis.com/v2/projects/mi-catalogo-de61a/locations/us-central1/operations/operation-1780951148545-653c4009246d9-569a3e2c-22ddf35d {"name":"projects/mi-catalogo-de61a/locations/us-central1/operations/operation-1780951148545-653c4009246d9-569a3e2c-22ddf35d","metadata":{"@type":"type.googleapis.com/google.cloud.functions.v2.OperationMetadata","createTime":"2026-06-08T20:39:09.405264120Z","target":"projects/mi-catalogo-de61a/locations/us-central1/functions/mcAdminCreateStore","verb":"update","cancelRequested":false,"apiVersion":"v2","requestResource":{"@type":"type.googleapis.com/google.cloud.functions.v2.Function","name":"projects/mi-catalogo-de61a/locations/us-central1/functions/mcAdminCreateStore","buildConfig":{"runtime":"nodejs22","entryPoint":"mcAdminCreateStore","source":{"storageSource":{"bucket":"gcf-v2-sources-126482806042-us-central1","object":"mcAdminCreateStore/function-source.zip","generation":"1780951149350250"}},"environmentVariables":{"GOOGLE_NODE_RUN_SCRIPTS":""},"dockerRepository":"projects/mi-catalogo-de61a/locations/us-central1/repositories/gcf-artifacts","sourceProvenance":{"resolvedStorageSource":{"bucket":"gcf-v2-sources-126482806042-us-central1","object":"mcAdminCreateStore/function-source.zip","generation":"1780950188786569"}},"dockerRegistry":"ARTIFACT_REGISTRY","serviceAccount":"projects/mi-catalogo-de61a/serviceAccounts/126482806042-compute@developer.gserviceaccount.com","automaticUpdatePolicy":{}},"serviceConfig":{"service":"projects/mi-catalogo-de61a/locations/us-central1/services/mcadmincreatestore","timeoutSeconds":60,"environmentVariables":{"MC_PUBLIC_ORIGIN":"https://micatalogo.io","FIREBASE_CONFIG":"{\"projectId\":\"mi-catalogo-de61a\",\"storageBucket\":\"mi-catalogo-de61a.firebasestorage.app\"}","GCLOUD_PROJECT":"mi-catalogo-de61a","EVENTARC_CLOUD_EVENT_SOURCE":"projects/mi-catalogo-de61a/locations/us-central1/services/mcAdminCreateStore","FUNCTION_TARGET":"mcAdminCreateStore","LOG_EXECUTION_ID":"true"},"ingressSettings":"ALLOW_ALL","serviceAccountEmail":"126482806042-compute@developer.gserviceaccount.com","availableMemory":"256Mi","maxInstanceRequestConcurrency":80,"availableCpu":"1"},"state":"UNKNOWN","labels":{"deployment-callable":"true","firebase-functions-hash":"4de99a886713ecd58bcf1acd75f0735e944b8935"},"stateMessages":[{"severity":"ERROR","type":"CloudRunServiceNotFound","message":"Cloud Run service projects/mi-catalogo-de61a/locations/us-central1/services/mcadmincreatestore for the function was not found. The function will not work correctly. Please redeploy."}],"environment":"GEN_2","url":"https://us-central1-mi-catalogo-de61a.cloudfunctions.net/mcAdminCreateStore","satisfiesPzi":true},"stages":[{"name":"BUILD","message":"Build in progress","state":"IN_PROGRESS","resource":"projects/126482806042/locations/us-central1/builds/71817af1-ac16-49eb-9ed9-8794e19a8a31","resourceUri":"https://console.cloud.google.com/cloud-build/builds;region=us-central1/71817af1-ac16-49eb-9ed9-8794e19a8a31?project=126482806042"},{"name":"SERVICE","state":"NOT_STARTED"}],"operationType":"UPDATE_FUNCTION","buildName":"projects/126482806042/locations/us-central1/builds/71817af1-ac16-49eb-9ed9-8794e19a8a31"},"done":false}
winston:file: logged 1255967 [debug] [2026-06-08T20:39:26.806Z] <<< [apiv2][status] GET https://cloudfunctions.googleapis.com/v2/projects/mi-catalogo-de61a/locations/us-central1/operations/operation-1780951148545-653c4009246d9-569a3e2c-22ddf35d 200

winston:file: logged 1259245 [debug] [2026-06-08T20:39:26.806Z] <<< [apiv2][body] GET https://cloudfunctions.googleapis.com/v2/projects/mi-catalogo-de61a/locations/us-central1/operations/operation-1780951148545-653c4009246d9-569a3e2c-22ddf35d {"name":"projects/mi-catalogo-de61a/locations/us-central1/operations/operation-1780951148545-653c4009246d9-569a3e2c-22ddf35d","metadata":{"@type":"type.googleapis.com/google.cloud.functions.v2.OperationMetadata","createTime":"2026-06-08T20:39:09.405264120Z","target":"projects/mi-catalogo-de61a/locations/us-central1/functions/mcAdminCreateStore","verb":"update","cancelRequested":false,"apiVersion":"v2","requestResource":{"@type":"type.googleapis.com/google.cloud.functions.v2.Function","name":"projects/mi-catalogo-de61a/locations/us-central1/functions/mcAdminCreateStore","buildConfig":{"runtime":"nodejs22","entryPoint":"mcAdminCreateStore","source":{"storageSource":{"bucket":"gcf-v2-sources-126482806042-us-central1","object":"mcAdminCreateStore/function-source.zip","generation":"1780951149350250"}},"environmentVariables":{"GOOGLE_NODE_RUN_SCRIPTS":""},"dockerRepository":"projects/mi-catalogo-de61a/locations/us-central1/repositories/gcf-artifacts","sourceProvenance":{"resolvedStorageSource":{"bucket":"gcf-v2-sources-126482806042-us-central1","object":"mcAdminCreateStore/function-source.zip","generation":"1780950188786569"}},"dockerRegistry":"ARTIFACT_REGISTRY","serviceAccount":"projects/mi-catalogo-de61a/serviceAccounts/126482806042-compute@developer.gserviceaccount.com","automaticUpdatePolicy":{}},"serviceConfig":{"service":"projects/mi-catalogo-de61a/locations/us-central1/services/mcadmincreatestore","timeoutSeconds":60,"environmentVariables":{"MC_PUBLIC_ORIGIN":"https://micatalogo.io","FIREBASE_CONFIG":"{\"projectId\":\"mi-catalogo-de61a\",\"storageBucket\":\"mi-catalogo-de61a.firebasestorage.app\"}","GCLOUD_PROJECT":"mi-catalogo-de61a","EVENTARC_CLOUD_EVENT_SOURCE":"projects/mi-catalogo-de61a/locations/us-central1/services/mcAdminCreateStore","FUNCTION_TARGET":"mcAdminCreateStore","LOG_EXECUTION_ID":"true"},"ingressSettings":"ALLOW_ALL","serviceAccountEmail":"126482806042-compute@developer.gserviceaccount.com","availableMemory":"256Mi","maxInstanceRequestConcurrency":80,"availableCpu":"1"},"state":"UNKNOWN","labels":{"deployment-callable":"true","firebase-functions-hash":"4de99a886713ecd58bcf1acd75f0735e944b8935"},"stateMessages":[{"severity":"ERROR","type":"CloudRunServiceNotFound","message":"Cloud Run service projects/mi-catalogo-de61a/locations/us-central1/services/mcadmincreatestore for the function was not found. The function will not work correctly. Please redeploy."}],"environment":"GEN_2","url":"https://us-central1-mi-catalogo-de61a.cloudfunctions.net/mcAdminCreateStore","satisfiesPzi":true},"stages":[{"name":"BUILD","message":"Build in progress","state":"IN_PROGRESS","resource":"projects/126482806042/locations/us-central1/builds/71817af1-ac16-49eb-9ed9-8794e19a8a31","resourceUri":"https://console.cloud.google.com/cloud-build/builds;region=us-central1/71817af1-ac16-49eb-9ed9-8794e19a8a31?project=126482806042"},{"name":"SERVICE","state":"NOT_STARTED"}],"operationType":"UPDATE_FUNCTION","buildName":"projects/126482806042/locations/us-central1/builds/71817af1-ac16-49eb-9ed9-8794e19a8a31"},"done":false}

winston:file: written true false
[2026-06-08T20:39:36.807Z] [update-default-us-central1-mcAdminCreateStore] Retrying task index 0
winston:file: written true false
[2026-06-08T20:39:36.807Z] Checked if tokens are valid: true, expires at: 1780953737220
winston:file: written true false
[2026-06-08T20:39:36.808Z] Checked if tokens are valid: true, expires at: 1780953737220
winston:file: written true false
[2026-06-08T20:39:36.808Z] >>> [apiv2][query] GET https://cloudfunctions.googleapis.com/v2/projects/mi-catalogo-de61a/locations/us-central1/operations/operation-1780951148545-653c4009246d9-569a3e2c-22ddf35d [none]
winston:file: logged 1259350 [debug] [2026-06-08T20:39:36.807Z] [update-default-us-central1-mcAdminCreateStore] Retrying task index 0

winston:file: logged 1259446 [debug] [2026-06-08T20:39:36.807Z] Checked if tokens are valid: true, expires at: 1780953737220

winston:file: logged 1259542 [debug] [2026-06-08T20:39:36.808Z] Checked if tokens are valid: true, expires at: 1780953737220

winston:file: logged 1259764 [debug] [2026-06-08T20:39:36.808Z] >>> [apiv2][query] GET https://cloudfunctions.googleapis.com/v2/projects/mi-catalogo-de61a/locations/us-central1/operations/operation-1780951148545-653c4009246d9-569a3e2c-22ddf35d [none]

winston:file: written true false
[2026-06-08T20:39:37.256Z] <<< [apiv2][status] GET https://cloudfunctions.googleapis.com/v2/projects/mi-catalogo-de61a/locations/us-central1/operations/operation-1780951148545-653c4009246d9-569a3e2c-22ddf35d 200
winston:file: written true false
[2026-06-08T20:39:37.257Z] <<< [apiv2][body] GET https://cloudfunctions.googleapis.com/v2/projects/mi-catalogo-de61a/locations/us-central1/operations/operation-1780951148545-653c4009246d9-569a3e2c-22ddf35d {"name":"projects/mi-catalogo-de61a/locations/us-central1/operations/operation-1780951148545-653c4009246d9-569a3e2c-22ddf35d","metadata":{"@type":"type.googleapis.com/google.cloud.functions.v2.OperationMetadata","createTime":"2026-06-08T20:39:09.405264120Z","target":"projects/mi-catalogo-de61a/locations/us-central1/functions/mcAdminCreateStore","verb":"update","cancelRequested":false,"apiVersion":"v2","requestResource":{"@type":"type.googleapis.com/google.cloud.functions.v2.Function","name":"projects/mi-catalogo-de61a/locations/us-central1/functions/mcAdminCreateStore","buildConfig":{"runtime":"nodejs22","entryPoint":"mcAdminCreateStore","source":{"storageSource":{"bucket":"gcf-v2-sources-126482806042-us-central1","object":"mcAdminCreateStore/function-source.zip","generation":"1780951149350250"}},"environmentVariables":{"GOOGLE_NODE_RUN_SCRIPTS":""},"dockerRepository":"projects/mi-catalogo-de61a/locations/us-central1/repositories/gcf-artifacts","sourceProvenance":{"resolvedStorageSource":{"bucket":"gcf-v2-sources-126482806042-us-central1","object":"mcAdminCreateStore/function-source.zip","generation":"1780950188786569"}},"dockerRegistry":"ARTIFACT_REGISTRY","serviceAccount":"projects/mi-catalogo-de61a/serviceAccounts/126482806042-compute@developer.gserviceaccount.com","automaticUpdatePolicy":{}},"serviceConfig":{"service":"projects/mi-catalogo-de61a/locations/us-central1/services/mcadmincreatestore","timeoutSeconds":60,"environmentVariables":{"MC_PUBLIC_ORIGIN":"https://micatalogo.io","FIREBASE_CONFIG":"{\"projectId\":\"mi-catalogo-de61a\",\"storageBucket\":\"mi-catalogo-de61a.firebasestorage.app\"}","GCLOUD_PROJECT":"mi-catalogo-de61a","EVENTARC_CLOUD_EVENT_SOURCE":"projects/mi-catalogo-de61a/locations/us-central1/services/mcAdminCreateStore","FUNCTION_TARGET":"mcAdminCreateStore","LOG_EXECUTION_ID":"true"},"ingressSettings":"ALLOW_ALL","serviceAccountEmail":"126482806042-compute@developer.gserviceaccount.com","availableMemory":"256Mi","maxInstanceRequestConcurrency":80,"availableCpu":"1"},"state":"UNKNOWN","labels":{"deployment-callable":"true","firebase-functions-hash":"4de99a886713ecd58bcf1acd75f0735e944b8935"},"stateMessages":[{"severity":"ERROR","type":"CloudRunServiceNotFound","message":"Cloud Run service projects/mi-catalogo-de61a/locations/us-central1/services/mcadmincreatestore for the function was not found. The function will not work correctly. Please redeploy."}],"environment":"GEN_2","url":"https://us-central1-mi-catalogo-de61a.cloudfunctions.net/mcAdminCreateStore","satisfiesPzi":true},"stages":[{"name":"BUILD","message":"Build in progress","state":"IN_PROGRESS","resource":"projects/126482806042/locations/us-central1/builds/71817af1-ac16-49eb-9ed9-8794e19a8a31","resourceUri":"https://console.cloud.google.com/cloud-build/builds;region=us-central1/71817af1-ac16-49eb-9ed9-8794e19a8a31?project=126482806042"},{"name":"SERVICE","state":"NOT_STARTED"}],"operationType":"UPDATE_FUNCTION","buildName":"projects/126482806042/locations/us-central1/builds/71817af1-ac16-49eb-9ed9-8794e19a8a31"},"done":false}
winston:file: logged 1259984 [debug] [2026-06-08T20:39:37.256Z] <<< [apiv2][status] GET https://cloudfunctions.googleapis.com/v2/projects/mi-catalogo-de61a/locations/us-central1/operations/operation-1780951148545-653c4009246d9-569a3e2c-22ddf35d 200

winston:file: logged 1263262 [debug] [2026-06-08T20:39:37.257Z] <<< [apiv2][body] GET https://cloudfunctions.googleapis.com/v2/projects/mi-catalogo-de61a/locations/us-central1/operations/operation-1780951148545-653c4009246d9-569a3e2c-22ddf35d {"name":"projects/mi-catalogo-de61a/locations/us-central1/operations/operation-1780951148545-653c4009246d9-569a3e2c-22ddf35d","metadata":{"@type":"type.googleapis.com/google.cloud.functions.v2.OperationMetadata","createTime":"2026-06-08T20:39:09.405264120Z","target":"projects/mi-catalogo-de61a/locations/us-central1/functions/mcAdminCreateStore","verb":"update","cancelRequested":false,"apiVersion":"v2","requestResource":{"@type":"type.googleapis.com/google.cloud.functions.v2.Function","name":"projects/mi-catalogo-de61a/locations/us-central1/functions/mcAdminCreateStore","buildConfig":{"runtime":"nodejs22","entryPoint":"mcAdminCreateStore","source":{"storageSource":{"bucket":"gcf-v2-sources-126482806042-us-central1","object":"mcAdminCreateStore/function-source.zip","generation":"1780951149350250"}},"environmentVariables":{"GOOGLE_NODE_RUN_SCRIPTS":""},"dockerRepository":"projects/mi-catalogo-de61a/locations/us-central1/repositories/gcf-artifacts","sourceProvenance":{"resolvedStorageSource":{"bucket":"gcf-v2-sources-126482806042-us-central1","object":"mcAdminCreateStore/function-source.zip","generation":"1780950188786569"}},"dockerRegistry":"ARTIFACT_REGISTRY","serviceAccount":"projects/mi-catalogo-de61a/serviceAccounts/126482806042-compute@developer.gserviceaccount.com","automaticUpdatePolicy":{}},"serviceConfig":{"service":"projects/mi-catalogo-de61a/locations/us-central1/services/mcadmincreatestore","timeoutSeconds":60,"environmentVariables":{"MC_PUBLIC_ORIGIN":"https://micatalogo.io","FIREBASE_CONFIG":"{\"projectId\":\"mi-catalogo-de61a\",\"storageBucket\":\"mi-catalogo-de61a.firebasestorage.app\"}","GCLOUD_PROJECT":"mi-catalogo-de61a","EVENTARC_CLOUD_EVENT_SOURCE":"projects/mi-catalogo-de61a/locations/us-central1/services/mcAdminCreateStore","FUNCTION_TARGET":"mcAdminCreateStore","LOG_EXECUTION_ID":"true"},"ingressSettings":"ALLOW_ALL","serviceAccountEmail":"126482806042-compute@developer.gserviceaccount.com","availableMemory":"256Mi","maxInstanceRequestConcurrency":80,"availableCpu":"1"},"state":"UNKNOWN","labels":{"deployment-callable":"true","firebase-functions-hash":"4de99a886713ecd58bcf1acd75f0735e944b8935"},"stateMessages":[{"severity":"ERROR","type":"CloudRunServiceNotFound","message":"Cloud Run service projects/mi-catalogo-de61a/locations/us-central1/services/mcadmincreatestore for the function was not found. The function will not work correctly. Please redeploy."}],"environment":"GEN_2","url":"https://us-central1-mi-catalogo-de61a.cloudfunctions.net/mcAdminCreateStore","satisfiesPzi":true},"stages":[{"name":"BUILD","message":"Build in progress","state":"IN_PROGRESS","resource":"projects/126482806042/locations/us-central1/builds/71817af1-ac16-49eb-9ed9-8794e19a8a31","resourceUri":"https://console.cloud.google.com/cloud-build/builds;region=us-central1/71817af1-ac16-49eb-9ed9-8794e19a8a31?project=126482806042"},{"name":"SERVICE","state":"NOT_STARTED"}],"operationType":"UPDATE_FUNCTION","buildName":"projects/126482806042/locations/us-central1/builds/71817af1-ac16-49eb-9ed9-8794e19a8a31"},"done":false}

winston:file: written true false
[2026-06-08T20:39:47.262Z] [update-default-us-central1-mcAdminCreateStore] Retrying task index 0
winston:file: written true false
[2026-06-08T20:39:47.268Z] Checked if tokens are valid: true, expires at: 1780953737220
winston:file: written true false
[2026-06-08T20:39:47.268Z] Checked if tokens are valid: true, expires at: 1780953737220
winston:file: written true false
[2026-06-08T20:39:47.268Z] >>> [apiv2][query] GET https://cloudfunctions.googleapis.com/v2/projects/mi-catalogo-de61a/locations/us-central1/operations/operation-1780951148545-653c4009246d9-569a3e2c-22ddf35d [none]
winston:file: logged 1263367 [debug] [2026-06-08T20:39:47.262Z] [update-default-us-central1-mcAdminCreateStore] Retrying task index 0

winston:file: logged 1263463 [debug] [2026-06-08T20:39:47.268Z] Checked if tokens are valid: true, expires at: 1780953737220

winston:file: logged 1263559 [debug] [2026-06-08T20:39:47.268Z] Checked if tokens are valid: true, expires at: 1780953737220

winston:file: logged 1263781 [debug] [2026-06-08T20:39:47.268Z] >>> [apiv2][query] GET https://cloudfunctions.googleapis.com/v2/projects/mi-catalogo-de61a/locations/us-central1/operations/operation-1780951148545-653c4009246d9-569a3e2c-22ddf35d [none]

winston:file: written true false
[2026-06-08T20:39:47.715Z] <<< [apiv2][status] GET https://cloudfunctions.googleapis.com/v2/projects/mi-catalogo-de61a/locations/us-central1/operations/operation-1780951148545-653c4009246d9-569a3e2c-22ddf35d 200
winston:file: written true false
[2026-06-08T20:39:47.715Z] <<< [apiv2][body] GET https://cloudfunctions.googleapis.com/v2/projects/mi-catalogo-de61a/locations/us-central1/operations/operation-1780951148545-653c4009246d9-569a3e2c-22ddf35d {"name":"projects/mi-catalogo-de61a/locations/us-central1/operations/operation-1780951148545-653c4009246d9-569a3e2c-22ddf35d","metadata":{"@type":"type.googleapis.com/google.cloud.functions.v2.OperationMetadata","createTime":"2026-06-08T20:39:09.405264120Z","endTime":"2026-06-08T20:39:47.434800729Z","target":"projects/mi-catalogo-de61a/locations/us-central1/functions/mcAdminCreateStore","verb":"update","cancelRequested":false,"apiVersion":"v2","requestResource":{"@type":"type.googleapis.com/google.cloud.functions.v2.Function","name":"projects/mi-catalogo-de61a/locations/us-central1/functions/mcAdminCreateStore","buildConfig":{"runtime":"nodejs22","entryPoint":"mcAdminCreateStore","source":{"storageSource":{"bucket":"gcf-v2-sources-126482806042-us-central1","object":"mcAdminCreateStore/function-source.zip","generation":"1780951149350250"}},"environmentVariables":{"GOOGLE_NODE_RUN_SCRIPTS":""},"dockerRepository":"projects/mi-catalogo-de61a/locations/us-central1/repositories/gcf-artifacts","sourceProvenance":{"resolvedStorageSource":{"bucket":"gcf-v2-sources-126482806042-us-central1","object":"mcAdminCreateStore/function-source.zip","generation":"1780950188786569"}},"dockerRegistry":"ARTIFACT_REGISTRY","serviceAccount":"projects/mi-catalogo-de61a/serviceAccounts/126482806042-compute@developer.gserviceaccount.com","automaticUpdatePolicy":{}},"serviceConfig":{"service":"projects/mi-catalogo-de61a/locations/us-central1/services/mcadmincreatestore","timeoutSeconds":60,"environmentVariables":{"MC_PUBLIC_ORIGIN":"https://micatalogo.io","FIREBASE_CONFIG":"{\"projectId\":\"mi-catalogo-de61a\",\"storageBucket\":\"mi-catalogo-de61a.firebasestorage.app\"}","GCLOUD_PROJECT":"mi-catalogo-de61a","EVENTARC_CLOUD_EVENT_SOURCE":"projects/mi-catalogo-de61a/locations/us-central1/services/mcAdminCreateStore","FUNCTION_TARGET":"mcAdminCreateStore","LOG_EXECUTION_ID":"true"},"ingressSettings":"ALLOW_ALL","serviceAccountEmail":"126482806042-compute@developer.gserviceaccount.com","availableMemory":"256Mi","maxInstanceRequestConcurrency":80,"availableCpu":"1"},"state":"UNKNOWN","labels":{"deployment-callable":"true","firebase-functions-hash":"4de99a886713ecd58bcf1acd75f0735e944b8935"},"stateMessages":[{"severity":"ERROR","type":"CloudRunServiceNotFound","message":"Cloud Run service projects/mi-catalogo-de61a/locations/us-central1/services/mcadmincreatestore for the function was not found. The function will not work correctly. Please redeploy."}],"environment":"GEN_2","url":"https://us-central1-mi-catalogo-de61a.cloudfunctions.net/mcAdminCreateStore","satisfiesPzi":true},"stages":[{"name":"SERVICE","state":"NOT_STARTED"}],"operationType":"UPDATE_FUNCTION"},"done":true,"error":{"code":3,"message":"Build failed with status: FAILURE and message: function.js does not exist. For more details see the logs at https://console.cloud.google.com/cloud-build/builds;region=us-central1/71817af1-ac16-49eb-9ed9-8794e19a8a31?project=126482806042."}}
winston:file: written true false
[2026-06-08T20:39:47.715Z] Got source token undefined for region us-central1
winston:file: written true false
Build failed with status: FAILURE and message: function.js does not exist. For more details see the logs at https://console.cloud.google.com/cloud-build/builds;region=us-central1/71817af1-ac16-49eb-9ed9-8794e19a8a31?project=126482806042.
winston:file: written true false
[2026-06-08T20:39:47.721Z] Total Function Deployment time: 39391
winston:file: written true false
[2026-06-08T20:39:47.721Z] 1 Functions Deployed
winston:file: written true false
[2026-06-08T20:39:47.721Z] 1 Functions Errored
winston:file: written true false
[2026-06-08T20:39:47.721Z] 0 Function Deployments Aborted
winston:file: written true false
[2026-06-08T20:39:47.721Z] Average Function Deployment time: 39386
winston:file: written true false

winston:file: written true false
Functions deploy had errors with the following functions:
	mcAdminCreateStore(us-central1)
winston:file: written true false
[2026-06-08T20:39:47.722Z] Not printing URL for HTTPS function. Typically this means it didn't match a filter or we failed deployment
winston:file: written true false
[2026-06-08T20:39:47.723Z] Checked if tokens are valid: true, expires at: 1780953737220
winston:file: written true false
[2026-06-08T20:39:47.723Z] Checked if tokens are valid: true, expires at: 1780953737220
winston:file: written true false
[2026-06-08T20:39:47.723Z] >>> [apiv2][query] GET https://artifactregistry.googleapis.com/v1/projects/mi-catalogo-de61a/locations/us-central1/repositories/gcf-artifacts [none]
winston:file: logged 1264001 [debug] [2026-06-08T20:39:47.715Z] <<< [apiv2][status] GET https://cloudfunctions.googleapis.com/v2/projects/mi-catalogo-de61a/locations/us-central1/operations/operation-1780951148545-653c4009246d9-569a3e2c-22ddf35d 200

winston:file: logged 1267173 [debug] [2026-06-08T20:39:47.715Z] <<< [apiv2][body] GET https://cloudfunctions.googleapis.com/v2/projects/mi-catalogo-de61a/locations/us-central1/operations/operation-1780951148545-653c4009246d9-569a3e2c-22ddf35d {"name":"projects/mi-catalogo-de61a/locations/us-central1/operations/operation-1780951148545-653c4009246d9-569a3e2c-22ddf35d","metadata":{"@type":"type.googleapis.com/google.cloud.functions.v2.OperationMetadata","createTime":"2026-06-08T20:39:09.405264120Z","endTime":"2026-06-08T20:39:47.434800729Z","target":"projects/mi-catalogo-de61a/locations/us-central1/functions/mcAdminCreateStore","verb":"update","cancelRequested":false,"apiVersion":"v2","requestResource":{"@type":"type.googleapis.com/google.cloud.functions.v2.Function","name":"projects/mi-catalogo-de61a/locations/us-central1/functions/mcAdminCreateStore","buildConfig":{"runtime":"nodejs22","entryPoint":"mcAdminCreateStore","source":{"storageSource":{"bucket":"gcf-v2-sources-126482806042-us-central1","object":"mcAdminCreateStore/function-source.zip","generation":"1780951149350250"}},"environmentVariables":{"GOOGLE_NODE_RUN_SCRIPTS":""},"dockerRepository":"projects/mi-catalogo-de61a/locations/us-central1/repositories/gcf-artifacts","sourceProvenance":{"resolvedStorageSource":{"bucket":"gcf-v2-sources-126482806042-us-central1","object":"mcAdminCreateStore/function-source.zip","generation":"1780950188786569"}},"dockerRegistry":"ARTIFACT_REGISTRY","serviceAccount":"projects/mi-catalogo-de61a/serviceAccounts/126482806042-compute@developer.gserviceaccount.com","automaticUpdatePolicy":{}},"serviceConfig":{"service":"projects/mi-catalogo-de61a/locations/us-central1/services/mcadmincreatestore","timeoutSeconds":60,"environmentVariables":{"MC_PUBLIC_ORIGIN":"https://micatalogo.io","FIREBASE_CONFIG":"{\"projectId\":\"mi-catalogo-de61a\",\"storageBucket\":\"mi-catalogo-de61a.firebasestorage.app\"}","GCLOUD_PROJECT":"mi-catalogo-de61a","EVENTARC_CLOUD_EVENT_SOURCE":"projects/mi-catalogo-de61a/locations/us-central1/services/mcAdminCreateStore","FUNCTION_TARGET":"mcAdminCreateStore","LOG_EXECUTION_ID":"true"},"ingressSettings":"ALLOW_ALL","serviceAccountEmail":"126482806042-compute@developer.gserviceaccount.com","availableMemory":"256Mi","maxInstanceRequestConcurrency":80,"availableCpu":"1"},"state":"UNKNOWN","labels":{"deployment-callable":"true","firebase-functions-hash":"4de99a886713ecd58bcf1acd75f0735e944b8935"},"stateMessages":[{"severity":"ERROR","type":"CloudRunServiceNotFound","message":"Cloud Run service projects/mi-catalogo-de61a/locations/us-central1/services/mcadmincreatestore for the function was not found. The function will not work correctly. Please redeploy."}],"environment":"GEN_2","url":"https://us-central1-mi-catalogo-de61a.cloudfunctions.net/mcAdminCreateStore","satisfiesPzi":true},"stages":[{"name":"SERVICE","state":"NOT_STARTED"}],"operationType":"UPDATE_FUNCTION"},"done":true,"error":{"code":3,"message":"Build failed with status: FAILURE and message: function.js does not exist. For more details see the logs at https://console.cloud.google.com/cloud-build/builds;region=us-central1/71817af1-ac16-49eb-9ed9-8794e19a8a31?project=126482806042."}}

winston:file: logged 1267258 [debug] [2026-06-08T20:39:47.715Z] Got source token undefined for region us-central1

winston:file: logged 1267504 [error] Build failed with status: FAILURE and message: function.js does not exist. For more details see the logs at https://console.cloud.google.com/cloud-build/builds;region=us-central1/71817af1-ac16-49eb-9ed9-8794e19a8a31?project=126482806042.

winston:file: logged 1267577 [debug] [2026-06-08T20:39:47.721Z] Total Function Deployment time: 39391

winston:file: logged 1267633 [debug] [2026-06-08T20:39:47.721Z] 1 Functions Deployed

winston:file: logged 1267688 [debug] [2026-06-08T20:39:47.721Z] 1 Functions Errored

winston:file: logged 1267754 [debug] [2026-06-08T20:39:47.721Z] 0 Function Deployments Aborted

winston:file: logged 1267829 [debug] [2026-06-08T20:39:47.721Z] Average Function Deployment time: 39386

winston:file: logged 1267837 [info] 

winston:file: logged 1267935 [info] Functions deploy had errors with the following functions:
	mcAdminCreateStore(us-central1)

winston:file: logged 1268077 [debug] [2026-06-08T20:39:47.722Z] Not printing URL for HTTPS function. Typically this means it didn't match a filter or we failed deployment

winston:file: logged 1268173 [debug] [2026-06-08T20:39:47.723Z] Checked if tokens are valid: true, expires at: 1780953737220

winston:file: logged 1268269 [debug] [2026-06-08T20:39:47.723Z] Checked if tokens are valid: true, expires at: 1780953737220

winston:file: logged 1268453 [debug] [2026-06-08T20:39:47.723Z] >>> [apiv2][query] GET https://artifactregistry.googleapis.com/v1/projects/mi-catalogo-de61a/locations/us-central1/repositories/gcf-artifacts [none]

winston:file: written true false
[2026-06-08T20:39:48.174Z] <<< [apiv2][status] GET https://artifactregistry.googleapis.com/v1/projects/mi-catalogo-de61a/locations/us-central1/repositories/gcf-artifacts 200
winston:file: written true false
[2026-06-08T20:39:48.174Z] <<< [apiv2][body] GET https://artifactregistry.googleapis.com/v1/projects/mi-catalogo-de61a/locations/us-central1/repositories/gcf-artifacts {"name":"projects/mi-catalogo-de61a/locations/us-central1/repositories/gcf-artifacts","format":"DOCKER","description":"This repository is created and used by Cloud Functions for storing function docker images.","labels":{"goog-managed-by":"cloudfunctions"},"createTime":"2026-04-23T03:47:14.763799Z","updateTime":"2026-06-08T18:49:46.075922Z","mode":"STANDARD_REPOSITORY","cleanupPolicies":{"firebase-functions-cleanup":{"id":"firebase-functions-cleanup","action":"DELETE","condition":{"tagState":"ANY","olderThan":"86400s"}}},"sizeBytes":"115540410","vulnerabilityScanningConfig":{"lastEnableTime":"2026-04-23T03:47:06.601883132Z","enablementState":"SCANNING_DISABLED","enablementStateReason":"API containerscanning.googleapis.com is not enabled."},"satisfiesPzi":true,"registryUri":"us-central1-docker.pkg.dev/mi-catalogo-de61a/gcf-artifacts"}
winston:file: written true false
[2026-06-08T20:39:48.175Z] Functions deploy failed.
winston:file: written true false
[2026-06-08T20:39:48.175Z] {
  "endpoint": {
    "id": "mcAdminCreateStore",
    "project": "mi-catalogo-de61a",
    "region": "us-central1",
    "entryPoint": "mcAdminCreateStore",
    "platform": "gcfv2",
    "runtime": "nodejs22",
    "callableTrigger": {},
    "labels": {
      "deployment-tool": "cli-firebase"
    },
    "serviceAccount": null,
    "ingressSettings": null,
    "availableMemoryMb": null,
    "timeoutSeconds": null,
    "maxInstances": null,
    "minInstances": null,
    "concurrency": 80,
    "vpc": null,
    "environmentVariables": {
      "MC_PUBLIC_ORIGIN": "https://micatalogo.io",
      "FIREBASE_CONFIG": "{\"projectId\":\"mi-catalogo-de61a\",\"storageBucket\":\"mi-catalogo-de61a.firebasestorage.app\"}",
      "GCLOUD_PROJECT": "mi-catalogo-de61a",
      "EVENTARC_CLOUD_EVENT_SOURCE": "projects/mi-catalogo-de61a/locations/us-central1/services/mcAdminCreateStore"
    },
    "codebase": "default",
    "securityLevel": "SECURE_ALWAYS",
    "cpu": 1,
    "targetedByOnly": false,
    "hash": "4de99a886713ecd58bcf1acd75f0735e944b8935"
  },
  "op": "update",
  "original": {
    "name": "FirebaseError",
    "children": [],
    "exit": 1,
    "message": "Build failed with status: FAILURE and message: function.js does not exist. For more details see the logs at https://console.cloud.google.com/cloud-build/builds;region=us-central1/71817af1-ac16-49eb-9ed9-8794e19a8a31?project=126482806042.",
    "original": {
      "code": 3,
      "message": "Build failed with status: FAILURE and message: function.js does not exist. For more details see the logs at https://console.cloud.google.com/cloud-build/builds;region=us-central1/71817af1-ac16-49eb-9ed9-8794e19a8a31?project=126482806042."
    },
    "status": 3,
    "code": 3
  }
}
winston:file: written true false
[2026-06-08T20:39:48.182Z] Error: Failed to update function mcAdminCreateStore in region us-central1
    at /opt/homebrew/lib/node_modules/firebase-tools/lib/deploy/functions/release/fabricator.js:441:19
    at process.processTicksAndRejections (node:internal/process/task_queues:105:5)
    at async Fabricator.updateV2Function (/opt/homebrew/lib/node_modules/firebase-tools/lib/deploy/functions/release/fabricator.js:425:32)
    at async Fabricator.updateEndpoint (/opt/homebrew/lib/node_modules/firebase-tools/lib/deploy/functions/release/fabricator.js:161:13)
    at async handle (/opt/homebrew/lib/node_modules/firebase-tools/lib/deploy/functions/release/fabricator.js:90:17)
winston:file: written true false

winston:file: written true false
Error: There was an error deploying functions
winston:file: logged 1268635 [debug] [2026-06-08T20:39:48.174Z] <<< [apiv2][status] GET https://artifactregistry.googleapis.com/v1/projects/mi-catalogo-de61a/locations/us-central1/repositories/gcf-artifacts 200

winston:file: logged 1269657 [debug] [2026-06-08T20:39:48.174Z] <<< [apiv2][body] GET https://artifactregistry.googleapis.com/v1/projects/mi-catalogo-de61a/locations/us-central1/repositories/gcf-artifacts {"name":"projects/mi-catalogo-de61a/locations/us-central1/repositories/gcf-artifacts","format":"DOCKER","description":"This repository is created and used by Cloud Functions for storing function docker images.","labels":{"goog-managed-by":"cloudfunctions"},"createTime":"2026-04-23T03:47:14.763799Z","updateTime":"2026-06-08T18:49:46.075922Z","mode":"STANDARD_REPOSITORY","cleanupPolicies":{"firebase-functions-cleanup":{"id":"firebase-functions-cleanup","action":"DELETE","condition":{"tagState":"ANY","olderThan":"86400s"}}},"sizeBytes":"115540410","vulnerabilityScanningConfig":{"lastEnableTime":"2026-04-23T03:47:06.601883132Z","enablementState":"SCANNING_DISABLED","enablementStateReason":"API containerscanning.googleapis.com is not enabled."},"satisfiesPzi":true,"registryUri":"us-central1-docker.pkg.dev/mi-catalogo-de61a/gcf-artifacts"}

winston:file: logged 1269717 [debug] [2026-06-08T20:39:48.175Z] Functions deploy failed.

winston:file: logged 1271490 [debug] [2026-06-08T20:39:48.175Z] {
  "endpoint": {
    "id": "mcAdminCreateStore",
    "project": "mi-catalogo-de61a",
    "region": "us-central1",
    "entryPoint": "mcAdminCreateStore",
    "platform": "gcfv2",
    "runtime": "nodejs22",
    "callableTrigger": {},
    "labels": {
      "deployment-tool": "cli-firebase"
    },
    "serviceAccount": null,
    "ingressSettings": null,
    "availableMemoryMb": null,
    "timeoutSeconds": null,
    "maxInstances": null,
    "minInstances": null,
    "concurrency": 80,
    "vpc": null,
    "environmentVariables": {
      "MC_PUBLIC_ORIGIN": "https://micatalogo.io",
      "FIREBASE_CONFIG": "{\"projectId\":\"mi-catalogo-de61a\",\"storageBucket\":\"mi-catalogo-de61a.firebasestorage.app\"}",
      "GCLOUD_PROJECT": "mi-catalogo-de61a",
      "EVENTARC_CLOUD_EVENT_SOURCE": "projects/mi-catalogo-de61a/locations/us-central1/services/mcAdminCreateStore"
    },
    "codebase": "default",
    "securityLevel": "SECURE_ALWAYS",
    "cpu": 1,
    "targetedByOnly": false,
    "hash": "4de99a886713ecd58bcf1acd75f0735e944b8935"
  },
  "op": "update",
  "original": {
    "name": "FirebaseError",
    "children": [],
    "exit": 1,
    "message": "Build failed with status: FAILURE and message: function.js does not exist. For more details see the logs at https://console.cloud.google.com/cloud-build/builds;region=us-central1/71817af1-ac16-49eb-9ed9-8794e19a8a31?project=126482806042.",
    "original": {
      "code": 3,
      "message": "Build failed with status: FAILURE and message: function.js does not exist. For more details see the logs at https://console.cloud.google.com/cloud-build/builds;region=us-central1/71817af1-ac16-49eb-9ed9-8794e19a8a31?project=126482806042."
    },
    "status": 3,
    "code": 3
  }
}

winston:file: logged 1272178 [debug] [2026-06-08T20:39:48.182Z] Error: Failed to update function mcAdminCreateStore in region us-central1
    at /opt/homebrew/lib/node_modules/firebase-tools/lib/deploy/functions/release/fabricator.js:441:19
    at process.processTicksAndRejections (node:internal/process/task_queues:105:5)
    at async Fabricator.updateV2Function (/opt/homebrew/lib/node_modules/firebase-tools/lib/deploy/functions/release/fabricator.js:425:32)
    at async Fabricator.updateEndpoint (/opt/homebrew/lib/node_modules/firebase-tools/lib/deploy/functions/release/fabricator.js:161:13)
    at async handle (/opt/homebrew/lib/node_modules/firebase-tools/lib/deploy/functions/release/fabricator.js:90:17)

winston:file: logged 1272187 [error] 

winston:file: logged 1272241 [error] Error: There was an error deploying functions

